rank	target_id	source_id	source_revision	source_lines	form	normalized	part_of_speech	flags	morphology	token_count	document_count	zipf	audit_flags	decision_status
1	0331041b287cb7ab7b66941757ccb62c87167696809c57bc28ab5e9c62f9c816	kurdish-hunspell-kmr	88131d6878ef7fa3ee114aa554adc385ff85b44c	31833	qubalek	qubalek	noun_fem	F	po:noun_fem					pending
2	0331083352ec30d14f0ec291523f83ea88b73ae02ade26cd851a4ae63ddf9ab0	kurdish-hunspell-kmr	88131d6878ef7fa3ee114aa554adc385ff85b44c	7548	binêmî	binêmî	noun_fem	F	po:noun_fem					pending
3	0331f7e426ea9938ef1deb439e086c6ea994f660b91968cc5a43e2cfa4a2c7d1	kurdish-hunspell-kmr	88131d6878ef7fa3ee114aa554adc385ff85b44c	36319	teknîkîkirî	teknîkîkirî	adjective	AN	po:adj					pending
4	0332c9ca4fd44249eb463585493824df066b799afb0d886d831894a2a160b44e	kurdish-hunspell-kmr	88131d6878ef7fa3ee114aa554adc385ff85b44c	10604	bêgiramîtî	bêgiramîtî	noun_fem	F	po:noun_fem					pending
5	0336b3685a3db7a67a7e123a4ec42136149d6321e240f5887ef2000ad89775b4	kurdish-hunspell-kmr	88131d6878ef7fa3ee114aa554adc385ff85b44c	24571	lotandin	lotandin	verb	XF	po:verb					pending
6	0336f0e4c773afe3638da9b56636f74229d72789ae4ade819830f229cb15080a	kurdish-hunspell-kmr	88131d6878ef7fa3ee114aa554adc385ff85b44c	35841	sûçbarbûyî	sûçbarbûyî	adjective	AN	po:adj					pending
7	03386323f3ac8f123e60e19209ce557b06cc2ea21d7602f3233490dda093e921	kurdish-hunspell-kmr	88131d6878ef7fa3ee114aa554adc385ff85b44c	13820	daxilkirin	daxilkirin	noun_fem	F	po:noun_fem					pending
8	0338e38c18b4b9ad6ccc7db0c6f5add2f39717d4f2fb320fee96a52e4f78f66f	kurdish-hunspell-kmr	88131d6878ef7fa3ee114aa554adc385ff85b44c	14217	derdor	derdor	noun_fem	F	po:noun_fem					pending
9	033ca9f2d31b72ec547da56965651a02c2f43366256d78fcbf15743a7278cbd1	kurdish-hunspell-kmr	88131d6878ef7fa3ee114aa554adc385ff85b44c	15621	dûkêlkirin	dûkêlkirin	noun_fem	F	po:noun_fem					pending
10	03421ded9701d2d8466d2904e56d7d0e4f153787c937344081ded04e733f3958	kurdish-hunspell-kmr	88131d6878ef7fa3ee114aa554adc385ff85b44c	41059	zêdekirin	zêdekirin	noun_fem	F	po:noun_fem					pending
11	034345ad7fc4710ff28b3d16b0cf823295c9a94ec957e37352ca65e3b765e83e	kurdish-hunspell-kmr	88131d6878ef7fa3ee114aa554adc385ff85b44c	43216	şerbetxwarî	şerbetxwarî	adjective	AN	po:adj					pending
12	03445499b9f1a60abf9ec65a56a8a072d3a59f27615a079ce3b630e763a6f69e	kurdish-hunspell-kmr	88131d6878ef7fa3ee114aa554adc385ff85b44c	29909	piyale	piyale	noun_fem	F	po:noun_fem					pending
13	0344a4f2dd58168804aaf6eea1536ebb7b645ee9dbd0147ffe91127cc8e74ff8	kurdish-hunspell-kmr	88131d6878ef7fa3ee114aa554adc385ff85b44c	5684	bidaqurtandinî	bidaqurtandinî	adjective	AN	po:adj					pending
14	034647e7fa3f1f3b7877982ab29a0279f483d7fcfa275a8f424f3e514f87fe6f	kurdish-hunspell-kmr	88131d6878ef7fa3ee114aa554adc385ff85b44c	10330	bêdoxî	bêdoxî	noun_fem	F	po:noun_fem					pending
15	0347b67b29d0fe0032e8e07a57f51b2df4a7fd3ca4a0c9dc37aa1a24052c5e0a	kurdish-hunspell-kmr	88131d6878ef7fa3ee114aa554adc385ff85b44c	14161	derb	derb	noun_fem	F	po:noun_fem					pending
16	034d5e36d200e5ab11f9ad176ad67e0d12b928407cab87abf37dff4d89f9bbba	kurdish-hunspell-kmr	88131d6878ef7fa3ee114aa554adc385ff85b44c	7994	birewişt	birewişt	adjective	AN	po:adj					pending
17	034e3f9bba3033c4fd48c19261adc3a3778a31c53f6d045542367ccfc8328377	kurdish-hunspell-kmr	88131d6878ef7fa3ee114aa554adc385ff85b44c	7061	bimanî	bimanî	adjective	AN	po:adj					pending
18	034e7103e9cb24107e1b86af0cabe11fea1d99ba4bfb583f336db06a2490491a	kurdish-hunspell-kmr	88131d6878ef7fa3ee114aa554adc385ff85b44c	35386	stajkirî	stajkirî	adjective	AN	po:adj					pending
19	0350a320e03904ce1a915c60b2b3f4e9f44b4b3a77223232076a7a366d088ad3	kurdish-hunspell-kmr	88131d6878ef7fa3ee114aa554adc385ff85b44c	9471	bokser	bokser	noun_fem	F	po:noun_fem					pending
20	035254e76a20d73d53dd37781e1cd1dc087d059a66edf5af322b2c4dfc2866ef	kurdish-hunspell-kmr	88131d6878ef7fa3ee114aa554adc385ff85b44c	16965	ferixîn	ferixîn	noun_fem	F	po:noun_fem					pending
21	03549922cae8fd2b82dcd3def4e125eccaa32323853aecafb3bae2a2e9b1d503	kurdish-hunspell-kmr	88131d6878ef7fa3ee114aa554adc385ff85b44c	16808	fealiyetkirî	fealiyetkirî	adjective	AN	po:adj					pending
22	0354f74815e651be1926840a1da155ac8e5e05d8611f316fbda6498eb718c0a9	kurdish-hunspell-kmr	88131d6878ef7fa3ee114aa554adc385ff85b44c	23911	kêrbûn	kêrbûn	noun_fem	F	po:noun_fem					pending
23	03582f439965e4f082d17d53062a7f244f9d2197f026a9b11943d6e3dcb09ea1	kurdish-hunspell-kmr	88131d6878ef7fa3ee114aa554adc385ff85b44c	7728	bipêbirî	bipêbirî	adjective	AN	po:adj					pending
24	03591ad3d40691da8b81ef0b5e48a9c946905173fb153a71fcd3a002f526942f	kurdish-hunspell-kmr	88131d6878ef7fa3ee114aa554adc385ff85b44c	41498	çekbendbûn	çekbendbûn	noun_fem	F	po:noun_fem					pending
25	0359c7308202c80d3a84d557b5b1890ad3bf936a41dae733bc4aac2436d37ddb	kurdish-hunspell-kmr	88131d6878ef7fa3ee114aa554adc385ff85b44c	21050	hêsîbeskirî	hêsîbeskirî	adjective	AN	po:adj					pending
26	035b8e18774884b64a547223f5303aec437fdbbd9683b47147516121592df110	kurdish-hunspell-kmr	88131d6878ef7fa3ee114aa554adc385ff85b44c	34273	serbênek	serbênek	noun_fem	F	po:noun_fem					pending
27	035bc0fc524d990930ad1b65f9944946dde8a96406a14e08d6f37c38ad9ba9fb	kurdish-hunspell-kmr	88131d6878ef7fa3ee114aa554adc385ff85b44c	13396	cêwîdeng	cêwîdeng	noun_masc	M	po:noun_masc					pending
28	035c7e7e974bb9c6dddc8c3ee88e043a4f442ac4c1fe17ce2012635448d30cb2	kurdish-hunspell-kmr	88131d6878ef7fa3ee114aa554adc385ff85b44c	36805	teseledan	teseledan	noun_fem	F	po:noun_fem					pending
29	035eb0a2444f6abf8e3ab8fb5ebd4700983593bcd570f0189ac39af3eaf12200	kurdish-hunspell-kmr	88131d6878ef7fa3ee114aa554adc385ff85b44c	18491	golfvanî	golfvanî	noun_fem	F	po:noun_fem					pending
30	035ecfe5e08b242b89e7b4d7d53d85da5e747ec7c52eb766e49cf7752509b017	kurdish-hunspell-kmr	88131d6878ef7fa3ee114aa554adc385ff85b44c	14605	deyaxkirî	deyaxkirî	adjective	AN	po:adj					pending
31	035fdfde4ccdbbaab8b534ba9ca8b365edfb3934b78aa3359a41c048b3bb85be	kurdish-hunspell-kmr	88131d6878ef7fa3ee114aa554adc385ff85b44c	17248	firoher	firoher	noun_fem	F	po:noun_fem					pending
32	0360358d3fc69312fff275a71322179776ce77b302f861df983aa5e49416d23a	kurdish-hunspell-kmr	88131d6878ef7fa3ee114aa554adc385ff85b44c	31544	qeyale	qeyale	noun_fem	F	po:noun_fem					pending
33	0360fe8d8d704917f3c079153eedb172914d96ee8c73b451bc92dc15e3eb4e68	kurdish-hunspell-kmr	88131d6878ef7fa3ee114aa554adc385ff85b44c	17981	gerrgerrok	gerrgerrok	noun_fem	F	po:noun_fem					pending
34	0361a71f20fcf5e446d48dd95a153dfe0a0ce1280223310f1d236393970dc345	kurdish-hunspell-kmr	88131d6878ef7fa3ee114aa554adc385ff85b44c	37658	Têlîcan	têlîcan	noun_fem	F	po:noun_fem					pending
35	03637f6607f64f5ecc3def27f7aaebbc5e8469d8a819319ebbffd6156ec962b6	kurdish-hunspell-kmr	88131d6878ef7fa3ee114aa554adc385ff85b44c	30736	pîrozbûn	pîrozbûn	noun_fem	F	po:noun_fem					pending
36	03667af13e97715e0598a250439278de1964cdc04f1b0d6e1719ee71d3ce2601	kurdish-hunspell-kmr	88131d6878ef7fa3ee114aa554adc385ff85b44c	35545	suwol	suwol	adverb	R	po:adv					pending
37	0367243bfe99eb2e17bf2dac82f75011169a332bdb2a001aff00f66ce18ed27b	kurdish-hunspell-kmr	88131d6878ef7fa3ee114aa554adc385ff85b44c	19499	helpastin	helpastin	noun_fem	F	po:noun_fem					pending
38	0367250db162894872495a8a18aa3a6aabd0e869c88355e8da507cb7ae97b71d	kurdish-hunspell-kmr	88131d6878ef7fa3ee114aa554adc385ff85b44c	27443	nepakî	nepakî	noun_fem	F	po:noun_fem					pending
39	03679f6b017d40abed43cc987e0523bdf1bc039d5144bf719c5ee7a1e112f40c	kurdish-hunspell-kmr	88131d6878ef7fa3ee114aa554adc385ff85b44c	3031	bapor	bapor	noun_fem	F	po:noun_fem					pending
40	036a664bd9e31604a50ac3c57cc3ec54f88c8bfb6c57de6f4afa36e3fe176fc1	kurdish-hunspell-kmr	88131d6878ef7fa3ee114aa554adc385ff85b44c	21417	islûb	islûb	noun_fem	F	po:noun_fem					pending
41	036e81d2ed7e89f07b90c7a508ed01de5b1720e29ad0c1f775ebffb87ebf3586	kurdish-hunspell-kmr	88131d6878ef7fa3ee114aa554adc385ff85b44c	15133	dobekirin	dobekirin	noun_fem	F	po:noun_fem					pending
42	03700c5b73e25002b2c404ac9d6cd21e0a9c60be36a2854765886aac6f23c6b7	kurdish-hunspell-kmr	88131d6878ef7fa3ee114aa554adc385ff85b44c	41472	çavşorî	çavşorî	adjective	AN	po:adj					pending
43	037095e83b1719c3be12f8ebfa83e77d377cbc18059753dc5e7ad57f22f7567f	kurdish-hunspell-kmr	88131d6878ef7fa3ee114aa554adc385ff85b44c	8673	bivaştin	bivaştin	verb	XF	po:verb;is:infinitive_transitive_active;st:biv;lem:bivaştin					pending
44	0370df2dc0b26a36bd63d2a805e1976d592a1a749bc3eb80094438c625da57e2	kurdish-hunspell-kmr	88131d6878ef7fa3ee114aa554adc385ff85b44c	23537	kujdan	kujdan	noun_fem	F	po:noun_fem					pending
45	03721b43a29b75fcaaac4cec7782e296f6546edd9f6b2581f3d6105b6869f9e5	kurdish-hunspell-kmr	88131d6878ef7fa3ee114aa554adc385ff85b44c	7076	bimebest	bimebest	adjective	AN	po:adj					pending
46	03724c430ff49a3df00a82a28f64c99d8aca689b4f8f92df87bd725c54ffeff4	kurdish-hunspell-kmr	88131d6878ef7fa3ee114aa554adc385ff85b44c	2031	awante	awante	adjective	AN	po:adj					pending
47	0372de5121db212fb4f1f6b0f800808a6cf038e1756ddf40036d35f8602a8a9b	kurdish-hunspell-kmr	88131d6878ef7fa3ee114aa554adc385ff85b44c	13529	dafdan	dafdan	noun_fem	F	po:noun_fem					pending
48	037463f3013b8d557b09b7ed7aab11e066711bd1c4d4d47d43ed6c88fca2df58	kurdish-hunspell-kmr	88131d6878ef7fa3ee114aa554adc385ff85b44c	31776	qoltix	qoltix	noun_fem	F	po:noun_fem					pending
49	037812f73021cbb0dcd95be5f637f19aee4caa24297949ea11e6594e2250dea4	kurdish-hunspell-kmr	88131d6878ef7fa3ee114aa554adc385ff85b44c	25944	mihim	mihim	adjective	AN	po:adj					pending
50	0378938bcdb242d292487eda4ac7fb74bd85f26a88fecb73dd37a707cba1b344	kurdish-hunspell-kmr	88131d6878ef7fa3ee114aa554adc385ff85b44c	20473	hilmeşîn	hilmeşîn	verb	XF	po:verb					pending
51	037d11c86534be4a94baebe2a79d6be0b7b08ec4743918ede2312445c6c36088	kurdish-hunspell-kmr	88131d6878ef7fa3ee114aa554adc385ff85b44c	7511	binuqsanî	binuqsanî	noun_fem	F	po:noun_fem					pending
52	037ed992229bdc1bd0ca5c317bd2b2b4b7e3e87cd0c13adb3bdd9e697dfb82a6	kurdish-hunspell-kmr	88131d6878ef7fa3ee114aa554adc385ff85b44c	11237	bêkunc	bêkunc	adjective	AN	po:adj					pending
53	037f29c3cc491ca1732e42a6dadedea3d79db070d802b370e7c90baa9a247d3c	kurdish-hunspell-kmr	88131d6878ef7fa3ee114aa554adc385ff85b44c	38081	venêrîn	venêrîn	verb	XF	po:verb					pending
54	037f663c19b1f62dd72e0150495520a009f5257b409be818b1740eabab04b9b8	kurdish-hunspell-kmr	88131d6878ef7fa3ee114aa554adc385ff85b44c	30105	popûlerbûyî	popûlerbûyî	adjective	AN	po:adj					pending
55	038315fd596728e11e7d34a82aa90b9653f24daa47c66aca0aefbb91fc224517	kurdish-hunspell-kmr	88131d6878ef7fa3ee114aa554adc385ff85b44c	21228	hûkirin	hûkirin	noun_fem	F	po:noun_fem					pending
56	0383b7f2674d118e601c2909a43dfad68873d72479aa1ea81aa38945bf376453	kurdish-hunspell-kmr	88131d6878ef7fa3ee114aa554adc385ff85b44c	18872	gunehbarî	gunehbarî	noun_fem	F	po:noun_fem					pending
57	03885a6d250c013ee684320199f45268a116c7b9c1b15a9796f156d7b58bf60a	kurdish-hunspell-kmr	88131d6878ef7fa3ee114aa554adc385ff85b44c	28064	niştimanperwer	niştimanperwer	adjective	AN	po:adj					pending
58	038c2e50f7a838f7eb0d5abbbac1b3c010edbd2ab9bae7c0599946913fa89579	kurdish-hunspell-kmr	88131d6878ef7fa3ee114aa554adc385ff85b44c	6851	bikêmasîbûn	bikêmasîbûn	noun_fem	F	po:noun_fem					pending
59	038e5633b56d53852ae3c84ef159d31adbb6256f59a93c5dc73cfa4c7d6a192a	kurdish-hunspell-kmr	88131d6878ef7fa3ee114aa554adc385ff85b44c	26276	mistek	mistek	noun_fem	F	po:noun_fem					pending
60	0392fd88a3d40448bfd8764a1301d1227c744ea768fae67b57875804b675f17a	kurdish-hunspell-kmr	88131d6878ef7fa3ee114aa554adc385ff85b44c	15979	elewat	elewat	adjective	AN	po:adj					pending
61	03949b9e6b9c3e1a1aaebefdf51732ba601b86a74735ee9303ade07cee1058f0	kurdish-hunspell-kmr	88131d6878ef7fa3ee114aa554adc385ff85b44c	39086	xemlûxêl	xemlûxêl	adjective	AN	po:adj					pending
62	0399520ead7706154a7786d00eea83bd2ffb4a20fce02d5cb89b620ab096c6f1	kurdish-hunspell-kmr	88131d6878ef7fa3ee114aa554adc385ff85b44c	43247	şermezarîbûn	şermezarîbûn	noun_fem	F	po:noun_fem					pending
63	039c6964364b5f9c4a317af90efa89529c3137c92e85cd5ba62c58e34b907ac3	kurdish-hunspell-kmr	88131d6878ef7fa3ee114aa554adc385ff85b44c	19758	herwuha	herwuha	adverb	R	po:adv					pending
64	03a06f0225b0cd8b9078eda7895faa39f9152defd3864f6eb8cb694d266eaba1	kurdish-hunspell-kmr	88131d6878ef7fa3ee114aa554adc385ff85b44c	3921	belêpa	belêpa	adverb	R	po:adv					pending
65	03a17bde1ec154d812d9073f63f19151a04c6946e46934c357124359bba6063d	kurdish-hunspell-kmr	88131d6878ef7fa3ee114aa554adc385ff85b44c	27407	nemerdbûyî	nemerdbûyî	adjective	AN	po:adj					pending
66	03a74ed2511c05abf920f0f40c89e920640b32968a29ad13819375b332f7d04d	kurdish-hunspell-kmr	88131d6878ef7fa3ee114aa554adc385ff85b44c	8775	bixemjêxwarin	bixemjêxwarin	adjective	AN	po:adj					pending
67	03a7c2f3b02fa734f4297bfea90d64c21d1685155090297c84184735de75cf7a	kurdish-hunspell-kmr	88131d6878ef7fa3ee114aa554adc385ff85b44c	38519	wergerandin	wergerandin	noun_fem	F	po:noun_fem					pending
68	03a8c3e01169e5e7d836891c98aef50ba6c1b1c076547592d20fa6fcedf852aa	kurdish-hunspell-kmr	88131d6878ef7fa3ee114aa554adc385ff85b44c	24134	layiqbûyî	layiqbûyî	adjective	AN	po:adj					pending
69	03a97f28326f13b8ecd01c9fb8ecf5f5ba59af3fe19b93ddf216279e3ffa4b9f	kurdish-hunspell-kmr	88131d6878ef7fa3ee114aa554adc385ff85b44c	14517	devjûjî	devjûjî	adjective	AN	po:adj					pending
70	03abde0773ef8d52eaa317313e731e9fe52851a0bbec4f7906e2eeb7487c9798	kurdish-hunspell-kmr	88131d6878ef7fa3ee114aa554adc385ff85b44c	13392	curet	curet	noun_fem	F	po:noun_fem					pending
71	03ac503b58f77b660ced44fc0bf6335c3d693ae5bc7b57f741b28a54ed34ddf1	kurdish-hunspell-kmr	88131d6878ef7fa3ee114aa554adc385ff85b44c	11870	bêqanûnî	bêqanûnî	noun_fem	F	po:noun_fem					pending
72	03acedf8b810290e0f3a5996f6ad59eb3c933c4b4c784ad7b0cf70b475cef26b	kurdish-hunspell-kmr	88131d6878ef7fa3ee114aa554adc385ff85b44c	19561	hemk	hemk	noun_fem	F	po:noun_fem					pending
73	03ae46380dd9694114f893f75084273bfdcb67e32aa8990f99dd868f3fd2311b	kurdish-hunspell-kmr	88131d6878ef7fa3ee114aa554adc385ff85b44c	12255	bêwezîfe	bêwezîfe	adjective	AN	po:adj					pending
74	03afcddff6dfdf5605e1e84af0bd788467ffd4f6d8861a92a266de17b4c14bae	kurdish-hunspell-kmr	88131d6878ef7fa3ee114aa554adc385ff85b44c	40012	xwînpere	xwînpere	noun_fem	F	po:noun_fem					pending
75	03b0964732de3c4b8c35ad3c8a7abc40f7f459a3b5b8cc89c07f53af5f037b1d	kurdish-hunspell-kmr	88131d6878ef7fa3ee114aa554adc385ff85b44c	42532	îmal	îmal	noun_fem	F	po:noun_fem					pending
76	03b16a18388e60d1bd1a9197879daf044b30e90387f68271090c61b75d402d33	kurdish-hunspell-kmr	88131d6878ef7fa3ee114aa554adc385ff85b44c	12030	bêrûmetîkirin	bêrûmetîkirin	noun_fem	F	po:noun_fem					pending
77	03b2094f7434938cc1a78c48430e3a30bc5c8607b8a352cde056c92b0e0e4fda	kurdish-hunspell-kmr	88131d6878ef7fa3ee114aa554adc385ff85b44c	30129	Portsmouth	portsmouth	propn	ZF	po:propn					pending
78	03b235d0b2f78c61fc0520a9abdf0c3def75ac1edab53aa1fca7272fcc72635b	kurdish-hunspell-kmr	88131d6878ef7fa3ee114aa554adc385ff85b44c	25654	metbex	metbex	noun_fem	F	po:noun_fem					pending
79	03b32e863765448d3ebee3f887aca6a49ad0f076cbb537698dd24a29872bcbd3	kurdish-hunspell-kmr	88131d6878ef7fa3ee114aa554adc385ff85b44c	4481	berhevokî	berhevokî	noun_fem	F	po:noun_fem					pending
80	03b3a3fd6b37e73022521dbf42cb811aebe2633421d50460729f1865b6fec1c2	kurdish-hunspell-kmr	88131d6878ef7fa3ee114aa554adc385ff85b44c	24954	malînkarî	malînkarî	noun_fem	F	po:noun_fem					pending
81	03b51202f0f1d8fc88f1d8e3d89ed94dcc0582655094dd70b2412959049b6bd5	kurdish-hunspell-kmr	88131d6878ef7fa3ee114aa554adc385ff85b44c	11033	bêj	bêj	verb	V	po:verb;is:present_stem_transitive_active;st:bêj;lem:gotin					pending
82	03b52efc882cd91d5a80cbbd2e7ef6cc51bb05ede28759aa8c4d966b9e51e09d	kurdish-hunspell-kmr	88131d6878ef7fa3ee114aa554adc385ff85b44c	39529	xişt	xişt	noun_fem	F	po:noun_fem					pending
83	03b5539438ef1b3309f6a885846c54d6867382ab6efc13d823e1b15ef0374d9a	kurdish-hunspell-kmr	88131d6878ef7fa3ee114aa554adc385ff85b44c	16664	ezmandirêj	ezmandirêj	adjective	AN	po:adj					pending
84	03ba6e605db76bcc4cb711f5d10cb120c630a8e676e04d1eae5a91d526c08592	kurdish-hunspell-kmr	88131d6878ef7fa3ee114aa554adc385ff85b44c	27535	nerimbûn	nerimbûn	noun_fem	F	po:noun_fem					pending
85	03bc25b178557bf097440985e477ea791b4e5db2562a38e6e12f56f1f6aab906	kurdish-hunspell-kmr	88131d6878ef7fa3ee114aa554adc385ff85b44c	3384	bazinkirî	bazinkirî	adjective	AN	po:adj					pending
86	03bda44ba9cf9e24a9adb9c75ccb72f495a0c8ef3585c8f0e5a3b988030bd2a6	kurdish-hunspell-kmr	88131d6878ef7fa3ee114aa554adc385ff85b44c	22805	keşvanî	keşvanî	noun_fem	F	po:noun_fem					pending
87	03bf4fe57da2ee34c900cbbdbd8c7b21f7cb80b0f1f74989e7517ba85ddb7329	kurdish-hunspell-kmr	88131d6878ef7fa3ee114aa554adc385ff85b44c	28134	notir	notir	noun_fem	F	po:noun_fem					pending
88	03c339611effb584979bf5549a520004b3027a01157b3f3aca741cd8111185d5	kurdish-hunspell-kmr	88131d6878ef7fa3ee114aa554adc385ff85b44c	17219	Firenze	firenze	propn	ZF	po:propn					pending
89	03c4c9d6e5deea1088da1b06776073162a46751c9cdc471e118007b344649ec3	kurdish-hunspell-kmr	88131d6878ef7fa3ee114aa554adc385ff85b44c	8135	birêdanî	birêdanî	noun_fem	F	po:noun_fem					pending
90	03c59b1da7eb4c5a9de09fb7d337922b412c79420622f3847ad71063f755729b	kurdish-hunspell-kmr	88131d6878ef7fa3ee114aa554adc385ff85b44c	30741	pîrozwerbûn	pîrozwerbûn	noun_fem	F	po:noun_fem					pending
91	03c5aa887bee0ca1442145341be1bb321bcb65e6c0c89b76b0f7831a01bc17c8	kurdish-hunspell-kmr	88131d6878ef7fa3ee114aa554adc385ff85b44c	28953	paçve	paçve	noun_fem	F	po:noun_fem					pending
92	03c64707654fcfff6da9446b59681e36f5e546699630de7b7af5a71e428977d8	kurdish-hunspell-kmr	88131d6878ef7fa3ee114aa554adc385ff85b44c	37688	têrnexwar	têrnexwar	adjective	AN	po:adj					pending
93	03cc21881afe1c7c345f2742327ecd10c9c85ac63e5f1be876c0937831227bde	kurdish-hunspell-kmr	88131d6878ef7fa3ee114aa554adc385ff85b44c	39415	xiratxane	xiratxane	noun_fem	F	po:noun_fem					pending
94	03cc2b4005b9fd6b1217c69d21447ffdfba6eaeaa4d66f7189a8b3cbfad43332	kurdish-hunspell-kmr	88131d6878ef7fa3ee114aa554adc385ff85b44c	21385	iqtisadvanî	iqtisadvanî	noun_fem	F	po:noun_fem					pending
95	03cc8c29c78d96c25c503b610ed04f3a3422962e28cf4fede058e7ac1cabf9e6	kurdish-hunspell-kmr	88131d6878ef7fa3ee114aa554adc385ff85b44c	25202	meclisvanî	meclisvanî	noun_fem	F	po:noun_fem					pending
96	03cd01a14072ab281c0be67eef7fe25489c520d36e730e5261f045045d7cfcfd	kurdish-hunspell-kmr	88131d6878ef7fa3ee114aa554adc385ff85b44c	14111	dengûdor	dengûdor	noun_fem	F	po:noun_fem					pending
97	03cf49dc02ee5ba1e01b4ddb54b2f5fed090d112e8ab28e1eca5271ad4746046	kurdish-hunspell-kmr	88131d6878ef7fa3ee114aa554adc385ff85b44c	14977	dirandar	dirandar	adjective	AN	po:adj					pending
98	03d19d80676c41909d5a5a2d89eebfb83dd3564d784a6af3621f175eced2c33c	kurdish-hunspell-kmr	88131d6878ef7fa3ee114aa554adc385ff85b44c	16857	felcbûn	felcbûn	noun_fem	F	po:noun_fem					pending
99	03d4abda21dde4518aca55564abb7dfbeafd0d428a2667ecd790ee814a735629	kurdish-hunspell-kmr	88131d6878ef7fa3ee114aa554adc385ff85b44c	26992	nasayîş	nasayîş	noun_fem	F	po:noun_fem					pending
100	03dc5cbcd95be34d68af7abb6bfce474735c7116ec44b53999dabe813847a621	kurdish-hunspell-kmr	88131d6878ef7fa3ee114aa554adc385ff85b44c	27722	nexşand	nexşand	verb	T	po:verb;is:past_stem_transitive_active;st:nexş;lem:nexşandin					pending
101	03e287a7014e14fdb30cd2e74b063f084d51ab9227432c3e292954664fea0a49	kurdish-hunspell-kmr	88131d6878ef7fa3ee114aa554adc385ff85b44c	10976	bêhêçanî	bêhêçanî	noun_fem	F	po:noun_fem					pending
102	03e3cd126c22923dd5abc28a94b5c02a5f6a8d7c30d385c56dd67d471e02f580	kurdish-hunspell-kmr	88131d6878ef7fa3ee114aa554adc385ff85b44c	26503	moran	moran	noun_fem	F	po:noun_fem					pending
103	03e607619e639e0e99884555d0562f0b1f7664cd7440073bde051e8bd897e37b	kurdish-hunspell-kmr	88131d6878ef7fa3ee114aa554adc385ff85b44c	5934	biegaleyî	biegaleyî	noun_fem	F	po:noun_fem					pending
104	03e645b0f9674be165220190026b3b1e4ba95461616c47b69fb0041702286b86	kurdish-hunspell-kmr	88131d6878ef7fa3ee114aa554adc385ff85b44c	16073	emîsarane	emîsarane	adjective	AN	po:adj					pending
105	03e65666e3b3d2b0958edd1e693f50f618ebfa3e9606f52d077f3e0c6b144ed1	kurdish-hunspell-kmr	88131d6878ef7fa3ee114aa554adc385ff85b44c	13873	daûrandin	daûrandin	noun_fem	F	po:noun_fem					pending
106	03e69a94fb8e8022d8e4fc45ac30e5b12d46e108998e674a038213a97a6be30f	kurdish-hunspell-kmr	88131d6878ef7fa3ee114aa554adc385ff85b44c	34702	sewiye	sewiye	noun_fem	F	po:noun_fem					pending
107	03e8cc27f9aaaab5813dfcb74a208f9b464cc5a85a128c2350277752e1781000	kurdish-hunspell-kmr	88131d6878ef7fa3ee114aa554adc385ff85b44c	20599	hingijtin	hingijtin	verb	XF	po:verb					pending
108	03e8ef9fbd4d582e98c313b1718d4d6cecb55c1b28e99f45b0d76b7ad096dace	kurdish-hunspell-kmr	88131d6878ef7fa3ee114aa554adc385ff85b44c	1512	arxayîn	arxayîn	adjective	AN	po:adj					pending
109	03e91f4cc721889bf7ddd70b9d5ec1aafc95cf6ecdcb066d4353956710b457cf	kurdish-hunspell-kmr	88131d6878ef7fa3ee114aa554adc385ff85b44c	27780	neçak	neçak	adjective	AN	po:adj					pending
110	03ec73cebc1c8213af9051cc23449e888fd95240b0320cbb9d5185755a59bcfb	kurdish-hunspell-kmr	88131d6878ef7fa3ee114aa554adc385ff85b44c	4341	berevajîbûyî	berevajîbûyî	adjective	AN	po:adj					pending
111	03ed08cd66b4d1472b3444394b8c2c3a1d2c64dfbdc34708c233145ac11da65b	kurdish-hunspell-kmr	88131d6878ef7fa3ee114aa554adc385ff85b44c	3373	bazdanî	bazdanî	adjective	AN	po:adj					pending
112	03ee12bc0a8e6b5d9536c545737e6f000b285196e67dad95e2721adffea6d962	kurdish-hunspell-kmr	88131d6878ef7fa3ee114aa554adc385ff85b44c	4667	bersivkirî	bersivkirî	adjective	AN	po:adj					pending
113	03f230b116fbc8c188cfe7ce420a4753dc04ee96f8a5886971864d493a0e3c25	kurdish-hunspell-kmr	88131d6878ef7fa3ee114aa554adc385ff85b44c	15236	dorkirin	dorkirin	noun_fem	F	po:noun_fem					pending
114	03f4385533e73c2e27cf647ef353fa26313fea8bed2354ef0cc4eb2f0415a564	kurdish-hunspell-kmr	88131d6878ef7fa3ee114aa554adc385ff85b44c	38173	vezelokîbûn	vezelokîbûn	noun_fem	F	po:noun_fem					pending
115	03f43f29bae26ba0b1c680f1927d004d30e023fcb7347275c806b250222f2696	kurdish-hunspell-kmr	88131d6878ef7fa3ee114aa554adc385ff85b44c	22658	kevnebajar	kevnebajar	noun_fem	F	po:noun_fem					pending
116	03f4a7cfd8ab9ec157dd22d67de9f85007a505ea6e20500455e38ba85147f8d9	kurdish-hunspell-kmr	88131d6878ef7fa3ee114aa554adc385ff85b44c	12983	cenbelî	cenbelî	adjective	AN	po:adj					pending
117	03f5e520636503fcccbc882aed06e776ac5d975f54eb395c6e3564b6bbcadb32	kurdish-hunspell-kmr	88131d6878ef7fa3ee114aa554adc385ff85b44c	13588	dakirî	dakirî	adjective	AN	po:adj					pending
118	03f8f4b419ef22fd385b870030c3f7a4f4e01249d4aca54fca896076f2c168fc	kurdish-hunspell-kmr	88131d6878ef7fa3ee114aa554adc385ff85b44c	31876	qumar	qumar	noun_fem	F	po:noun_fem					pending
119	03f932aa00932f7196a9a419cf871dce94921cc5a7fb9be2eea8afe1b819cac2	kurdish-hunspell-kmr	88131d6878ef7fa3ee114aa554adc385ff85b44c	3646	behremendkirin	behremendkirin	noun_fem	F	po:noun_fem					pending
120	03f964acee9e205fb7122e58ff063545f01dc3ba6c126e65bbb9b6a36e75d075	kurdish-hunspell-kmr	88131d6878ef7fa3ee114aa554adc385ff85b44c	17105	feydexwaz	feydexwaz	noun_fem	F	po:noun_fem					pending
121	03fc2274054df3a8927e296eb72f30d61003fadcf326d9e1135f882288cd5595	kurdish-hunspell-kmr	88131d6878ef7fa3ee114aa554adc385ff85b44c	6321	bihemletî	bihemletî	noun_fem	F	po:noun_fem					pending
122	03fc32db8c67d3979b85564afe6d5fa31802a22a9a0557b81789c3a966fc8b44	kurdish-hunspell-kmr	88131d6878ef7fa3ee114aa554adc385ff85b44c	40358	zarezar	zarezar	noun_fem	F	po:noun_fem					pending
123	03fc7fba4d9c141c4c996e538afe4afa51b01ea1fbc81809996376a2ffe5a6c8	kurdish-hunspell-kmr	88131d6878ef7fa3ee114aa554adc385ff85b44c	31305	qenepe	qenepe	noun_fem	F	po:noun_fem;guheto=2					pending
124	03fcebb033a3cf7bb4d1f6d5b5edda8158b33e7fc2e2cdef05095d2c5f448990	kurdish-hunspell-kmr	88131d6878ef7fa3ee114aa554adc385ff85b44c	28909	pax	pax	noun_fem	F	po:noun_fem					pending
125	03fd73447419c7a52e620f0b0764f9076b5e9560bcff55bb8fa47600223be733	kurdish-hunspell-kmr	88131d6878ef7fa3ee114aa554adc385ff85b44c	35424	stereo	stereo	noun_fem	F	po:noun_fem					pending
126	03fef4043b35265ea76a3c082990f373b6009b87c50b035de16ad20d7f420c3d	kurdish-hunspell-kmr	88131d6878ef7fa3ee114aa554adc385ff85b44c	41850	çilwilîn	çilwilîn	noun_fem	F	po:noun_fem					pending
127	04012241be3cea81206d4bf559b4b8f33b1ac50738e45c699fa7a715b222016b	kurdish-hunspell-kmr	88131d6878ef7fa3ee114aa554adc385ff85b44c	4031	benîker	benîker	noun_fem	F	po:noun_fem					pending
128	0402b89bf677165290d1d0a3e1efe483c59bfc3f47bb2ccc55e2c9b134ea64a4	kurdish-hunspell-kmr	88131d6878ef7fa3ee114aa554adc385ff85b44c	42271	çû	çû	verb	I	po:verb;is:past_stem_intransitive_active;st:çû;lem:çûn					pending
129	0402ea93198785f245f6d0d6ac4474bbc2141774aad36e338eab806ff6a8376f	kurdish-hunspell-kmr	88131d6878ef7fa3ee114aa554adc385ff85b44c	3937	bembayî	bembayî	noun_fem	F	po:noun_fem					pending
130	04049c77a1ac38e7d7c91a81c3b9e77a4e797bf6def2f3f802e774a86ac49e80	kurdish-hunspell-kmr	88131d6878ef7fa3ee114aa554adc385ff85b44c	36523	tengavbûn	tengavbûn	noun_fem	F	po:noun_fem					pending
131	0405d60e95422aba9b7a13db5e53e2def24ab619657f37361fe5b4818ffa634c	kurdish-hunspell-kmr	88131d6878ef7fa3ee114aa554adc385ff85b44c	22741	kezeb	kezeb	noun_fem	F	po:noun_fem					pending
132	04064dda1422fe6d7e25e390de5bc7914f4251eaf673e38cc87a2f53ee128382	kurdish-hunspell-kmr	88131d6878ef7fa3ee114aa554adc385ff85b44c	13877	deban	deban	noun_fem	F	po:noun_fem					pending
133	04085a46492982c51901d895ab88b7a8d69350038b2383cd2e1b8095dde14f98	kurdish-hunspell-kmr	88131d6878ef7fa3ee114aa554adc385ff85b44c	19868	heter	heter	noun_fem	F	po:noun_fem					pending
134	0408f2cad05d2aa80c8767279d3a6b1f4a6f9fab90276057555d3c3b8d5d6e3c	kurdish-hunspell-kmr	88131d6878ef7fa3ee114aa554adc385ff85b44c	28513	organîzandî	organîzandî	adjective	AN	po:adj					pending
135	04092e8a7c0a280d44d0b65e3859f8ea1044c40589c46149aeb4e86e79340491	kurdish-hunspell-kmr	88131d6878ef7fa3ee114aa554adc385ff85b44c	1032	Amritsar	amritsar	propn	ZF	po:propn					pending
136	040c7d59c26d87576dff43286eff4001e3221d8d99b13ffc86856a579c16e28e	kurdish-hunspell-kmr	88131d6878ef7fa3ee114aa554adc385ff85b44c	26336	mixanet	mixanet	noun_fem	F	po:noun_fem					pending
137	040e12d02529cf30923ac8543a1920239a0817a61712b7de65a30e66ac2551dd	kurdish-hunspell-kmr	88131d6878ef7fa3ee114aa554adc385ff85b44c	8306	biserbanî	biserbanî	noun_fem	F	po:noun_fem					pending
138	0413e0d80866706a44e51ccbcf3b03545c0e0122e61c1225aac3d8c98ae25f76	kurdish-hunspell-kmr	88131d6878ef7fa3ee114aa554adc385ff85b44c	4666	bersivdar	bersivdar	adjective	AN	po:adj					pending
139	04172132941fc4cb0abc41af1126e47fec8b512d85eee7dfab115e5d6b97a375	kurdish-hunspell-kmr	88131d6878ef7fa3ee114aa554adc385ff85b44c	5564	bibêrêyî	bibêrêyî	noun_fem	F	po:noun_fem					pending
140	0419a289e1f5c1a9095c7990177d4c58ebc9ac490853dd572da9b81864a50e57	kurdish-hunspell-kmr	88131d6878ef7fa3ee114aa554adc385ff85b44c	16704	eşqiyatîkirin	eşqiyatîkirin	noun_fem	F	po:noun_fem					pending
141	041e189bf507a279af4773b3d8ddd08d2a9555e1c621142dd92b91aa8f2b4251	kurdish-hunspell-kmr	88131d6878ef7fa3ee114aa554adc385ff85b44c	20202	hewûg	hewûg	noun_masc	M	po:noun_masc					pending
142	041e5aa936884816aeda9b6ff579b06d8d6dfa2d58d32d8d08fcf9eb40712359	kurdish-hunspell-kmr	88131d6878ef7fa3ee114aa554adc385ff85b44c	16898	fenerxane	fenerxane	adjective	AN	po:adj					pending
143	0421fe91697db1b240c3d39048860ff08f4387ff97c8259a6c2389894098f210	kurdish-hunspell-kmr	88131d6878ef7fa3ee114aa554adc385ff85b44c	43357	Şeyma	şeyma	noun_fem	F	po:noun_fem					pending
144	0422e8d15eaa18e1943970db8d41242d733e2c57f2ce4ab0d261b76ca9808738	kurdish-hunspell-kmr	88131d6878ef7fa3ee114aa554adc385ff85b44c	15226	dorgirtin	dorgirtin	noun_fem	F	po:noun_fem					pending
145	0424fa46bd426b9dadbc4e0e4f29f905f85d2f50581935d790a81ec222f22824	kurdish-hunspell-kmr	88131d6878ef7fa3ee114aa554adc385ff85b44c	9078	bizmarfiroş	bizmarfiroş	noun_fem	F	po:noun_fem					pending
146	04254a05adc27e83b6906cf90d0f0df2151d037c764b72a8bbf4d2111e15cc43	kurdish-hunspell-kmr	88131d6878ef7fa3ee114aa554adc385ff85b44c	11937	bêrawestin	bêrawestin	adjective	AN	po:adj					pending
147	0425569e7ff5c21e67649efb7986672e815722a1a0e82d66562ee762c9a27bbf	kurdish-hunspell-kmr	88131d6878ef7fa3ee114aa554adc385ff85b44c	18040	gewre	gewre	adjective	AN	po:adj					pending
148	0425a6f21f004b2586251aff5477846208c8ccabdc997cae787fe6a76dcf90e9	kurdish-hunspell-kmr	88131d6878ef7fa3ee114aa554adc385ff85b44c	12350	bêzarbûyî	bêzarbûyî	adjective	AN	po:adj					pending
149	0425bda83e69c34f97f86789bbaed99045cf6e5fed33af3b0d32e3dac0f6bdf6	kurdish-hunspell-kmr	88131d6878ef7fa3ee114aa554adc385ff85b44c	43281	şerrenîxkirin	şerrenîxkirin	noun_fem	F	po:noun_fem					pending
150	042616388d5a17a3bd802ce49c1f94ec704d6b07976299779f277cca8b703f9b	kurdish-hunspell-kmr	88131d6878ef7fa3ee114aa554adc385ff85b44c	30567	pêşbirkvan	pêşbirkvan	noun_fem	F	po:noun_fem					pending
151	04267076cc005c797911b2776168fdbcd4f784f09750352ccc5da3b4cfffcbc7	kurdish-hunspell-kmr	88131d6878ef7fa3ee114aa554adc385ff85b44c	1330	arandinkî	arandinkî	noun_fem	F	po:noun_fem					pending
152	04281f67858818fb96f197ba742a92487770912dc91d1f9e93a61f0a53b17f04	kurdish-hunspell-kmr	88131d6878ef7fa3ee114aa554adc385ff85b44c	23886	kêmkirî	kêmkirî	adjective	AN	po:adj					pending
153	042896b47d2c2e525d881eb46448c85bda2846a05a4171192ba3516ad9dd9bdd	kurdish-hunspell-kmr	88131d6878ef7fa3ee114aa554adc385ff85b44c	25402	memil	memil	noun_fem	F	po:noun_fem					pending
154	042896f6e667896f81f8e1469bc42f820b88cd3b5a3388ee32ce291e84598d9c	kurdish-hunspell-kmr	88131d6878ef7fa3ee114aa554adc385ff85b44c	19636	heqîb	heqîb	noun_fem	F	po:noun_fem					pending
155	042c1356be1a3e0c7d3aaf8584359f7b3939a8f4656297481038484eaf7148cf	kurdish-hunspell-kmr	88131d6878ef7fa3ee114aa554adc385ff85b44c	41462	çavîk	çavîk	noun_fem	F	po:noun_fem					pending
156	04329e8b59122ea2e33c43d5b02fefbea2ad84f930dacd79a81290442e443ba6	kurdish-hunspell-kmr	88131d6878ef7fa3ee114aa554adc385ff85b44c	20957	hêlincîn	hêlincîn	noun_fem	F	po:noun_fem					pending
157	043304ba5e973b7fc56d2d813dcc83b88948d450c1b970de12d5d73523a09bb5	kurdish-hunspell-kmr	88131d6878ef7fa3ee114aa554adc385ff85b44c	40209	yekdilî	yekdilî	noun_fem	F	po:noun_fem					pending
158	04333f0c5c6631204da650dade8c16f276460739244c37b0262ec898e1c925f1	kurdish-hunspell-kmr	88131d6878ef7fa3ee114aa554adc385ff85b44c	4863	besimî	besimî	noun_fem	F	po:noun_fem					pending
159	043652db2487474ca3440a99ca255e021f9de9b250ec1016bf76428e9af4da16	kurdish-hunspell-kmr	88131d6878ef7fa3ee114aa554adc385ff85b44c	13415	cîhanî	cîhanî	adjective	AN	po:adj					pending
160	0436ad419a3d7fd6f6c90c6d23656bfc6ba218bd8ae060d2693bf16dcf939ba6	kurdish-hunspell-kmr	88131d6878ef7fa3ee114aa554adc385ff85b44c	40029	xwîşk	xwîşk	noun_fem	F	po:noun_fem					pending
161	0437768faf3f5c2518979f2d15d8215a4dd1a1b89fa9fb0c75ff31d2cc1d8fa8	kurdish-hunspell-kmr	88131d6878ef7fa3ee114aa554adc385ff85b44c	29667	pilepilkirin	pilepilkirin	noun_fem	F	po:noun_fem					pending
162	0437c33b4d104fdb67cafce77c4a5c0eb292a2522e01f9b30dbc2e719a2a647d	kurdish-hunspell-kmr	88131d6878ef7fa3ee114aa554adc385ff85b44c	5491	bibiratî	bibiratî	noun_fem	F	po:noun_fem					pending
163	043883445dedd2ee380af3a93eb5de3cf2253a41260e266fbdc833cece3cc90e	kurdish-hunspell-kmr	88131d6878ef7fa3ee114aa554adc385ff85b44c	26474	molekirin	molekirin	noun_fem	F	po:noun_fem					pending
164	043d60e947aeeaa8a61ddc0579b30f0b8cd92308fe2eeabdfd09941ce3266a14	kurdish-hunspell-kmr	88131d6878ef7fa3ee114aa554adc385ff85b44c	34187	seqetkirin	seqetkirin	noun_fem	F	po:noun_fem					pending
165	0440957aa3e7171623f2c095b879d9bb16db923be509c5be94ae3765cc0d4710	kurdish-hunspell-kmr	88131d6878ef7fa3ee114aa554adc385ff85b44c	29056	Pejna	pejna	noun_fem	F	po:noun_fem					pending
166	0440bcc74b1484563fcb1114bb94a5678d990b58c60d3f4829cf195a10b05e48	kurdish-hunspell-kmr	88131d6878ef7fa3ee114aa554adc385ff85b44c	25968	mihteşem	mihteşem	adjective	AN	po:adj					pending
167	04448167d04c33d502281bf924b7168402f059a4370234a205e09807dd0e17cc	kurdish-hunspell-kmr	88131d6878ef7fa3ee114aa554adc385ff85b44c	28058	niştergerî	niştergerî	noun_fem	F	po:noun_fem					pending
168	04462e3684ee02d1c78d0e533b1c510d4e2188d14f01cefc16cad04b05a99fed	kurdish-hunspell-kmr	88131d6878ef7fa3ee114aa554adc385ff85b44c	25722	mexlûbî	mexlûbî	noun_fem	F	po:noun_fem					pending
169	0446753eb90d70ca2d46bbea27c1554921b8bbaa3dead80c252e404db204fc57	kurdish-hunspell-kmr	88131d6878ef7fa3ee114aa554adc385ff85b44c	21977	karanîn	karanîn	noun_fem	F	po:noun_fem					pending
170	044842bc9c0a308802c7fb83bf8a5b604518cd534115c9a711b1bf4a1dee50bf	kurdish-hunspell-kmr	88131d6878ef7fa3ee114aa554adc385ff85b44c	3057	baqî	baqî	adjective	AN	po:adj					pending
171	044a4f3ea609a23fbbee37d71da00d497845dd1fbe45bbf0fdbde6743b874561	kurdish-hunspell-kmr	88131d6878ef7fa3ee114aa554adc385ff85b44c	9199	biçwîk	biçwîk	adjective	AN	po:adj					pending
172	044d84f5fd6f4f155f2b4e82c0ecac0fdbb4b32094b6acdb9e70e5c29b121c77	kurdish-hunspell-kmr	88131d6878ef7fa3ee114aa554adc385ff85b44c	30585	pêşekîkirî	pêşekîkirî	adjective	AN	po:adj					pending
173	044e516684848190df0359ef07ec11e4ceda2ae335642660ca3b2b86ab93ef60	kurdish-hunspell-kmr	88131d6878ef7fa3ee114aa554adc385ff85b44c	3648	behremendî	behremendî	noun_fem	F	po:noun_fem					pending
174	044fb6901acff43db32dffe8a9b0d74ae3e45e58e6b2464cbf9f61ddf0f14b08	kurdish-hunspell-kmr	88131d6878ef7fa3ee114aa554adc385ff85b44c	23997	kûje	kûje	noun_fem	F	po:noun_fem					pending
175	045271066a1eb33bd3794ea197f2e4183367333e34a9cb1b1ab30f98dc498989	kurdish-hunspell-kmr	88131d6878ef7fa3ee114aa554adc385ff85b44c	43052	şehtkirî	şehtkirî	adjective	AN	po:adj					pending
176	045906bd17d467a9bc864553fe374788cc81e7f8437eda068994c111a14ef58d	kurdish-hunspell-kmr	88131d6878ef7fa3ee114aa554adc385ff85b44c	6938	bilibasî	bilibasî	noun_fem	F	po:noun_fem					pending
177	045a5fcff9f1e416d1b1f9059c7b3d318f05525b5266f3c92429d78dbd73ea78	kurdish-hunspell-kmr	88131d6878ef7fa3ee114aa554adc385ff85b44c	22875	kin	kin	adjective	AN	po:adj					pending
178	045c0524e90949397d06f66f06480a39b7f99509d3d5f78e11411697da5e00bc	kurdish-hunspell-kmr	88131d6878ef7fa3ee114aa554adc385ff85b44c	3097	baregehvantî	baregehvantî	noun_fem	F	po:noun_fem					pending
179	045ec28f4fedeb3709cfb568d8ed8cd01bd06c3ea4b8e9af03e7b7be94682c40	kurdish-hunspell-kmr	88131d6878ef7fa3ee114aa554adc385ff85b44c	21079	hêvîdarbûn	hêvîdarbûn	noun_fem	F	po:noun_fem					pending
180	045fc01a302a2e85f7be6e2aa706fa3947983def133175329720f38a5ab16416	kurdish-hunspell-kmr	88131d6878ef7fa3ee114aa554adc385ff85b44c	27131	navûdeng	navûdeng	noun_fem	F	po:noun_fem					pending
181	0460bd3f042233d4a71c36afe7d32bb349acf60af796035e09f1cb57be7c0560	kurdish-hunspell-kmr	88131d6878ef7fa3ee114aa554adc385ff85b44c	185	acizkerî	acizkerî	noun_fem	F	po:noun_fem					pending
182	046361b1903fe2262e7a142a5d5ddb45e21c7edd58e905c1916ec589add1c59c	kurdish-hunspell-kmr	88131d6878ef7fa3ee114aa554adc385ff85b44c	26018	milahîm	milahîm	adjective	AN	po:adj					pending
183	04644b214149f25715a82c01822338e248caaf69a42650bc5fc8b651e44556e4	kurdish-hunspell-kmr	88131d6878ef7fa3ee114aa554adc385ff85b44c	6446	bihiz	bihiz	adjective	AN	po:adj					pending
184	046615044e92bcea86c319365417ef0465c615a56b566e89fffc8fe142a653cf	kurdish-hunspell-kmr	88131d6878ef7fa3ee114aa554adc385ff85b44c	30260	provokasyonkirî	provokasyonkirî	adjective	AN	po:adj					pending
185	0467282532459b885519d3df0c232896d7ea2fde1d0b69a46d163a876f420139	kurdish-hunspell-kmr	88131d6878ef7fa3ee114aa554adc385ff85b44c	10572	bêgaz	bêgaz	adjective	AN	po:adj					pending
186	046e579acb22798a408f026eca06600691000c1bf60a04191837de303d86af1a	kurdish-hunspell-kmr	88131d6878ef7fa3ee114aa554adc385ff85b44c	2496	aşopkirî	aşopkirî	adjective	AN	po:adj					pending
187	046ecd27f7b2842f244957683eaaaa1470f3cf5bbec54e4ccb7b56c8699c5d38	kurdish-hunspell-kmr	88131d6878ef7fa3ee114aa554adc385ff85b44c	11163	bêkesatîbûn	bêkesatîbûn	noun_fem	F	po:noun_fem					pending
188	046ee14823d2d0a1d0a6bee153c1127875275cd4bc0ec19103d98d468df5f370	kurdish-hunspell-kmr	88131d6878ef7fa3ee114aa554adc385ff85b44c	39798	xwehrovîç	xwehrovîç	adjective	AN	po:adj					pending
189	046f2064a7604a29c7859943c7c67a2613c0f33832341c1d040a6507fd635f2e	kurdish-hunspell-kmr	88131d6878ef7fa3ee114aa554adc385ff85b44c	28720	papîçok	papîçok	noun_fem	F	po:noun_fem					pending
190	04718a8c0d9871da500a8ec4c09dfa5d375d57dd76934f9183ee243ee75a9e04	kurdish-hunspell-kmr	88131d6878ef7fa3ee114aa554adc385ff85b44c	37792	tûerd	tûerd	noun_fem	F	po:noun_fem					pending
191	04730bb1b04cd270e98679eabcb43b5df630ffd11c65aff3a8488a28afed714e	kurdish-hunspell-kmr	88131d6878ef7fa3ee114aa554adc385ff85b44c	15580	dîsîplîn	dîsîplîn	noun_fem	F	po:noun_fem					pending
192	04730c6ca396a162a89fd48851bc4a060f53caa7dbe49ae6f302f7d381ccb963	kurdish-hunspell-kmr	88131d6878ef7fa3ee114aa554adc385ff85b44c	11498	bêmişkaneyî	bêmişkaneyî	noun_fem	F	po:noun_fem					pending
193	0473ccdea817481a7750267f0793fabceb8e2f859a9dd1063160cf2eb012fe74	kurdish-hunspell-kmr	88131d6878ef7fa3ee114aa554adc385ff85b44c	17616	fîzatî	fîzatî	adjective	AN	po:adj					pending
194	04755c1f10e6dfe5655ca4bb8976a254c63a7eed11682f3da2fa96cddb45c2c1	kurdish-hunspell-kmr	88131d6878ef7fa3ee114aa554adc385ff85b44c	18339	girse	girse	noun_fem	F	po:noun_fem					pending
195	0478a087aae2c304ec7f25b81322041cd70b698ace1001a25473877efa90ac22	kurdish-hunspell-kmr	88131d6878ef7fa3ee114aa554adc385ff85b44c	22837	kiland	kiland	verb	T	po:verb;is:past_stem_transitive_active;st:kil;lem:kilandin					pending
196	04791c236bac83850e8e320112348f799b57af4bf4895f9884c90efadc8cc61a	kurdish-hunspell-kmr	88131d6878ef7fa3ee114aa554adc385ff85b44c	40941	zivêrkirin	zivêrkirin	noun_fem	F	po:noun_fem					pending
197	047d14701cdc4857f05eaeeaed6cfa725f566f0d4619a641903f230749041e4a	kurdish-hunspell-kmr	88131d6878ef7fa3ee114aa554adc385ff85b44c	24818	Mabuk	mabuk	propn	ZF	po:propn					pending
198	047db840ad8c194caf573b76bfe8823a47689f9bc332a14da4f9d24d94f455bf	kurdish-hunspell-kmr	88131d6878ef7fa3ee114aa554adc385ff85b44c	35708	sînordan	sînordan	noun_fem	F	po:noun_fem					pending
199	047e9b8a55058d9973ee44d50d11334f48c38849e6d3ebea96ab87887ed89882	kurdish-hunspell-kmr	88131d6878ef7fa3ee114aa554adc385ff85b44c	36165	tebgirî	tebgirî	noun_fem	F	po:noun_fem					pending
200	0480b5f361c90ef2fb0610288e5ac2b8f94b504a4cb8a8667218d5a30ac15391	kurdish-hunspell-kmr	88131d6878ef7fa3ee114aa554adc385ff85b44c	23849	kêfxweşî	kêfxweşî	noun_fem	F	po:noun_fem					pending
201	0480f43ab7c29b57990bf4d1420acf36ffae4a81bce34ba88c19bb2770815158	kurdish-hunspell-kmr	88131d6878ef7fa3ee114aa554adc385ff85b44c	27688	newêrekîbûn	newêrekîbûn	noun_fem	F	po:noun_fem					pending
202	048443407f00b3b41048a04c5cfc29a2f553d384fbe30bbe8e9708454be17f63	kurdish-hunspell-kmr	88131d6878ef7fa3ee114aa554adc385ff85b44c	35283	sotoyî	sotoyî	noun_fem	F	po:noun_fem					pending
203	048503cab94030013e622a98ecddbe1704bf7c72f111730f9fc5470d8ddc5863	kurdish-hunspell-kmr	88131d6878ef7fa3ee114aa554adc385ff85b44c	23836	kêbirkvanî	kêbirkvanî	noun_fem	F	po:noun_fem					pending
204	0487a593d920941f5cd303d9ba55ab4cde76b49fa0b7c2e00090b58b781062f0	kurdish-hunspell-kmr	88131d6878ef7fa3ee114aa554adc385ff85b44c	24879	makeqanûn	makeqanûn	noun_fem	F	po:noun_fem					pending
205	0489df11850e743694268fe6f227ae9f550f1133df109d65e3b0aa545270abdd	kurdish-hunspell-kmr	88131d6878ef7fa3ee114aa554adc385ff85b44c	9963	bêbest	bêbest	adjective	AN	po:adj					pending
206	048cad8bf527ca95530f85e239dfac991cebbfc7fe2bf1bae23f0f7fb5e1233b	kurdish-hunspell-kmr	88131d6878ef7fa3ee114aa554adc385ff85b44c	7899	biqîmetî	biqîmetî	noun_fem	F	po:noun_fem					pending
207	0491db27969c2df9334c085a5e6c7b3cee8d89f2d8d633a23954a17d6670ee64	kurdish-hunspell-kmr	88131d6878ef7fa3ee114aa554adc385ff85b44c	33760	sansûrkirî	sansûrkirî	adjective	AN	po:adj					pending
208	049470591366f3b905e1df7099433fb8f813294f354d40d09b29380be8ab1642	kurdish-hunspell-kmr	88131d6878ef7fa3ee114aa554adc385ff85b44c	42224	çîrrokbêjtî	çîrrokbêjtî	noun_fem	F	po:noun_fem					pending
209	049471f188fcad393d39bcd09fbeef892b1f98e649c575f45380c1a0f43faa91	kurdish-hunspell-kmr	88131d6878ef7fa3ee114aa554adc385ff85b44c	21907	kamçokî	kamçokî	adjective	AN	po:adj					pending
210	0496ebf3b60d6d78fdc29365629ca9eaa8cd6fa306cc87847f9d34c72e87be64	kurdish-hunspell-kmr	88131d6878ef7fa3ee114aa554adc385ff85b44c	1658	astengdarane	astengdarane	adjective	AN	po:adj					pending
211	0497bc0db678f59f57c7cec79c3af5b0de9077f4018b32b2e08e9139d24e49e3	kurdish-hunspell-kmr	88131d6878ef7fa3ee114aa554adc385ff85b44c	28911	paxil	paxil	noun_fem	F	po:noun_fem					pending
212	049904f993630f44fdfbba259b2b888f4492752e83e66c7de2ed6bd789fb6eb4	kurdish-hunspell-kmr	88131d6878ef7fa3ee114aa554adc385ff85b44c	29581	peyvname	peyvname	noun_fem	F	po:noun_fem					pending
213	049e330c0f3f1643564d3e3f71a08b47358696c99d84623a369e4d802f6bffcc	kurdish-hunspell-kmr	88131d6878ef7fa3ee114aa554adc385ff85b44c	14246	dergûş	dergûş	noun_fem	F	po:noun_fem					pending
214	04a18a51b6f8e0895bd512edf12acde8dfae9b63e023ca845a773482fcf25101	kurdish-hunspell-kmr	88131d6878ef7fa3ee114aa554adc385ff85b44c	9316	bişerkerî	bişerkerî	noun_fem	F	po:noun_fem					pending
215	04a1e037a726f918b065e2fc076222c4f893ef76d320a5dc7f7d133853d3f0cd	kurdish-hunspell-kmr	88131d6878ef7fa3ee114aa554adc385ff85b44c	9086	bizmikkirin	bizmikkirin	noun_fem	F	po:noun_fem					pending
216	04a238d6671222501d1fdfa936482e88058c22f3acb10fff579db1c23aa21377	kurdish-hunspell-kmr	88131d6878ef7fa3ee114aa554adc385ff85b44c	19207	hazir	hazir	adjective	AN	po:adj					pending
217	04a4ed1197d5d7d828a412cab97e1a44b06ddf32b5e27ef1605a85950fd53e74	kurdish-hunspell-kmr	88131d6878ef7fa3ee114aa554adc385ff85b44c	36473	temîgirî	temîgirî	noun_fem	F	po:noun_fem					pending
218	04aa200ce1a1be2dd3ff426f74c1d61e264176d567e642f2587c36da3bef17fc	kurdish-hunspell-kmr	88131d6878ef7fa3ee114aa554adc385ff85b44c	10103	bêbîtaqeyî	bêbîtaqeyî	noun_fem	F	po:noun_fem					pending
219	04ad50d0fd0e943404e756adbed66b3e3fa1d6d8edf039799e52208e099b2c37	kurdish-hunspell-kmr	88131d6878ef7fa3ee114aa554adc385ff85b44c	10225	bêdengeyî	bêdengeyî	noun_fem	F	po:noun_fem					pending
220	04b1fd4e1a182e7dc6a4af282264dbd49e80cdce8b2119d76baf06fdb7e8c388	kurdish-hunspell-kmr	88131d6878ef7fa3ee114aa554adc385ff85b44c	20954	hêlekan	hêlekan	noun_fem	F	po:noun_fem					pending
221	04b5f10a0bb26499b481a264e5ce32067f97f2b99706c8094bed351f295eb1db	kurdish-hunspell-kmr	88131d6878ef7fa3ee114aa554adc385ff85b44c	13527	Dadyar	dadyar	noun_masc	M	po:noun_masc					pending
222	04b6ea09a85247d5f45a4d8f23ccf392453e1617fd89c96f23e4987eb7765b1a	kurdish-hunspell-kmr	88131d6878ef7fa3ee114aa554adc385ff85b44c	24742	lînçane	lînçane	adjective	AN	po:adj					pending
223	04b711cdd50b593de2e47c7c58886c0732578b25388f4f3d301296417113fe48	kurdish-hunspell-kmr	88131d6878ef7fa3ee114aa554adc385ff85b44c	25225	medorkirin	medorkirin	noun_fem	F	po:noun_fem					pending
224	04b83a6e98480e7f21a2775dfda31d49ab07625bf175b3554ba2644d09bff5f5	kurdish-hunspell-kmr	88131d6878ef7fa3ee114aa554adc385ff85b44c	35169	skotîn	skotîn	noun_fem	F	po:noun_fem					pending
225	04b935c2c2444580b657f223bfbbea820943cfee4790879c7ea0535963a2dd5b	kurdish-hunspell-kmr	88131d6878ef7fa3ee114aa554adc385ff85b44c	3531	bedilkirî	bedilkirî	adjective	AN	po:adj					pending
226	04b98c240227c12e6658b4eba6958b2606725ab29b4c94d9d17180de0f76ce1a	kurdish-hunspell-kmr	88131d6878ef7fa3ee114aa554adc385ff85b44c	27796	neçêbûyî	neçêbûyî	adjective	AN	po:adj					pending
227	04bb467df6515a475b6429e1dc5cd8f18a2d7e1eedb5298ec97821e6448640ca	kurdish-hunspell-kmr	88131d6878ef7fa3ee114aa554adc385ff85b44c	11667	bênirxkirin	bênirxkirin	noun_fem	F	po:noun_fem					pending
228	04c39f10a96c7b037e75c9597e8b7fd89b4848b508c57097ae777bb682b52934	kurdish-hunspell-kmr	88131d6878ef7fa3ee114aa554adc385ff85b44c	27323	nehengkirî	nehengkirî	adjective	AN	po:adj					pending
229	04c89d56c9fcff152454b6cd61f9f034ea8ebb14294f5afd635664a2beb01595	kurdish-hunspell-kmr	88131d6878ef7fa3ee114aa554adc385ff85b44c	35351	sport	sport	noun_fem	F	po:noun_fem					pending
230	04c9d8e93e1fd70cebf4fc09f9cdac37fec9c2496d8bbdb4150c6fd926fb4be6	kurdish-hunspell-kmr	88131d6878ef7fa3ee114aa554adc385ff85b44c	21435	istifade	istifade	noun_fem	F	po:noun_fem					pending
231	04ca74006e979c4262002b5b27ba8e7ba24acea46c1b36378bae77e33884b87c	kurdish-hunspell-kmr	88131d6878ef7fa3ee114aa554adc385ff85b44c	23259	komîkî	komîkî	noun_fem	F	po:noun_fem					pending
232	04cb42bf9e9840beb5b27424ad60bbf70d7c9065b37a3f96a8ab3c561a0663df	kurdish-hunspell-kmr	88131d6878ef7fa3ee114aa554adc385ff85b44c	22906	kip	kip	noun_fem	F	po:noun_fem					pending
233	04cc072d4b8317665febafaf86373152f421b19de4e3b297a673bd5c7d3af688	kurdish-hunspell-kmr	88131d6878ef7fa3ee114aa554adc385ff85b44c	11788	bêperiştîş	bêperiştîş	adjective	AN	po:adj					pending
234	04cc704eeb0e4784ea09b02af7aa4a0e52727514dbd6c87d49130f66035104a4	kurdish-hunspell-kmr	88131d6878ef7fa3ee114aa554adc385ff85b44c	40011	xwînpare	xwînpare	noun_fem	F	po:noun_fem					pending
235	04cf27b3975190ae7e302d6e37ff6d592106d57f3a6c1e6e165ee8dfd837988c	kurdish-hunspell-kmr	88131d6878ef7fa3ee114aa554adc385ff85b44c	34476	serkolî	serkolî	noun_fem	F	po:noun_fem					pending
236	04d38207d80db8c81aae2acdf952bcf9df7312be81ef1cc645af3e1bd0ab5129	kurdish-hunspell-kmr	88131d6878ef7fa3ee114aa554adc385ff85b44c	14831	dilpakî	dilpakî	noun_fem	F	po:noun_fem					pending
237	04d4fbc33b00c5d01acff0757954f892121499d6317857024dc86ed72d6daa71	kurdish-hunspell-kmr	88131d6878ef7fa3ee114aa554adc385ff85b44c	2709	bajarbûyî	bajarbûyî	adjective	AN	po:adj					pending
238	04d78534edef2ada3c3ad0a79065561f2d3f193c0535df5ec8d02d3f76e24ae7	kurdish-hunspell-kmr	88131d6878ef7fa3ee114aa554adc385ff85b44c	33956	sefînevanî	sefînevanî	noun_fem	F	po:noun_fem					pending
239	04d8e0deceb9d4c3cb13f6d68b8b00258a564780445be1835d04ffe1e7200d09	kurdish-hunspell-kmr	88131d6878ef7fa3ee114aa554adc385ff85b44c	9112	bizêdehîtî	bizêdehîtî	noun_fem	F	po:noun_fem					pending
240	04db9f3f758c6be11526f6db38aedf9ca53d97ac14c9c3d28aa85cdf0289d462	kurdish-hunspell-kmr	88131d6878ef7fa3ee114aa554adc385ff85b44c	6620	bijibarîtî	bijibarîtî	noun_fem	F	po:noun_fem					pending
241	04ddcc14e2631ec10a2dd0935e3a00d2299474692c6aff2c78a9bbd6ecdb6cde	kurdish-hunspell-kmr	88131d6878ef7fa3ee114aa554adc385ff85b44c	22253	kek	kek	noun_masc	M	po:noun_masc					pending
242	04e4ba68945e01ce6f021dc585f9c166e654acea281b8bba2f75983765e74507	kurdish-hunspell-kmr	88131d6878ef7fa3ee114aa554adc385ff85b44c	28646	paldank	paldank	noun_fem	F	po:noun_fem					pending
243	04e56b79a898969e325929c02a93c243c05645902054ae8b9ab1591fd8b825fb	kurdish-hunspell-kmr	88131d6878ef7fa3ee114aa554adc385ff85b44c	32971	ripinkirî	ripinkirî	adjective	AN	po:adj					pending
244	04e5fd9c250ad42937091ab20c7b9cd80d24cfce00bb736bd6a598d599e860bb	kurdish-hunspell-kmr	88131d6878ef7fa3ee114aa554adc385ff85b44c	26763	mîkro-organîzma	mîkro-organîzma	noun_fem	F	po:noun_fem					pending
245	04e97c0454468bef24ef5c80865d044197b449d5f625cfa850805950e5a1c7a0	kurdish-hunspell-kmr	88131d6878ef7fa3ee114aa554adc385ff85b44c	1833	avdan	avdan	noun_fem	F	po:noun_fem					pending
246	04ec181306c42d743c588eab6a7380c46eb12f422dcd59e17bb77b3a229fe83c	kurdish-hunspell-kmr	88131d6878ef7fa3ee114aa554adc385ff85b44c	14989	diravî	diravî	adjective	AN	po:adj					pending
247	04ec42f99da44b246f3f9b53729c5e43f16f587fafb4fbde390d12addd8d884c	kurdish-hunspell-kmr	88131d6878ef7fa3ee114aa554adc385ff85b44c	17739	gazinname	gazinname	noun_fem	F	po:noun_fem					pending
248	04ec5951f821e7492cfa61f1ae17731905493a799a9cbb4034d83d3167184e9c	kurdish-hunspell-kmr	88131d6878ef7fa3ee114aa554adc385ff85b44c	10810	bêhevî	bêhevî	noun_fem	F	po:noun_fem					pending
249	04ee70490410649065d5b25c61d2c7fa0e1b424b64816a19798d1a2d43533701	kurdish-hunspell-kmr	88131d6878ef7fa3ee114aa554adc385ff85b44c	36457	temkîndar	temkîndar	adjective	AN	po:adj					pending
250	04f193c60bfd71e8c269c07591c351c78b4c0d721ee946074c577eea75710ac9	kurdish-hunspell-kmr	88131d6878ef7fa3ee114aa554adc385ff85b44c	36880	tevdîr	tevdîr	noun_fem	F	po:noun_fem					pending
251	04f22404f760f3b985b3da5636a577d7ea0cf97305b06b0381378a73e34f98b5	kurdish-hunspell-kmr	88131d6878ef7fa3ee114aa554adc385ff85b44c	4200	berbeḧis	berbeḧis	adjective	AN	po:adj					pending
252	04f50e8a8a2d1ef79716dd8b4811cef6536af1a29acb5e17c841b3fb8374294b	kurdish-hunspell-kmr	88131d6878ef7fa3ee114aa554adc385ff85b44c	35039	sirke	sirke	noun_fem	F	po:noun_fem					pending
253	04f73fddeb11084dd744ae4b7135117a94c6306387fd66aa3bec9d473a9490a9	kurdish-hunspell-kmr	88131d6878ef7fa3ee114aa554adc385ff85b44c	17279	firrnîk	firrnîk	noun_fem	F	po:noun_fem					pending
254	04f80c9a7abcd1ca8194ed67541bd22c179034193720f49625e928c2e6caeb52	kurdish-hunspell-kmr	88131d6878ef7fa3ee114aa554adc385ff85b44c	42114	çêjdarî	çêjdarî	noun_fem	F	po:noun_fem					pending
255	04fa0425625c202e62ead4b9e9454cd54962aa74a79f9906d660156ea5dc5ed2	kurdish-hunspell-kmr	88131d6878ef7fa3ee114aa554adc385ff85b44c	24973	mamostetîkirî	mamostetîkirî	adjective	AN	po:adj					pending
256	04fa827790ab06831f4176c4721913d1ad5cc457cb01e034097adea753fc2467	kurdish-hunspell-kmr	88131d6878ef7fa3ee114aa554adc385ff85b44c	37698	têvedan	têvedan	noun_fem	F	po:noun_fem					pending
257	04fb6bbc796463c666b200b2dd28f533e492234781ecbeb1163a8b8b19d52875	kurdish-hunspell-kmr	88131d6878ef7fa3ee114aa554adc385ff85b44c	18911	gurcî	gurcî	adjective	AN	po:adj					pending
258	04febbc110a507c02f0589aaab7c3cbb4ae88f866f0726b9c78b948546066ceb	kurdish-hunspell-kmr	88131d6878ef7fa3ee114aa554adc385ff85b44c	235	adetkirin	adetkirin	noun_fem	F	po:noun_fem					pending
259	04ffafedc2b3c2b13f40c33b1a80c91eb8845fd8d26a699b75cc97c013fffdd9	kurdish-hunspell-kmr	88131d6878ef7fa3ee114aa554adc385ff85b44c	26225	misadedan	misadedan	noun_fem	F	po:noun_fem					pending
260	0501c4f6b80bfa533d8948b402af9faf365df6267e1357dc22bc21683993d7a1	kurdish-hunspell-kmr	88131d6878ef7fa3ee114aa554adc385ff85b44c	32349	rawêtin	rawêtin	noun_fem	F	po:noun_fem					pending
261	05033ad7a04fb82fac4ae88de77b156cfb05c578145d16433538e1e496cf75c0	kurdish-hunspell-kmr	88131d6878ef7fa3ee114aa554adc385ff85b44c	994	amfetamîn	amfetamîn	noun_fem	F	po:noun_fem					pending
262	0506e204f47c8df17c0c7912a288c6fdf01a94b613bf4c02f4a9974d7f416bbe	kurdish-hunspell-kmr	88131d6878ef7fa3ee114aa554adc385ff85b44c	2164	axlemî	axlemî	adverb	R	po:adv					pending
263	0506fa07ae9e0c401a201d989124d7a9c9d0e179b9ef32fda3b9237daa48b7cb	kurdish-hunspell-kmr	88131d6878ef7fa3ee114aa554adc385ff85b44c	14001	delek	delek	noun_masc	M	po:noun_masc					pending
264	0507623336ffed1ec27a20967e0eb5ac67e4dbf0d00f7581e65e72c95643b15e	kurdish-hunspell-kmr	88131d6878ef7fa3ee114aa554adc385ff85b44c	7560	binîşaneyî	binîşaneyî	noun_fem	F	po:noun_fem					pending
265	0508dec600d7f5a1b70fa6138a56ea98f6069a02bc029614af20deee27ff265e	kurdish-hunspell-kmr	88131d6878ef7fa3ee114aa554adc385ff85b44c	31969	qusandîbûn	qusandîbûn	noun_fem	F	po:noun_fem					pending
266	0508fc0809dfc57832f15aaff63a7eeb6aa0a680dab122830bf70306e9c2af20	kurdish-hunspell-kmr	88131d6878ef7fa3ee114aa554adc385ff85b44c	15129	do	do	adverb	R	po:adv					pending
267	050e059f414bb78248ea159381a4cfdad344a171f4c7669e8ce60ae067fa24ed	kurdish-hunspell-kmr	88131d6878ef7fa3ee114aa554adc385ff85b44c	26197	mirt	mirt	noun_fem	F	po:noun_fem					pending
268	050e364127c8c21eb69ae0cd67d12956c72e37bd20eeca90024e90b7053c3258	kurdish-hunspell-kmr	88131d6878ef7fa3ee114aa554adc385ff85b44c	7586	bipakîtî	bipakîtî	noun_fem	F	po:noun_fem					pending
269	050e66fd32aeca6fe5418fee79d7c0df39aabe84e8ffc6445a3e43c7df9952b8	kurdish-hunspell-kmr	88131d6878ef7fa3ee114aa554adc385ff85b44c	10584	bêgerewî	bêgerewî	noun_fem	F	po:noun_fem					pending
270	0510c49b3afc382cb04bd1955b04aabe2fd838a9b2b27c1a4a37cd60ea4e98d9	kurdish-hunspell-kmr	88131d6878ef7fa3ee114aa554adc385ff85b44c	13273	ciwêndan	ciwêndan	noun_fem	F	po:noun_fem					pending
271	0511197c7c867e1404fc4618758c7736f2f0ae61f45cb5004aced80b06d94f71	kurdish-hunspell-kmr	88131d6878ef7fa3ee114aa554adc385ff85b44c	19190	hawîşbûn	hawîşbûn	noun_fem	F	po:noun_fem					pending
272	0512e4d7bdb82b46de1b8b05a5ab8e8b3d38aa72ae3241608dd61eb9cf28de3e	kurdish-hunspell-kmr	88131d6878ef7fa3ee114aa554adc385ff85b44c	41768	çifte	çifte	noun_fem	F	po:noun_fem					pending
273	05131f1a05673d8122d991804f6dc58675e1bfc148e35de7b45baaa00598f69c	kurdish-hunspell-kmr	88131d6878ef7fa3ee114aa554adc385ff85b44c	36424	tembel	tembel	adjective	AN	po:adj					pending
274	05157ef5700209181195f789489d0b204e8ae70008ddbef187a350bbc5fcce18	kurdish-hunspell-kmr	88131d6878ef7fa3ee114aa554adc385ff85b44c	6088	bifêde	bifêde	adjective	AN	po:adj					pending
275	0515a9fbf5132991d8b646ab451fb4cb19a5cdfc86d2aaec43bf030cb32c935d	kurdish-hunspell-kmr	88131d6878ef7fa3ee114aa554adc385ff85b44c	4334	berendamî	berendamî	noun_fem	F	po:noun_fem					pending
276	05177ffe9b7361417b515ae248f26a6fbf7949fadf86ace2898273d67a4fdddd	kurdish-hunspell-kmr	88131d6878ef7fa3ee114aa554adc385ff85b44c	19294	hedarkirî	hedarkirî	adjective	AN	po:adj					pending
277	0517a51c178b5215cd701882611001bd5a4d33b1e4d2df1a73b6894c1a92b36a	kurdish-hunspell-kmr	88131d6878ef7fa3ee114aa554adc385ff85b44c	21694	jêkbûyî	jêkbûyî	adjective	AN	po:adj					pending
278	05190d128d42d05789ed86a92a92a9584a1856172a7777f619f2b12d13014951	kurdish-hunspell-kmr	88131d6878ef7fa3ee114aa554adc385ff85b44c	11940	bêraydabûn	bêraydabûn	noun_fem	F	po:noun_fem					pending
279	051aa731b358cad6d9ce7a9e417737c2e47f5c8da617a257333cd83e45a84db8	kurdish-hunspell-kmr	88131d6878ef7fa3ee114aa554adc385ff85b44c	3538	bedkirin	bedkirin	noun_fem	F	po:noun_fem					pending
280	051cb8802d9bdab45886a559ffe8241088efa93894fc0d5173ae8b3dbc937cfb	kurdish-hunspell-kmr	88131d6878ef7fa3ee114aa554adc385ff85b44c	1040	amêjenî	amêjenî	noun_fem	F	po:noun_fem					pending
281	051d2df10201656b80da3368912e495a06c9f6963dfaa2aff6c99decaaba4dcc	kurdish-hunspell-kmr	88131d6878ef7fa3ee114aa554adc385ff85b44c	25780	mezbehexane	mezbehexane	noun_fem	F	po:noun_fem					pending
282	051d96acf77641de56b1ab952decb152a6e49b00cc3d29c15d2ede5bbde1a22a	kurdish-hunspell-kmr	88131d6878ef7fa3ee114aa554adc385ff85b44c	30431	pêmovkî	pêmovkî	noun_fem	F	po:noun_fem					pending
283	0520ff6a127e4a8df1c662446244292750dc5a502473cd16518e5f16f40de933	kurdish-hunspell-kmr	88131d6878ef7fa3ee114aa554adc385ff85b44c	32507	rehtbûn	rehtbûn	noun_fem	F	po:noun_fem					pending
284	0523716d0a710511a35efa82d33fbf629939912abed465bdd4be2795845c6ee0	kurdish-hunspell-kmr	88131d6878ef7fa3ee114aa554adc385ff85b44c	19435	helamet	helamet	noun_fem	F	po:noun_fem					pending
285	052514fa50228f68e73d6ee80c6849ace6d4979d0064b540f847ce2dfdaf6dc6	kurdish-hunspell-kmr	88131d6878ef7fa3ee114aa554adc385ff85b44c	30833	pûçbêjîkirî	pûçbêjîkirî	adjective	AN	po:adj					pending
286	0525cafca4e9dca449a81819949e19c55660635119273c3c3981c15716db319e	kurdish-hunspell-kmr	88131d6878ef7fa3ee114aa554adc385ff85b44c	41215	çakbar	çakbar	adjective	AN	po:adj					pending
287	0525cd3c10c05f4863cef3009135e216e796836eb34039e47c02c0c310fe2c2c	kurdish-hunspell-kmr	88131d6878ef7fa3ee114aa554adc385ff85b44c	20676	hizîzk	hizîzk	noun_fem	F	po:noun_fem					pending
288	052605cf2f2a4340092b3f9e7096295416039134869731fd45ab016bb9f34007	kurdish-hunspell-kmr	88131d6878ef7fa3ee114aa554adc385ff85b44c	40985	zoranbazîkirî	zoranbazîkirî	adjective	AN	po:adj					pending
289	05277d15ee3e2f539fbacc860447cb8965ae2a4638e45848d862302a2c2aab1c	kurdish-hunspell-kmr	88131d6878ef7fa3ee114aa554adc385ff85b44c	33376	rêvinkirî	rêvinkirî	adjective	AN	po:adj					pending
290	0529e19bcea2a6069c610ce2c6e7c70227ee61018edada1edd1822f761534230	kurdish-hunspell-kmr	88131d6878ef7fa3ee114aa554adc385ff85b44c	33230	Roubaix	roubaix	propn	ZF	po:propn					pending
291	052b1f90f5e2b816962c148ac5cc22279196d8c4765238034106cde3d78acd21	kurdish-hunspell-kmr	88131d6878ef7fa3ee114aa554adc385ff85b44c	42718	îxlas	îxlas	noun_fem	F	po:noun_fem					pending
292	052ce443ad2f9abef8999de383742a8bd7a2897aac11c2dd3b1e0a5a3b8b9bcc	kurdish-hunspell-kmr	88131d6878ef7fa3ee114aa554adc385ff85b44c	11486	bêmitik	bêmitik	noun_fem	F	po:noun_fem					pending
293	052fe2ac4920a020ec8976e615828fb3b42d01b02dfacaf353571a73220584db	kurdish-hunspell-kmr	88131d6878ef7fa3ee114aa554adc385ff85b44c	13216	cirnexweşîbûn	cirnexweşîbûn	noun_fem	F	po:noun_fem					pending
294	0531a2443c680240a8d1b894767604bd91864a6274bc80c317c3ef1790afb7bf	kurdish-hunspell-kmr	88131d6878ef7fa3ee114aa554adc385ff85b44c	23488	kronîkbûyî	kronîkbûyî	adjective	AN	po:adj					pending
295	05329689695ff52d2440eebc38498767200b64e28e183d66dfe0cd9425494abe	kurdish-hunspell-kmr	88131d6878ef7fa3ee114aa554adc385ff85b44c	17484	frîkîk	frîkîk	noun_fem	F	po:noun_fem					pending
296	05330451ba442243ff6efb7a19949ebaa05c538da03f4e51b79fe02962c3cac0	kurdish-hunspell-kmr	88131d6878ef7fa3ee114aa554adc385ff85b44c	11284	bêlewn	bêlewn	adjective	AN	po:adj					pending
297	0533eb46e05e0c8c8dcf08d3d82a77f5b450af09df8874eb09fb66ec3c80e069	kurdish-hunspell-kmr	88131d6878ef7fa3ee114aa554adc385ff85b44c	40471	zekem	zekem	noun_fem	F	po:noun_fem					pending
298	053414839037d73a602b7794e1c57037960ce05d9efa75256dd73d13140e4309	kurdish-hunspell-kmr	88131d6878ef7fa3ee114aa554adc385ff85b44c	33970	sehilandin	sehilandin	verb	XF	po:verb					pending
299	0534df125bf7b312955b1de691cac7c7b749c0e12ceb7da2ef8a5c3a2be9eb3b	kurdish-hunspell-kmr	88131d6878ef7fa3ee114aa554adc385ff85b44c	22278	keleh	keleh	noun_fem	F	po:noun_fem					pending
300	05370472728d46fbe25acdd472ee904fe1aa9eb58d9e2a1d6acbe62462254202	kurdish-hunspell-kmr	88131d6878ef7fa3ee114aa554adc385ff85b44c	14516	devjêberdan	devjêberdan	noun_fem	F	po:noun_fem					pending
301	05381b704d115f16801d033c2b255bf677aa2beb3dbd5888d071eecf921a7b3c	kurdish-hunspell-kmr	88131d6878ef7fa3ee114aa554adc385ff85b44c	24540	lolawo	lolawo	adverb	R	po:adv					pending
302	053c129aad194377f98b74ab8f7b5aa6f7865064d3ddc2db537484ac16b27425	kurdish-hunspell-kmr	88131d6878ef7fa3ee114aa554adc385ff85b44c	8005	birg	birg	noun_fem	F	po:noun_fem					pending
303	053ced114120717f20bcddd7cf74363bd1920cb67c419e2df1acca4fa127259b	kurdish-hunspell-kmr	88131d6878ef7fa3ee114aa554adc385ff85b44c	9246	biîdentîteyî	biîdentîteyî	noun_fem	F	po:noun_fem					pending
304	053d97335951b44c5257757c4d76fae726f48e72b874df7abf6bc85b11f6791a	kurdish-hunspell-kmr	88131d6878ef7fa3ee114aa554adc385ff85b44c	12184	bêtevgerrî	bêtevgerrî	noun_fem	F	po:noun_fem					pending
305	053efba48b5301907f146b42e606edfe9214e6d8769f44b0fda9dc1a965fa9c2	kurdish-hunspell-kmr	88131d6878ef7fa3ee114aa554adc385ff85b44c	40071	xêvzanbûn	xêvzanbûn	noun_fem	F	po:noun_fem					pending
306	053fe7483be281a5daabd15b957a29e48949b72dff19efd799ca7f2a878f1947	kurdish-hunspell-kmr	88131d6878ef7fa3ee114aa554adc385ff85b44c	32736	rewek	rewek	noun_fem	F	po:noun_fem					pending
307	05438a08829c3c7a473442a09949294e4e758a9a1ebf1c3e7061b5252d3770c3	kurdish-hunspell-kmr	88131d6878ef7fa3ee114aa554adc385ff85b44c	6117	biger	biger	adverb	R	po:adv					pending
308	05443e6b45b0ecdb279edcb23757be261b2d372731170fb29041e3581da5f3e1	kurdish-hunspell-kmr	88131d6878ef7fa3ee114aa554adc385ff85b44c	33120	rojbûn	rojbûn	noun_fem	F	po:noun_fem					pending
309	054496b9ca6254f08a5abf22cbee329bbef0a1659b964f28997d249f6e2305df	kurdish-hunspell-kmr	88131d6878ef7fa3ee114aa554adc385ff85b44c	26553	mubahane	mubahane	adjective	AN	po:adj					pending
310	0546ee3a73505ea0d01aa3e377b66f041a9a89d35fe382e62053ab058b9e587c	kurdish-hunspell-kmr	88131d6878ef7fa3ee114aa554adc385ff85b44c	38928	xayizane	xayizane	adjective	AN	po:adj					pending
311	0548bb45baad20fa0a2d092cd2729ca97ccde3af820a16047f8baffcb4d91ed3	kurdish-hunspell-kmr	88131d6878ef7fa3ee114aa554adc385ff85b44c	12469	bêîtaet	bêîtaet	adjective	AN	po:adj					pending
312	054c4f6541ad6cf813339789d8dee4a637b16b8fea2fcf0701cf160de552208b	kurdish-hunspell-kmr	88131d6878ef7fa3ee114aa554adc385ff85b44c	7516	binyad	binyad	noun_fem	F	po:noun_fem					pending
313	054ea68bd09b491b7299bceebfe06d93cd9c5ab304dc99b8d3306428c84e124e	kurdish-hunspell-kmr	88131d6878ef7fa3ee114aa554adc385ff85b44c	39939	xweşgotin	xweşgotin	noun_fem	F	po:noun_fem					pending
314	054f2fcd4dc5f207ac1e8cb14cedadeb0fe85ece8a207273645740c8e35e7fc8	kurdish-hunspell-kmr	88131d6878ef7fa3ee114aa554adc385ff85b44c	36310	teklîfdan	teklîfdan	noun_fem	F	po:noun_fem					pending
315	054f73aa147328870d9f9a8d9cacf270402eba3a2aa216a31846c5c443719cb2	kurdish-hunspell-kmr	88131d6878ef7fa3ee114aa554adc385ff85b44c	41728	çewder	çewder	noun_masc	M	po:noun_masc					pending
316	054f7c350f4441b2582e11b28c1120f389059c48934b7bd92b5b663c376aacd3	kurdish-hunspell-kmr	88131d6878ef7fa3ee114aa554adc385ff85b44c	18411	givêrîn	givêrîn	noun_fem	F	po:noun_fem					pending
317	055058be3fe600a77b5e1de210c5d8bcbe05b05a5ddbcd802055273535c076bb	kurdish-hunspell-kmr	88131d6878ef7fa3ee114aa554adc385ff85b44c	41748	çewtbûn	çewtbûn	noun_fem	F	po:noun_fem					pending
318	0554547079d457511eda7bc036cd460542e093765474153a1940f275f5ad0168	kurdish-hunspell-kmr	88131d6878ef7fa3ee114aa554adc385ff85b44c	6983	bilqebilq	bilqebilq	noun_fem	F	po:noun_fem					pending
319	05577ef85c362ea6788b2e5ba7621d0ec532151690139f90cd33f137c4ff7f0e	kurdish-hunspell-kmr	88131d6878ef7fa3ee114aa554adc385ff85b44c	29036	pejin	pejin	noun_fem	F	po:noun_fem					pending
320	0557b75f0f352f9b42fa7008bc09c522ed30e9bc85ba9e2fe15263e57caac5ab	kurdish-hunspell-kmr	88131d6878ef7fa3ee114aa554adc385ff85b44c	37002	texm	texm	noun_fem	F	po:noun_fem					pending
321	055d717f327525bda0db2ca7465e8a3a8ac0ff78741543155fe5e367f70ca257	kurdish-hunspell-kmr	88131d6878ef7fa3ee114aa554adc385ff85b44c	10088	bêbêrîkî	bêbêrîkî	noun_fem	F	po:noun_fem					pending
322	055d895a65797627a93ec6fc8585176ca3b0fdc9cae6f2ac7a48d1b3609ab709	kurdish-hunspell-kmr	88131d6878ef7fa3ee114aa554adc385ff85b44c	11280	bêlemlate	bêlemlate	adjective	AN	po:adj					pending
323	055f108a69967daa61dd733ca49dfb8d84442a38fde185a3c206ea1d6e235151	kurdish-hunspell-kmr	88131d6878ef7fa3ee114aa554adc385ff85b44c	24631	lêgerî	lêgerî	noun_fem	F	po:noun_fem					pending
324	056382c37141a2d1d488bedae0912447a0a774e2e656ede58bd53e149dc726ef	kurdish-hunspell-kmr	88131d6878ef7fa3ee114aa554adc385ff85b44c	36877	tevdekirin	tevdekirin	noun_fem	F	po:noun_fem					pending
325	0565331b9615dd5dc30d39acc55e24690946166eb6e2b18bb3ea9dce212ca135	kurdish-hunspell-kmr	88131d6878ef7fa3ee114aa554adc385ff85b44c	39970	xwêr	xwêr	adjective	AN	po:adj					pending
326	056580b6756f89f81a888c11cde173bb7c7ca3a68ad40bfc0c52dfadedddc054	kurdish-hunspell-kmr	88131d6878ef7fa3ee114aa554adc385ff85b44c	709	alavkirin	alavkirin	noun_fem	F	po:noun_fem					pending
327	056596e8d9d824cacb9a559107c3b810e64488ed16d03200254f547f9ed9f2ea	kurdish-hunspell-kmr	88131d6878ef7fa3ee114aa554adc385ff85b44c	15274	doxîn	doxîn	noun_fem	F	po:noun_fem					pending
328	0566599cf588f27227b63f6d6cac83483ea2cd20243040bdfe8fcd5680fedd83	kurdish-hunspell-kmr	88131d6878ef7fa3ee114aa554adc385ff85b44c	42160	çîkmend	çîkmend	noun_fem	F	po:noun_fem					pending
329	056863a058dda0d5cca94ac841527afd78354e07d3d34de3d941b9a32408349d	kurdish-hunspell-kmr	88131d6878ef7fa3ee114aa554adc385ff85b44c	14284	dermanlêhatin	dermanlêhatin	noun_fem	F	po:noun_fem					pending
330	056eb48e217df5d0ddf962338b272f7cc8cc97c82dd95909e920ab0df9f7f482	kurdish-hunspell-kmr	88131d6878ef7fa3ee114aa554adc385ff85b44c	34793	seyîn	seyîn	verb	V	po:verb;is:present_stem_transitive_active;st:sey;lem:seyandin					pending
331	057078e3cef1af5fa790d752ed0dc7564c441fa678e40ea08b03fa8196ad04a6	kurdish-hunspell-kmr	88131d6878ef7fa3ee114aa554adc385ff85b44c	7068	bimasûr	bimasûr	adjective	AN	po:adj					pending
332	057606a43af54cd088ba054d91ee704e8122546a6b4018d557dbecbba86f0d75	kurdish-hunspell-kmr	88131d6878ef7fa3ee114aa554adc385ff85b44c	22003	karesatane	karesatane	adjective	AN	po:adj					pending
333	057607b00b57ad345b760b93f03ed5022a902da229b8130989302177e409bea5	kurdish-hunspell-kmr	88131d6878ef7fa3ee114aa554adc385ff85b44c	31245	qelpax	qelpax	noun_fem	F	po:noun_fem					pending
334	05768ca390f88919c405aeded6cd066d90d6e8b73244d7a27d2cb34ee46dea60	kurdish-hunspell-kmr	88131d6878ef7fa3ee114aa554adc385ff85b44c	33671	sahirane	sahirane	adjective	AN	po:adj					pending
335	05770fb07a445af217690136e3ae208099e276573997a9193350c1b2a7365097	kurdish-hunspell-kmr	88131d6878ef7fa3ee114aa554adc385ff85b44c	41281	çapemanî	çapemanî	noun_fem	F	po:noun_fem					pending
336	05774f33052b4606e58ea270101e4595d26620bcd68a7dfd384171962633f3c0	kurdish-hunspell-kmr	88131d6878ef7fa3ee114aa554adc385ff85b44c	8644	bitêgihiştinê	bitêgihiştinê	noun_fem	F	po:noun_fem					pending
337	05791f23da841d9000abad3942984ed2048b8e40df82ff2bce74049d86169e2c	kurdish-hunspell-kmr	88131d6878ef7fa3ee114aa554adc385ff85b44c	2020	avşolkî	avşolkî	noun_fem	F	po:noun_fem					pending
338	057a14d0954d9e03590672dbd3fa54d815f3c2018a4cc2f509e1728ab2d3fd0a	kurdish-hunspell-kmr	88131d6878ef7fa3ee114aa554adc385ff85b44c	23803	Kuçer	kuçer	noun_fem	F	po:noun_fem					pending
339	057a28379fdf4bcb5976e37b5b723dcad946f9022f24b38a9f585be1269b4123	kurdish-hunspell-kmr	88131d6878ef7fa3ee114aa554adc385ff85b44c	11763	bêpaye	bêpaye	adjective	AN	po:adj					pending
340	057b9f335779e0f88479960f84b32a0b6a21779366553b096624493a502b4575	kurdish-hunspell-kmr	88131d6878ef7fa3ee114aa554adc385ff85b44c	20909	hêcet	hêcet	noun_fem	F	po:noun_fem					pending
341	057c704664cd30d22a180a7f2da0ce04145cee9af132fe8eff4d449f399f6448	kurdish-hunspell-kmr	88131d6878ef7fa3ee114aa554adc385ff85b44c	21588	jinaxayane	jinaxayane	adjective	AN	po:adj					pending
342	057eeb539755729605e7f573bd0565d40fefb4610d33ddcd77241630b08c3789	kurdish-hunspell-kmr	88131d6878ef7fa3ee114aa554adc385ff85b44c	4220	berbijarî	berbijarî	noun_fem	F	po:noun_fem					pending
343	057f2049cb779f6146afcec6c3ca61fdb058f2d43c230da53727ba02ee878fb2	kurdish-hunspell-kmr	88131d6878ef7fa3ee114aa554adc385ff85b44c	12594	bînber	bînber	noun_masc	M	po:noun_masc					pending
344	058393a2f3f1bda8318b75d3e264e4252ba5a4baba5c156dfeb62525b31af105	kurdish-hunspell-kmr	88131d6878ef7fa3ee114aa554adc385ff85b44c	40459	zehmetkirî	zehmetkirî	adjective	AN	po:adj					pending
345	0585d46c5d02110e824c30272059e2b1277ee69785b0126018207026f22e2c7f	kurdish-hunspell-kmr	88131d6878ef7fa3ee114aa554adc385ff85b44c	10579	bêgepik	bêgepik	noun_fem	F	po:noun_fem					pending
346	0589b00d5b01117db3f8654a546859b598f9e267bbb97c6023dd3d3260bf872f	kurdish-hunspell-kmr	88131d6878ef7fa3ee114aa554adc385ff85b44c	15160	dolivgerî	dolivgerî	adjective	AN	po:adj					pending
347	058a1283a490e954286a2bf3484879a5402166582301d998cad775e1febf3611	kurdish-hunspell-kmr	88131d6878ef7fa3ee114aa554adc385ff85b44c	33950	sefîl	sefîl	adjective	AN	po:adj					pending
348	059072d2fd3c5bffc75b62e44a9305617590586acbe68f646c92f8ca10024ce8	kurdish-hunspell-kmr	88131d6878ef7fa3ee114aa554adc385ff85b44c	10776	bêhempakirî	bêhempakirî	adjective	AN	po:adj					pending
349	05921335ef5039cca24ab8a84596879928317e6f280ab44ef1f61b31d526ac91	kurdish-hunspell-kmr	88131d6878ef7fa3ee114aa554adc385ff85b44c	307	afirandînas	afirandînas	noun_fem	F	po:noun_fem					pending
350	0592985260df6d90a0499a276dcb69b3f55e1e55da86571e0c5c6f42b9d0fc87	kurdish-hunspell-kmr	88131d6878ef7fa3ee114aa554adc385ff85b44c	42920	şaqûl	şaqûl	noun_fem	F	po:noun_fem					pending
351	0593b0180ef01979ef474e5ec80b43205507a523f2d7517f37cb2916a2bda9fc	kurdish-hunspell-kmr	88131d6878ef7fa3ee114aa554adc385ff85b44c	42775	Ûkrayna	ûkrayna	propn	ZF	po:propn					pending
352	059458be760b2a6647d216767388431f6bfd8353ed078ebe936591f7e649f377	kurdish-hunspell-kmr	88131d6878ef7fa3ee114aa554adc385ff85b44c	20892	huvdeh	huvdeh	num	E	po:num;st:huvdeh					pending
353	05960e475b2822c6ad7a58098c8ab0551bc295ee4fe4d16387076863f615f133	kurdish-hunspell-kmr	88131d6878ef7fa3ee114aa554adc385ff85b44c	28923	payeberzkirî	payeberzkirî	adjective	AN	po:adj					pending
354	0597e861303ce14dfcf7fcd9b1266da5a3c02a62cdcfaef330d5cd9f3290d914	kurdish-hunspell-kmr	88131d6878ef7fa3ee114aa554adc385ff85b44c	1065	anagram	anagram	noun_fem	F	po:noun_fem					pending
355	0598958dcebef80e76c2ce5e50a3f8730d6de286b9bd3636574b791fc66471ae	kurdish-hunspell-kmr	88131d6878ef7fa3ee114aa554adc385ff85b44c	1936	avkî	avkî	noun_fem	F	po:noun_fem					pending
356	05997e9a8d088b37ba8435f7fc1a0b1fb3cc423f455f9a38db6ca15e5ae34e08	kurdish-hunspell-kmr	88131d6878ef7fa3ee114aa554adc385ff85b44c	35259	sorîn	sorîn	verb	XF	po:verb					pending
357	059af6c2d2f84bc7b0b43e62a98bbe5d16963d283d90a86bb37f71c21f9be0ac	kurdish-hunspell-kmr	88131d6878ef7fa3ee114aa554adc385ff85b44c	26028	milhid	milhid	adjective	AN	po:adj					pending
358	059c5119400c3c7596fe46491c5d6ff8bf1daded0847edb2816dc1a58b160458	kurdish-hunspell-kmr	88131d6878ef7fa3ee114aa554adc385ff85b44c	12837	casûs	casûs	noun_masc	M	po:noun_masc					pending
359	059e9db2b77c5700e58509fa82d886811d7e0bd3897d606c29b942382c62d795	kurdish-hunspell-kmr	88131d6878ef7fa3ee114aa554adc385ff85b44c	15391	durûkirin	durûkirin	noun_fem	F	po:noun_fem					pending
360	059f5bba647a838e86d92ef3676c5a1e0601618593c527d8ed06175cf7100719	kurdish-hunspell-kmr	88131d6878ef7fa3ee114aa554adc385ff85b44c	42930	şarezayî	şarezayî	noun_fem	F	po:noun_fem					pending
361	05a0a5da6a01410284223bada6514ddcbc10acb7e06605a05e797e43fa16f234	kurdish-hunspell-kmr	88131d6878ef7fa3ee114aa554adc385ff85b44c	7625	bipencere	bipencere	adjective	AN	po:adj					pending
362	05aa13db1733e4be396518f15d8942439f183721345ed374665b8e114df8885b	kurdish-hunspell-kmr	88131d6878ef7fa3ee114aa554adc385ff85b44c	41450	çavtêrbûyî	çavtêrbûyî	adjective	AN	po:adj					pending
363	05aa9c4d52d0e41fd161b9ea3a390347e5d5692f36923f4dd8f2ccfc11d21f9c	kurdish-hunspell-kmr	88131d6878ef7fa3ee114aa554adc385ff85b44c	32320	rasyonelkirî	rasyonelkirî	adjective	AN	po:adj					pending
364	05ab187ea6e39e6344a6a85ea902772a07eb01e3854904ef5659be0a782a8193	kurdish-hunspell-kmr	88131d6878ef7fa3ee114aa554adc385ff85b44c	8143	birêkirin	birêkirin	noun_fem	F	po:noun_fem					pending
365	05ab316baa7e5b1610894f2d77e79e73e5572e4bacca1469025c37a5292e6c72	kurdish-hunspell-kmr	88131d6878ef7fa3ee114aa554adc385ff85b44c	15069	dirûşm	dirûşm	noun_fem	F	po:noun_fem					pending
366	05aca3c8f0925c8dae22bff098949354ccdd5bb9f6891596bcb6e1f765f9f47a	kurdish-hunspell-kmr	88131d6878ef7fa3ee114aa554adc385ff85b44c	37757	tîrhavêtin	tîrhavêtin	noun_fem	F	po:noun_fem					pending
367	05ad0d65e761c790bdd1b61b1384cf4fcfb1e2fb84f2089f16316d91202a15b3	kurdish-hunspell-kmr	88131d6878ef7fa3ee114aa554adc385ff85b44c	2418	Aşgabat	aşgabat	propn	ZF	po:propn					pending
368	05ae7386da317ff1604dbe394f6b6db294c2dacf3b690acca27974bfded012e8	kurdish-hunspell-kmr	88131d6878ef7fa3ee114aa554adc385ff85b44c	3999	bengbûyî	bengbûyî	adjective	AN	po:adj					pending
369	05af286d031c1f6797444fd33813d709a73ce8e93d485b9d1f59223ff9b1175d	kurdish-hunspell-kmr	88131d6878ef7fa3ee114aa554adc385ff85b44c	1865	averêkirî	averêkirî	adjective	AN	po:adj					pending
370	05af61422f5a4b5de2be1ebd6bdafd7461887a26978be0ccb2de1d4ac913e3aa	kurdish-hunspell-kmr	88131d6878ef7fa3ee114aa554adc385ff85b44c	34085	semaxbûn	semaxbûn	noun_fem	F	po:noun_fem					pending
371	05afa562ea8256f169599c7c8c510a881fb77480afee573b332f9b08b194e059	kurdish-hunspell-kmr	88131d6878ef7fa3ee114aa554adc385ff85b44c	24105	lavahîkirin	lavahîkirin	noun_fem	F	po:noun_fem					pending
372	05b0d2c3a43ef62313f3e8c7f10704695ccb98aaf350bc0040d6cf104585f3ef	kurdish-hunspell-kmr	88131d6878ef7fa3ee114aa554adc385ff85b44c	23220	komirr	komirr	noun_fem	F	po:noun_fem					pending
373	05b0f39d0d221ac9cbb69a0fdf5fadd939bf37999c615b3c153d297387ee5573	kurdish-hunspell-kmr	88131d6878ef7fa3ee114aa554adc385ff85b44c	35137	siyasetnas	siyasetnas	noun_fem	F	po:noun_fem					pending
374	05b462592df010c0457d24b4e681b030172eeb0acfac45b2373ab645d3983a33	kurdish-hunspell-kmr	88131d6878ef7fa3ee114aa554adc385ff85b44c	23182	kolîdarî	kolîdarî	noun_fem	F	po:noun_fem					pending
375	05bc609e5335c541b3d99d5e73ec473613a72e3a0be8bd0618df453d3e78b76a	kurdish-hunspell-kmr	88131d6878ef7fa3ee114aa554adc385ff85b44c	43202	şequdeq	şequdeq	adjective	AN	po:adj					pending
376	05bd0615eb0c2a2f2258ed9ac89d4d81a32a5ee77a8f9dcbe94cd62ad842a6a5	kurdish-hunspell-kmr	88131d6878ef7fa3ee114aa554adc385ff85b44c	25996	mijûl	mijûl	adjective	AN	po:adj					pending
377	05bf13d2d9d15e863542b8e077b2ec1d4d31b4941c47c6b5ece7eb2bfc94af89	kurdish-hunspell-kmr	88131d6878ef7fa3ee114aa554adc385ff85b44c	26874	mûrbûyî	mûrbûyî	adjective	AN	po:adj					pending
378	05c4d12e72977ea7c63c0726a97481ac9b75bcf613cf09017f8155a2b2244ebc	kurdish-hunspell-kmr	88131d6878ef7fa3ee114aa554adc385ff85b44c	4060	ber	ber	adp	P	po:adp;st:ber					pending
379	05c58bf53f67746e3fbe25b5fc29dd8590aaf565c57a5f437013a4f5ce5c8f33	kurdish-hunspell-kmr	88131d6878ef7fa3ee114aa554adc385ff85b44c	30145	posîde	posîde	adjective	AN	po:adj					pending
380	05c5fa46a79bcb614e7cb25ec063ad0ce24f14d34242cea43b2ee42d167da467	kurdish-hunspell-kmr	88131d6878ef7fa3ee114aa554adc385ff85b44c	28602	pabendkirî	pabendkirî	adjective	AN	po:adj					pending
381	05ca6794f55b8988c9d0cf84f9c0b9e47e14f3c06a81f9ffffac554852ebe6d7	kurdish-hunspell-kmr	88131d6878ef7fa3ee114aa554adc385ff85b44c	14910	dilxweşkirin	dilxweşkirin	noun_fem	F	po:noun_fem					pending
382	05cad43eb224bdcaf7c5bcc6dae907528e52ac6396e037a12bfa796c4917e5d3	kurdish-hunspell-kmr	88131d6878ef7fa3ee114aa554adc385ff85b44c	17478	Friedrichshafen	friedrichshafen	propn	ZF	po:propn					pending
383	05cbfcb2501fe18a1946e5fc309caf572379ae0c5979d29d5dfed362571eaf01	kurdish-hunspell-kmr	88131d6878ef7fa3ee114aa554adc385ff85b44c	24751	lîsans	lîsans	noun_fem	F	po:noun_fem					pending
384	05cc8eea5896839712f0ea3b9f67c8f4e9035816631a2f0866a72bd2eef29938	kurdish-hunspell-kmr	88131d6878ef7fa3ee114aa554adc385ff85b44c	14614	deyndêrkirin	deyndêrkirin	noun_fem	F	po:noun_fem					pending
385	05ccddc43724c5953e119b690d3842f95c51cfd0328a9efac8c96417652ebe9b	kurdish-hunspell-kmr	88131d6878ef7fa3ee114aa554adc385ff85b44c	35256	sortîbûn	sortîbûn	noun_fem	F	po:noun_fem					pending
386	05ce1ef93138526638fcf44ba91e1bdd5bb9ab5146d2bd792bd9971e1a5e35c3	kurdish-hunspell-kmr	88131d6878ef7fa3ee114aa554adc385ff85b44c	13556	dagirtîkirin	dagirtîkirin	noun_fem	F	po:noun_fem					pending
387	05d068e2ced6d97e5b7b7aeb9d24e3c6dc9f163d86cfb7faa3eb58bed75913f9	kurdish-hunspell-kmr	88131d6878ef7fa3ee114aa554adc385ff85b44c	24111	lavayî	lavayî	noun_fem	F	po:noun_fem					pending
388	05d138f0f986bf604b49715bc94e15a42f3f2d7de38c98b0669d17644ee281c9	kurdish-hunspell-kmr	88131d6878ef7fa3ee114aa554adc385ff85b44c	35105	sivîng	sivîng	noun_fem	F	po:noun_fem					pending
389	05d207e183bc198093aeb5ae1629283573820ce6f8934283e13b9574ece658a7	kurdish-hunspell-kmr	88131d6878ef7fa3ee114aa554adc385ff85b44c	14685	dijraberîkirin	dijraberîkirin	noun_fem	F	po:noun_fem					pending
390	05d3ce8748207f2a9ed399d347662e1c6ce1f0dc05b0483565a88795eb54e749	kurdish-hunspell-kmr	88131d6878ef7fa3ee114aa554adc385ff85b44c	28949	paçik	paçik	noun_fem	F	po:noun_fem					pending
391	05d6a0343e7131ad94e92e9c2e18a8d218232926950f44698e33ccf6184254c9	kurdish-hunspell-kmr	88131d6878ef7fa3ee114aa554adc385ff85b44c	28815	parxêl	parxêl	noun_fem	F	po:noun_fem					pending
392	05d6d2aab8daa3ea7a09803e83b26fcd65950e3e7abdd19080e7598ef69f8122	kurdish-hunspell-kmr	88131d6878ef7fa3ee114aa554adc385ff85b44c	22742	kezebdar	kezebdar	adjective	AN	po:adj					pending
393	05de059f197759be7187657b0eeb88c26d003753d97b0667bce400230aa072bd	kurdish-hunspell-kmr	88131d6878ef7fa3ee114aa554adc385ff85b44c	8274	bisefînk	bisefînk	adjective	AN	po:adj					pending
394	05de66d488682be6f8f5a0a6600edbe86d5dba833163c5ca483a1dcb68f2b4fe	kurdish-hunspell-kmr	88131d6878ef7fa3ee114aa554adc385ff85b44c	36654	terapî	terapî	noun_fem	F	po:noun_fem					pending
395	05df43ecc19c8de0ee0ca04e87ce21a5a8450ac625e980658e801fb8741d49c0	kurdish-hunspell-kmr	88131d6878ef7fa3ee114aa554adc385ff85b44c	6704	bikarneanîn	bikarneanîn	noun_fem	F	po:noun_fem					pending
396	05e0143a5b2734e76d8b2794b1cf1a593172925eee6c86951fde4ea43834dea8	kurdish-hunspell-kmr	88131d6878ef7fa3ee114aa554adc385ff85b44c	43106	şelxem	şelxem	noun_fem	F	po:noun_fem					pending
397	05e461aeaac891e1163e68fca072d07eef7ff72da2cd634282b9cb64661825e6	kurdish-hunspell-kmr	88131d6878ef7fa3ee114aa554adc385ff85b44c	32769	rewşname	rewşname	noun_fem	F	po:noun_fem					pending
398	05e65ae9bcf31d1ba6df5ad6d8d7d471df0d44ce22974b694d33d3a8c4e6d862	kurdish-hunspell-kmr	88131d6878ef7fa3ee114aa554adc385ff85b44c	34240	serberjêrkirin	serberjêrkirin	noun_fem	F	po:noun_fem					pending
399	05e8a1d0a7e779d700d7c2fb4684315851406a3d0b319dfc6aaf78f006edc68f	kurdish-hunspell-kmr	88131d6878ef7fa3ee114aa554adc385ff85b44c	23684	kurikî	kurikî	noun_fem	F	po:noun_fem					pending
400	05ea173e7b313951a6e051877c8b5f6f8cc80964e20c0e3c3e2f7ad47d663ae9	kurdish-hunspell-kmr	88131d6878ef7fa3ee114aa554adc385ff85b44c	24537	lokalîzekirin	lokalîzekirin	verb	XF	po:verb					pending
401	05ec818346521d9b05ea4db19fea0dd4dc30d0e8e771ae4432540f710a35549c	kurdish-hunspell-kmr	88131d6878ef7fa3ee114aa554adc385ff85b44c	2965	bangerkirî	bangerkirî	adjective	AN	po:adj					pending
402	05ed653d1b9ce653069d6618b0f8142e43d3a41fc4b520ea9335d07563b2366e	kurdish-hunspell-kmr	88131d6878ef7fa3ee114aa554adc385ff85b44c	14688	dijwarbûn	dijwarbûn	noun_fem	F	po:noun_fem					pending
403	05f03c89662037039b29c74657f017f4a19c71cf9a7b144aea5a4654f9855e0c	kurdish-hunspell-kmr	88131d6878ef7fa3ee114aa554adc385ff85b44c	12571	bîleheq	bîleheq	adverb	R	po:adv					pending
404	05f305502e9388f231028297c95b474fe86d7a7e592789afd1ff7031efb01a27	kurdish-hunspell-kmr	88131d6878ef7fa3ee114aa554adc385ff85b44c	15370	dupêdar	dupêdar	adjective	AN	po:adj					pending
405	05f3d1747201c162f5d030b31eb6d8e40760c188d3bd10569720639a16fb6337	kurdish-hunspell-kmr	88131d6878ef7fa3ee114aa554adc385ff85b44c	31642	qilqil	qilqil	verb	V	po:verb;is:present_stem_intransitive_active;st:qilqil;lem:qilqilîn					pending
406	05f48a3aec684af500833fbba3670bcbf091ab6642919fd81e93a56e529aad9e	kurdish-hunspell-kmr	88131d6878ef7fa3ee114aa554adc385ff85b44c	24794	lûlaqe	lûlaqe	noun_fem	F	po:noun_fem					pending
407	05f7be504060612ca265f9f0dd24d58c6fc5fbe34d92304c06719b978ab2579a	kurdish-hunspell-kmr	88131d6878ef7fa3ee114aa554adc385ff85b44c	16511	evînî	evînî	adjective	AN	po:adj					pending
408	05f9313e9312187e914981deafb1a30b74f4a44bdde8d0b6bc9d66eb7df210fd	kurdish-hunspell-kmr	88131d6878ef7fa3ee114aa554adc385ff85b44c	9621	boşkirin	boşkirin	noun_fem	F	po:noun_fem					pending
409	05faf5de2602c210dd69274fbda9c5609264221852420f4f6e6dfce0045ed090	kurdish-hunspell-kmr	88131d6878ef7fa3ee114aa554adc385ff85b44c	20576	hindirhop	hindirhop	noun_fem	F	po:noun_fem					pending
410	05fc701f3d34a166749042cfa9c8d39018f02dd8916e7bdb55fda390e27c878b	kurdish-hunspell-kmr	88131d6878ef7fa3ee114aa554adc385ff85b44c	15966	elenîbûyî	elenîbûyî	adjective	AN	po:adj					pending
411	05ff222445247ad69a6ae299ac289f0da340d7641e78a645d5b8c60aeb9478c3	kurdish-hunspell-kmr	88131d6878ef7fa3ee114aa554adc385ff85b44c	23902	kêndir	kêndir	noun_masc	M	po:noun_masc					pending
412	0600c68da0e47316b7111a1265cfef9948ac3776d5997fcd92d0ed027424f90a	kurdish-hunspell-kmr	88131d6878ef7fa3ee114aa554adc385ff85b44c	15668	dûvelank	dûvelank	noun_fem	F	po:noun_fem					pending
413	060117c011d4c4b3d6f3296354cc7cb6d2400dcafb5044e254c4ac1479a80722	kurdish-hunspell-kmr	88131d6878ef7fa3ee114aa554adc385ff85b44c	38234	viya	viya	verb	T	po:verb;is:past_stem_transitive_active;st:viya;lem:vîn					pending
414	06060b8f071c0d3bc3ac513704b62b8b6c519c4e6cce5e4ba4c6cd88e4c909f9	kurdish-hunspell-kmr	88131d6878ef7fa3ee114aa554adc385ff85b44c	39247	xetkêşk	xetkêşk	noun_fem	F	po:noun_fem					pending
415	0606d8d12ce5e89494b2eb03beb0e808a3cd2796f34b98f64537ec59c9cd7201	kurdish-hunspell-kmr	88131d6878ef7fa3ee114aa554adc385ff85b44c	4849	berşê	berşê	adjective	AN	po:adj					pending
416	0609139dfbba3c6102034b96a3f52b23abd6a578f8959eba8ed9942638918862	kurdish-hunspell-kmr	88131d6878ef7fa3ee114aa554adc385ff85b44c	25462	meqbûlkirî	meqbûlkirî	adjective	AN	po:adj					pending
417	060a22450b6e7b1303b04047ba0bbd4ce18b2f57ffe25b47def941b6cb5b1890	kurdish-hunspell-kmr	88131d6878ef7fa3ee114aa554adc385ff85b44c	7209	bimoranî	bimoranî	noun_fem	F	po:noun_fem					pending
418	060ad63efcd276ee7ca17e732f8cb72d7510ccd90a056d53b5a6e8438a49bfa8	kurdish-hunspell-kmr	88131d6878ef7fa3ee114aa554adc385ff85b44c	17131	fikarkirî	fikarkirî	adjective	AN	po:adj					pending
419	060e8ed8ce1e8d10f43b7d0dd3ff51a33b137a4ae8e457d0177cb8fdf5e69eea	kurdish-hunspell-kmr	88131d6878ef7fa3ee114aa554adc385ff85b44c	29057	pek	pek	noun_fem	F	po:noun_fem					pending
420	060f4caa945ab9691794dab60e86350460610c119a622806870ab0b21757111c	kurdish-hunspell-kmr	88131d6878ef7fa3ee114aa554adc385ff85b44c	15151	dokumentkirin	dokumentkirin	noun_fem	F	po:noun_fem					pending
421	0611792bfcec831c7a05748e2817b82f48bc741229344f815e8578817f0174f7	kurdish-hunspell-kmr	88131d6878ef7fa3ee114aa554adc385ff85b44c	6509	bihêmî	bihêmî	noun_fem	F	po:noun_fem					pending
422	0614f34f81fbe01171983b29c73fde7ba68568736074bb491ed833d45a6e5470	kurdish-hunspell-kmr	88131d6878ef7fa3ee114aa554adc385ff85b44c	28542	orte	orte	noun_fem	F	po:noun_fem					pending
423	061526efe4c3df93f22e54a4301f5e97e03c6c488ce758907ac190e882a27ec8	kurdish-hunspell-kmr	88131d6878ef7fa3ee114aa554adc385ff85b44c	29313	perrikdan	perrikdan	noun_fem	F	po:noun_fem					pending
424	061685f8237d9ac5317439511d9bc047baace41af2ab0af925cf451c65d02828	kurdish-hunspell-kmr	88131d6878ef7fa3ee114aa554adc385ff85b44c	37563	turoyo	turoyo	noun_fem	F	po:noun_fem					pending
425	0616e37208e6aa67fe2d2f21d44789433ceabac02e52b750b9da49e148286017	kurdish-hunspell-kmr	88131d6878ef7fa3ee114aa554adc385ff85b44c	12078	bêserwet	bêserwet	adjective	AN	po:adj					pending
426	0617ad90eaaa2b6b9b5dc49ea82c584ea2a38b7162f4509dcd6a37e093044725	kurdish-hunspell-kmr	88131d6878ef7fa3ee114aa554adc385ff85b44c	2651	Badil	badil	noun_masc	M	po:noun_masc					pending
427	061aa055ce937affe1ecef778299487d375983285eb2bd7267d72242746d3f2a	kurdish-hunspell-kmr	88131d6878ef7fa3ee114aa554adc385ff85b44c	16927	feraşkirin	feraşkirin	noun_fem	F	po:noun_fem					pending
428	061dd438b29dba41e473b76e713c3dc6c86f8ff2be955b3279232332ef4b84c7	kurdish-hunspell-kmr	88131d6878ef7fa3ee114aa554adc385ff85b44c	561	ajenda	ajenda	noun_fem	F	po:noun_fem					pending
429	061dfd4974954157605ef99d503bad29114a29153fdcfbc9477c91e4ca4e4a83	kurdish-hunspell-kmr	88131d6878ef7fa3ee114aa554adc385ff85b44c	2546	aşû	aşû	adjective	AN	po:adj					pending
430	06229928ebaab0cc82c77a278dddb4192382bd3419be20e934fa47a3549da148	kurdish-hunspell-kmr	88131d6878ef7fa3ee114aa554adc385ff85b44c	35578	sêk	sêk	noun_fem	F	po:noun_fem					pending
431	0625a8088ec6ff007a50e9a14b327cf6547ca46daddda45040c6fafa11c3dd9c	kurdish-hunspell-kmr	88131d6878ef7fa3ee114aa554adc385ff85b44c	7455	binimêjî	binimêjî	noun_fem	F	po:noun_fem					pending
432	062614c5ed5b8943ae53e2c2e27b63f2f6c36cc4ed0355f55132d132dccd0f08	kurdish-hunspell-kmr	88131d6878ef7fa3ee114aa554adc385ff85b44c	12088	bêsevîşk	bêsevîşk	adjective	AN	po:adj					pending
433	0628abae3d1201c1aea1d43a834c4a61eb1187455cbc76232bea2795a081cd09	kurdish-hunspell-kmr	88131d6878ef7fa3ee114aa554adc385ff85b44c	25112	matadorane	matadorane	adjective	AN	po:adj					pending
434	062aa29c90245567fa9fc9ead114dd167fa4e2e5bf0ef85f5c529e24783230a8	kurdish-hunspell-kmr	88131d6878ef7fa3ee114aa554adc385ff85b44c	15818	efektîvane	efektîvane	adjective	AN	po:adj					pending
435	062b871a28525cb8efa137a33abd11a6ce819f8032431a094273234e5ca7aa86	kurdish-hunspell-kmr	88131d6878ef7fa3ee114aa554adc385ff85b44c	30095	pompe	pompe	noun_fem	F	po:noun_fem					pending
436	063019476a4c572ea77ef7e245f70a0e09e1589cf07da511ad107c43d3cffac8	kurdish-hunspell-kmr	88131d6878ef7fa3ee114aa554adc385ff85b44c	31739	qise	qise	noun_fem	F	po:noun_fem					pending
437	0636556b77055a05528e9ae805b88e0cb9581cfbe8cb5e5915a3c503f8ac89b9	kurdish-hunspell-kmr	88131d6878ef7fa3ee114aa554adc385ff85b44c	23297	konsept	konsept	noun_fem	F	po:noun_fem					pending
438	063cc95ee01112371e33472228dbcfad6f286dfd1c1ca44ba6320ff37c6f69f6	kurdish-hunspell-kmr	88131d6878ef7fa3ee114aa554adc385ff85b44c	23231	kompanya	kompanya	noun_fem	F	po:noun_fem					pending
439	0641b7d3f7fe48765ddb7cb453aa1dd96ce95eb83fe83cf224f888ea5d6d9a59	kurdish-hunspell-kmr	88131d6878ef7fa3ee114aa554adc385ff85b44c	32869	reşûşînkirin	reşûşînkirin	noun_fem	F	po:noun_fem					pending
440	0645f598af8e79e8bf4a9664a005869b896c4b6f014ad9fd23a2d7a04d2dbda0	kurdish-hunspell-kmr	88131d6878ef7fa3ee114aa554adc385ff85b44c	36132	taşandin	taşandin	noun_fem	F	po:noun_fem					pending
441	064626a2273fd62d28020960bc3ee2b5699e7ad7e5a3c37a0e6d712177fb8af3	kurdish-hunspell-kmr	88131d6878ef7fa3ee114aa554adc385ff85b44c	19953	hevgirtin	hevgirtin	noun_fem	F	po:noun_fem					pending
442	06470834ddec5e5412088fa466b6f88dd42cd48b849c9c3426498764fb5a5e76	kurdish-hunspell-kmr	88131d6878ef7fa3ee114aa554adc385ff85b44c	22609	ketil	ketil	noun_fem	F	po:noun_fem					pending
443	0649ebeb5f06eb7ebc5e0eba5a0058d355706e1aa443fffab72727590eff36fa	kurdish-hunspell-kmr	88131d6878ef7fa3ee114aa554adc385ff85b44c	24625	lêdange	lêdange	noun_fem	F	po:noun_fem					pending
444	064c6018930e4a503a459c7266b3a25fd7f6017e304eb57e3fd06cfff8a5906e	kurdish-hunspell-kmr	88131d6878ef7fa3ee114aa554adc385ff85b44c	15790	edebîyat	edebîyat	noun_fem	F	po:noun_fem					pending
445	06523eefac75fa6017c1265ae3ee4ce718b1414c068efad2e661b7632d27d7ce	kurdish-hunspell-kmr	88131d6878ef7fa3ee114aa554adc385ff85b44c	43664	şoxî	şoxî	noun_fem	F	po:noun_fem					pending
446	06537ec3b9a23fa6a07cde68dbd65ea36f7e9089d0c722d1b55817d7b1b83a0c	kurdish-hunspell-kmr	88131d6878ef7fa3ee114aa554adc385ff85b44c	18740	Gulberîn	gulberîn	noun_fem	F	po:noun_fem					pending
447	0653f140cdce9c6e2bc61249f33f6500d72a52f691b97bfff56152a9cb0d1d15	kurdish-hunspell-kmr	88131d6878ef7fa3ee114aa554adc385ff85b44c	34604	sertandin	sertandin	verb	XF	po:verb					pending
448	065491d630ec9d5986c2bb43a6162ea93a14cf101c255bfc6639c6a97d325ed7	kurdish-hunspell-kmr	88131d6878ef7fa3ee114aa554adc385ff85b44c	7496	binolî	binolî	noun_fem	F	po:noun_fem					pending
449	0654ede71928093df9549f7bf4bd85f2f396c2f331ef44b9fed7e053b360243e	kurdish-hunspell-kmr	88131d6878ef7fa3ee114aa554adc385ff85b44c	25329	mekokvanî	mekokvanî	noun_fem	F	po:noun_fem					pending
450	06550129f519fa44432a2e5f7e5fc44ef671763c673ed5536af00c9f3efb67f6	kurdish-hunspell-kmr	88131d6878ef7fa3ee114aa554adc385ff85b44c	30584	pêşekî	pêşekî	noun_fem	F	po:noun_fem					pending
451	06558d90ae6bd61cdb0845e511ffe96f8929c99cf39cd5359e53deb202d9981f	kurdish-hunspell-kmr	88131d6878ef7fa3ee114aa554adc385ff85b44c	6216	bigumrehîtî	bigumrehîtî	noun_fem	F	po:noun_fem					pending
452	06563deeb4144a49de9fcc27623f3d36f598a9a4186907ed4fcf3f7c1d3a8d3e	kurdish-hunspell-kmr	88131d6878ef7fa3ee114aa554adc385ff85b44c	5763	bidestheqî	bidestheqî	noun_fem	F	po:noun_fem					pending
453	06580158abddf720f26678c3fb8d7bcf3fbeebb574c63c9913d7a62df4f51b3f	kurdish-hunspell-kmr	88131d6878ef7fa3ee114aa554adc385ff85b44c	11857	bêpîst	bêpîst	adjective	AN	po:adj					pending
454	0659a2d7f21d957f75193b10b994e9587cfd35368d0d0de0ec7b487cde896e10	kurdish-hunspell-kmr	88131d6878ef7fa3ee114aa554adc385ff85b44c	4180	berberîkirin	berberîkirin	noun_fem	F	po:noun_fem					pending
455	065a9ffd086bd1de23e0d020957f42e22e4c416a37fe5e5a02827d7cf30044a1	kurdish-hunspell-kmr	88131d6878ef7fa3ee114aa554adc385ff85b44c	1552	arîzekirî	arîzekirî	adjective	AN	po:adj					pending
456	065b91f1367ce60f9e56577f53e13441af207483eb7cc7521dcc0da6a2b2e00a	kurdish-hunspell-kmr	88131d6878ef7fa3ee114aa554adc385ff85b44c	25573	mervan	mervan	adjective	AN	po:adj					pending
457	065ca72e16cb1a89407563b426732352a75cd550a1141d955b0556540b0085ce	kurdish-hunspell-kmr	88131d6878ef7fa3ee114aa554adc385ff85b44c	40078	xêzbûn	xêzbûn	noun_fem	F	po:noun_fem					pending
458	065ce5f5ace0846b89c22607813edc200b51e5e04249d3069103946374b764da	kurdish-hunspell-kmr	88131d6878ef7fa3ee114aa554adc385ff85b44c	12676	bîzoketî	bîzoketî	adjective	AN	po:adj					pending
459	06605fac39fe4e7d4bddaea058cdbdc51ef6236ba524efaa0ad860041befad59	kurdish-hunspell-kmr	88131d6878ef7fa3ee114aa554adc385ff85b44c	2503	aşt	aşt	adjective	AN	po:adj					pending
460	06608320fdd0e0e88f2c8723e0f5841cbc805d32d1e95c08cfae1db6388b3836	kurdish-hunspell-kmr	88131d6878ef7fa3ee114aa554adc385ff85b44c	25003	manekirî	manekirî	adjective	AN	po:adj					pending
461	066161c8cc137644a099f06146f97f487b0dbafbdacaf180a643ef441adff23f	kurdish-hunspell-kmr	88131d6878ef7fa3ee114aa554adc385ff85b44c	25494	Merdan	merdan	noun_masc	M	po:noun_masc					pending
462	0661890acdc5d9ec02b881edece1671e264caf79fe7e636cd6103cb76ee4c5ab	kurdish-hunspell-kmr	88131d6878ef7fa3ee114aa554adc385ff85b44c	27543	nerm	nerm	adjective	AN	po:adj					pending
463	0661e268a8d269947f1b90ccae7a611142c7ac42ee737ba0d4c96d828e67119b	kurdish-hunspell-kmr	88131d6878ef7fa3ee114aa554adc385ff85b44c	19222	haşa	haşa	adverb	R	po:adv					pending
464	066458e30bac93be4fa9ca684eab613aada80bfd6b7565631973b13d06b8a9bd	kurdish-hunspell-kmr	88131d6878ef7fa3ee114aa554adc385ff85b44c	7671	bipirsgirêk	bipirsgirêk	adjective	AN	po:adj					pending
465	0664a85dc85947291041eed43b164112967ae105aadc7439f3244ccb277f2f7b	kurdish-hunspell-kmr	88131d6878ef7fa3ee114aa554adc385ff85b44c	7408	binexweşî	binexweşî	adjective	AN	po:adj					pending
466	06665260360e4efb8f61e9c61742910ca4f1743dfe407951fa1433b35d7c0cc9	kurdish-hunspell-kmr	88131d6878ef7fa3ee114aa554adc385ff85b44c	24146	laçik	laçik	noun_fem	F	po:noun_fem					pending
467	0668880241bdc4b18b277906b364035cb04bd4e9a816c5e377f1a999f00ca532	kurdish-hunspell-kmr	88131d6878ef7fa3ee114aa554adc385ff85b44c	23635	kunkunîkirin	kunkunîkirin	noun_fem	F	po:noun_fem					pending
468	066c83785f9bbda4cc11a7a1401e15614fd6fe63076899757614d16da0c2181c	kurdish-hunspell-kmr	88131d6878ef7fa3ee114aa554adc385ff85b44c	32773	rexdik	rexdik	noun_masc	M	po:noun_masc					pending
469	066d48e54ab8061003f23d09f361d8d65f0501419dbf48163bd9941d89b0aa0b	kurdish-hunspell-kmr	88131d6878ef7fa3ee114aa554adc385ff85b44c	16940	ferdîtî	ferdîtî	noun_fem	F	po:noun_fem					pending
470	066db498a978feb8f18af1e0e7c70bdec26c2eac282eba94be2d458352da661b	kurdish-hunspell-kmr	88131d6878ef7fa3ee114aa554adc385ff85b44c	18200	gilîzokî	gilîzokî	adjective	AN	po:adj					pending
471	066e2b206022aecf341adec5560eddca6aa1aac61feed58d95c831725d5a5410	kurdish-hunspell-kmr	88131d6878ef7fa3ee114aa554adc385ff85b44c	11829	bêpiştrast	bêpiştrast	adjective	AN	po:adj					pending
472	066e69e9e8451ecc9e3a71f9722892feee2ae0566741b759bc86658711a6501c	kurdish-hunspell-kmr	88131d6878ef7fa3ee114aa554adc385ff85b44c	25818	meşal	meşal	noun_fem	F	po:noun_fem					pending
473	066eaeeda688e2881c350806c219e290a5bc2e20b64884754a41aa8a8f6a559b	kurdish-hunspell-kmr	88131d6878ef7fa3ee114aa554adc385ff85b44c	14202	derckirin	derckirin	noun_fem	F	po:noun_fem					pending
474	066ec38ad23014a447b9b9943e5b5b865f1f88c8521e5230ee760e192b1e7286	kurdish-hunspell-kmr	88131d6878ef7fa3ee114aa554adc385ff85b44c	17693	garantîdan	garantîdan	noun_fem	F	po:noun_fem					pending
475	066f2f182d33a2eb34f900ac9d3cadb4e4134935227265abcf43e61bc248d432	kurdish-hunspell-kmr	88131d6878ef7fa3ee114aa554adc385ff85b44c	17496	fêdebexşî	fêdebexşî	noun_fem	F	po:noun_fem					pending
476	067504daf9f8eb2da9d5810d84d0d41c4a6c6171403d1844d65800a4abf25ccc	kurdish-hunspell-kmr	88131d6878ef7fa3ee114aa554adc385ff85b44c	12299	bêxisar	bêxisar	adjective	AN	po:adj					pending
477	06752611fb46f839b0a354e1aa52f302fc30e58b44fb1902fc3a215447fa3236	kurdish-hunspell-kmr	88131d6878ef7fa3ee114aa554adc385ff85b44c	11615	bênepenîkirin	bênepenîkirin	noun_fem	F	po:noun_fem					pending
478	067684c266bbb20cb6edc123c7fd293c306325fa1751cc44b81ef2bfbf265758	kurdish-hunspell-kmr	88131d6878ef7fa3ee114aa554adc385ff85b44c	33051	rizgarî	rizgarî	noun_fem	F	po:noun_fem					pending
479	067783ad0fe7aaa4cac4daf9eb067578894b6319b7ed36ae7637b2933f19ad58	kurdish-hunspell-kmr	88131d6878ef7fa3ee114aa554adc385ff85b44c	6359	bihevhêzî	bihevhêzî	adjective	AN	po:adj					pending
480	0679782ee66781d1d3e3b6e2eb69da6ac94b47b6340c44bfcec239e26d8b1224	kurdish-hunspell-kmr	88131d6878ef7fa3ee114aa554adc385ff85b44c	703	alatkirî	alatkirî	adjective	AN	po:adj					pending
481	067a5a1f74bc50a8e903f0532f6bd9f03e4607b60ba8869c6715bc88cc5d0cfc	kurdish-hunspell-kmr	88131d6878ef7fa3ee114aa554adc385ff85b44c	29918	piz	piz	noun_fem	F	po:noun_fem					pending
482	067ab92fc73526a0b91d5b83e36ece363f26de0cf4b18b6a22412748007829df	kurdish-hunspell-kmr	88131d6878ef7fa3ee114aa554adc385ff85b44c	34145	sengînkirî	sengînkirî	adjective	AN	po:adj					pending
483	067b8a51934577b52801e827d59c66a80a55ac111b816e6174f2eecdd106d2e9	kurdish-hunspell-kmr	88131d6878ef7fa3ee114aa554adc385ff85b44c	9986	bêbilêtî	bêbilêtî	noun_fem	F	po:noun_fem					pending
484	067d597a1d00f2f3e3e6cd041c33d13dd52ba1595131e197bbef02c1226544b0	kurdish-hunspell-kmr	88131d6878ef7fa3ee114aa554adc385ff85b44c	12307	bêxurdemenî	bêxurdemenî	adjective	AN	po:adj					pending
485	067d7c39c6d1278136a5e2527acf0cbbee953561631ed0c88de5586c8e00debc	kurdish-hunspell-kmr	88131d6878ef7fa3ee114aa554adc385ff85b44c	18580	goçelkirin	goçelkirin	noun_fem	F	po:noun_fem					pending
486	067ea045f26a05cc0f658a1a862bc992286d0863e7baaa97b09894451e245444	kurdish-hunspell-kmr	88131d6878ef7fa3ee114aa554adc385ff85b44c	34073	semadar	semadar	adjective	AN	po:adj					pending
487	067ff4f0bd48eec998b8c79c5cb5dab515452e3bed0a9b49a82396dbba0c0029	kurdish-hunspell-kmr	88131d6878ef7fa3ee114aa554adc385ff85b44c	21031	hêrsoyîbûn	hêrsoyîbûn	noun_fem	F	po:noun_fem					pending
488	068059a1b5728fb5cb90831f0aeacea08e0731d0e54900ea390adb033261b236	kurdish-hunspell-kmr	88131d6878ef7fa3ee114aa554adc385ff85b44c	35021	sirand	sirand	verb	T	po:verb;is:past_stem_transitive_active;st:sir;lem:sirandin					pending
489	06818c98c87bb539b9fa1b3b7f486e433ccfeb758c142cda995403b526e7e7a4	kurdish-hunspell-kmr	88131d6878ef7fa3ee114aa554adc385ff85b44c	27582	nesebiqî	nesebiqî	adjective	AN	po:adj					pending
490	06823ef739d5559481a87dc7b8f7e8147c0933f08d37eb5e11afdb0bc148e2c0	kurdish-hunspell-kmr	88131d6878ef7fa3ee114aa554adc385ff85b44c	32297	rastgo	rastgo	adjective	AN	po:adj					pending
491	0684260b9acab0f90988fbfb2a3420d45ed569b7d377aa8f3c9e9d2733075816	kurdish-hunspell-kmr	88131d6878ef7fa3ee114aa554adc385ff85b44c	25755	meyrik	meyrik	noun_fem	F	po:noun_fem					pending
492	06851aa758b4535ff28b4cd4249622093dc0f28e77a8832761aa0fe19ffae967	kurdish-hunspell-kmr	88131d6878ef7fa3ee114aa554adc385ff85b44c	34544	serokatî	serokatî	noun_fem	F	po:noun_fem					pending
493	06858a90a73226ddd88d0424af6293ec83d491227e7123e2345e60be698b3208	kurdish-hunspell-kmr	88131d6878ef7fa3ee114aa554adc385ff85b44c	10658	bêgumanbarîtî	bêgumanbarîtî	noun_fem	F	po:noun_fem					pending
494	0686b49bde1972c3648fe492d5107f6684bea5b0e31e3c6d55a3f87988ceaaec	kurdish-hunspell-kmr	88131d6878ef7fa3ee114aa554adc385ff85b44c	15199	donekîbûn	donekîbûn	noun_fem	F	po:noun_fem					pending
495	0688314cace3d99b571fe4cbd58f2c3e34af20dd1228061412b44ee4ea2aacf2	kurdish-hunspell-kmr	88131d6878ef7fa3ee114aa554adc385ff85b44c	31016	qaîlker	qaîlker	adjective	AN	po:adj					pending
496	0689b7eae719bdfcab2354e6f77a0c531cabb6455cd892ddf56355d244283078	kurdish-hunspell-kmr	88131d6878ef7fa3ee114aa554adc385ff85b44c	24236	lekeyîkirî	lekeyîkirî	adjective	AN	po:adj					pending
497	0692088e9c249644421a9bd5ff6e9d9bb6530ee323c8c807f1d1d3d99cd07a6f	kurdish-hunspell-kmr	88131d6878ef7fa3ee114aa554adc385ff85b44c	26044	milîlître	milîlître	noun_fem	F	po:noun_fem					pending
498	069451c0f8d5b5d949f6a86e4e3198ec19cf74faa555bf030ab89dd723dc52a3	kurdish-hunspell-kmr	88131d6878ef7fa3ee114aa554adc385ff85b44c	11830	bêpişû	bêpişû	adjective	AN	po:adj					pending
499	0694c5bb2de32376b0d491ba7cb266adff389024798a320bed8a7440adf5f850	kurdish-hunspell-kmr	88131d6878ef7fa3ee114aa554adc385ff85b44c	16599	eydane	eydane	adjective	AN	po:adj					pending
500	0696389257909222b48a4eb8e380cf1f87f3867233cc9ce4e47c7568f9f7ae4f	kurdish-hunspell-kmr	88131d6878ef7fa3ee114aa554adc385ff85b44c	41836	çilmisokîbûn	çilmisokîbûn	noun_fem	F	po:noun_fem					pending
501	06984a5e5610313d890568b569e5a7b5c1101087272635f08ce3a721b98e49aa	kurdish-hunspell-kmr	88131d6878ef7fa3ee114aa554adc385ff85b44c	39580	xox	xox	noun_fem	F	po:noun_fem					pending
502	069a35055704af756cf8bd6d3d7739ce027a7eb80c1eab5e63946d412ffda110	kurdish-hunspell-kmr	88131d6878ef7fa3ee114aa554adc385ff85b44c	16412	estrad	estrad	noun_fem	F	po:noun_fem					pending
503	069a3f61620b1ccbd4f1c6d6e6f283e1def5b31b66a172b3b73c1c6e5ef031b6	kurdish-hunspell-kmr	88131d6878ef7fa3ee114aa554adc385ff85b44c	34705	sewqiyat	sewqiyat	noun_fem	F	po:noun_fem					pending
504	069b40eb273cd9dd5a7715d760ae405df04e96ff2e8a99c47dd5038e3c5fa88b	kurdish-hunspell-kmr	88131d6878ef7fa3ee114aa554adc385ff85b44c	17465	fraksiyonel	fraksiyonel	adjective	AN	po:adj					pending
505	06a0e166e14cb2390cdf3a1fe9f21a463e59ed3c41af091dcb07cf3b734f395c	kurdish-hunspell-kmr	88131d6878ef7fa3ee114aa554adc385ff85b44c	36860	Tetwan	tetwan	propn	ZF	po:propn					pending
506	06a263ee1645def19822ccce32f0f1a992688167f0857200d1fd1018e5d20de3	kurdish-hunspell-kmr	88131d6878ef7fa3ee114aa554adc385ff85b44c	17721	gavik	gavik	noun_fem	F	po:noun_fem					pending
507	06a33b4e3132793627d67b2f477d3c50545bf1c25a1f537ef4efcb5b98856da9	kurdish-hunspell-kmr	88131d6878ef7fa3ee114aa554adc385ff85b44c	24705	lêzêdekirin	lêzêdekirin	noun_fem	F	po:noun_fem					pending
508	06a3dc10670e0539a0b3e75bafd5d8cee39aa569e23541247b4100cfc2159004	kurdish-hunspell-kmr	88131d6878ef7fa3ee114aa554adc385ff85b44c	33176	romantîk	romantîk	adjective	AN	po:adj					pending
509	06a4467a94dd26db66b6e034490a6bb1e5affea44a65ff4418e50f8a175493f5	kurdish-hunspell-kmr	88131d6878ef7fa3ee114aa554adc385ff85b44c	22173	kaşxane	kaşxane	noun_fem	F	po:noun_fem					pending
510	06a4b746ada118d6e35f019f0efbaf42c1169361c68b4c5bd048027ba627c883	kurdish-hunspell-kmr	88131d6878ef7fa3ee114aa554adc385ff85b44c	12406	bêzordarî	bêzordarî	adjective	AN	po:adj					pending
511	06a9daf5fa0bbb82de2f78b90385b16ac1b7fd57ffc4d38ce0b20e34880238ef	kurdish-hunspell-kmr	88131d6878ef7fa3ee114aa554adc385ff85b44c	39552	xofîn	xofîn	verb	XF	po:verb					pending
512	06aba7a03f01ae1f819ba10ed8b207f52a68d4e842adb07921d856082802755c	kurdish-hunspell-kmr	88131d6878ef7fa3ee114aa554adc385ff85b44c	32330	ravakirin	ravakirin	noun_fem	F	po:noun_fem					pending
513	06af4f659881a6883427e7244617349c0b517e5f1833d059966a378ea1fb7c4c	kurdish-hunspell-kmr	88131d6878ef7fa3ee114aa554adc385ff85b44c	11038	bêjekirin	bêjekirin	noun_fem	F	po:noun_fem					pending
514	06b08491fad747f017e4e198e039c5417161a43692a053304053e6f518e8496d	kurdish-hunspell-kmr	88131d6878ef7fa3ee114aa554adc385ff85b44c	4593	bernivîs	bernivîs	noun_fem	F	po:noun_fem					pending
515	06b11d91590ae1d7f292779ea5fb3f2977d188b82d5498457cb7513720b1a53f	kurdish-hunspell-kmr	88131d6878ef7fa3ee114aa554adc385ff85b44c	33560	rûreşbûn	rûreşbûn	noun_fem	F	po:noun_fem					pending
516	06b24ef66b694fdffa14ed55e5c9e452ec07e8298f9ed0ca67c270a2093f8339	kurdish-hunspell-kmr	88131d6878ef7fa3ee114aa554adc385ff85b44c	12619	bîrdoz	bîrdoz	noun_fem	F	po:noun_fem					pending
517	06b64c0a6259255c08b8245aa3fd4bc4c6ac72cf7cdcb1579cd29c5dd97a0a57	kurdish-hunspell-kmr	88131d6878ef7fa3ee114aa554adc385ff85b44c	33234	Rozarîyo	rozarîyo	propn	ZF	po:propn					pending
518	06b6c4b24f1f62317191b9d06235394160888fdbd0748eb80009b9d99455dffd	kurdish-hunspell-kmr	88131d6878ef7fa3ee114aa554adc385ff85b44c	30206	Preston	preston	propn	ZF	po:propn					pending
519	06b709428a62febb729e092ab64143245885476eca4819e04f4f2f176e03dd5e	kurdish-hunspell-kmr	88131d6878ef7fa3ee114aa554adc385ff85b44c	24380	leşkerane	leşkerane	adjective	AN	po:adj					pending
520	06b95b1486664a8e550fabd464cd58a48051aec583d9a96d72df613f76b79f71	kurdish-hunspell-kmr	88131d6878ef7fa3ee114aa554adc385ff85b44c	20919	hêginkirin	hêginkirin	noun_fem	F	po:noun_fem					pending
521	06bd3787d636cde0de399c508bcefeb16e729ac172797877f6f68cf272e03fa4	kurdish-hunspell-kmr	88131d6878ef7fa3ee114aa554adc385ff85b44c	10475	bêeynek	bêeynek	adjective	AN	po:adj					pending
522	06c85ce0b1f9357f22e9d84695f43ac8e0194715f00f617ab3cbd2d50009382d	kurdish-hunspell-kmr	88131d6878ef7fa3ee114aa554adc385ff85b44c	11778	bêperekirin	bêperekirin	noun_fem	F	po:noun_fem					pending
523	06c8d2a855f3167909529e4eeb3789f983f41552d3cf47f016d5c63b696a5321	kurdish-hunspell-kmr	88131d6878ef7fa3ee114aa554adc385ff85b44c	33283	rêbazname	rêbazname	noun_fem	F	po:noun_fem					pending
524	06c90498f782ab880b7a4bbace3c405bfb54a0a04e84440a87027382b68bfb0c	kurdish-hunspell-kmr	88131d6878ef7fa3ee114aa554adc385ff85b44c	14757	dilgirankirî	dilgirankirî	adjective	AN	po:adj					pending
525	06cc09f4b69913a8326c2c16dab5a91c726c306554ab5b45d024aa8dafc0b5a9	kurdish-hunspell-kmr	88131d6878ef7fa3ee114aa554adc385ff85b44c	43642	şoreşger	şoreşger	noun_masc	M	po:noun_masc					pending
526	06cca41b73248150893094b3621c1b868e1067fa688244fbcc54bd8cd9e067a3	kurdish-hunspell-kmr	88131d6878ef7fa3ee114aa554adc385ff85b44c	39455	xirvekirî	xirvekirî	adjective	AN	po:adj					pending
527	06cd022e6aeb8fc9a88e9f6dba6d7bda498139a344289d20c9bd70729dd35bd7	kurdish-hunspell-kmr	88131d6878ef7fa3ee114aa554adc385ff85b44c	39613	xuhdar	xuhdar	adjective	AN	po:adj					pending
528	06cd444530579d450e99ad90fee272dcfc980e31f973daddcf186ebaa3b09260	kurdish-hunspell-kmr	88131d6878ef7fa3ee114aa554adc385ff85b44c	16531	ewlekar	ewlekar	noun_fem	F	po:noun_fem					pending
529	06cf3a8478b4ffe644a9e72cad3608361cb161e4a1d21267944088ba02a5d88b	kurdish-hunspell-kmr	88131d6878ef7fa3ee114aa554adc385ff85b44c	9113	bizêdetirî	bizêdetirî	noun_fem	F	po:noun_fem					pending
530	06d15559dd2932fd6e6c7d3e34e3198727a2eb2f5acec8fdacf1fbd08f29a8e8	kurdish-hunspell-kmr	88131d6878ef7fa3ee114aa554adc385ff85b44c	12195	bêteşqele	bêteşqele	adjective	AN	po:adj					pending
531	06d341c07b37e71cb34c3d0a05fd4d870e008dcf9f83b700876cf0266a5c7ca6	kurdish-hunspell-kmr	88131d6878ef7fa3ee114aa554adc385ff85b44c	34607	sertil	sertil	noun_fem	F	po:noun_fem					pending
532	06d455e1cc43fb887028307c649389e6e6158bbd382116f3efd9eff7b325cae6	kurdish-hunspell-kmr	88131d6878ef7fa3ee114aa554adc385ff85b44c	1433	arkeolojî	arkeolojî	noun_fem	F	po:noun_fem					pending
533	06d47c7d12eda38a486f7e2f278655f12ff4861c99a8d80e77202f5883032a55	kurdish-hunspell-kmr	88131d6878ef7fa3ee114aa554adc385ff85b44c	18794	gulîl	gulîl	noun_fem	F	po:noun_fem					pending
534	06d689588c22ec31d5121711876f1c29bc472582d7cde6c3ba9fd528fbde73ab	kurdish-hunspell-kmr	88131d6878ef7fa3ee114aa554adc385ff85b44c	38876	xapîndar	xapîndar	adjective	AN	po:adj					pending
535	06d802e786800458553c4dc47fe85fcc731497a81493258d270fae8e350e9686	kurdish-hunspell-kmr	88131d6878ef7fa3ee114aa554adc385ff85b44c	9804	bêatacî	bêatacî	noun_fem	F	po:noun_fem					pending
536	06d82a1d03dcfeb35ec38410ae90a7acc08251e4e3121211dcef25f73603b68d	kurdish-hunspell-kmr	88131d6878ef7fa3ee114aa554adc385ff85b44c	30872	qahwe	qahwe	noun_fem	F	po:noun_fem					pending
537	06da3bc2e549eaca8247a351d5ef930b752dfaa46c4504ef24adc4e81f83cc6e	kurdish-hunspell-kmr	88131d6878ef7fa3ee114aa554adc385ff85b44c	14188	derbiderî	derbiderî	noun_fem	F	po:noun_fem					pending
538	06daae780789ca2dd148eb58ed9548f6090e8f1f9040757cac71865de5195885	kurdish-hunspell-kmr	88131d6878ef7fa3ee114aa554adc385ff85b44c	10893	bêhndarî	bêhndarî	noun_fem	F	po:noun_fem					pending
539	06dc725547b0d385f2a74b01029148c693907684f8e50c2403689cf7b940b9ec	kurdish-hunspell-kmr	88131d6878ef7fa3ee114aa554adc385ff85b44c	8358	biserîtî	biserîtî	noun_fem	F	po:noun_fem					pending
540	06dc862fefc7a03d0116320feac858f5c0488e8cdaa5ddb6a9b6b8cca16094bf	kurdish-hunspell-kmr	88131d6878ef7fa3ee114aa554adc385ff85b44c	2247	ayînperist	ayînperist	adjective	AN	po:adj					pending
541	06dd12f84a1e3088a0403e16b545ddada5a61d0323e9d5f25aa725764ea69f2b	kurdish-hunspell-kmr	88131d6878ef7fa3ee114aa554adc385ff85b44c	4355	berf	berf	noun_fem	F	po:noun_fem					pending
542	06dea597e0190fa2ae8a20df2dcee049fe66d59f8b446610a3614b60ac8ba2b6	kurdish-hunspell-kmr	88131d6878ef7fa3ee114aa554adc385ff85b44c	30601	pêşgirk	pêşgirk	noun_fem	F	po:noun_fem					pending
543	06e00f5d694cbd58dad1bb60473735d0ccb9259a048013f664aa62e56ba8da93	kurdish-hunspell-kmr	88131d6878ef7fa3ee114aa554adc385ff85b44c	21401	irtica	irtica	noun_fem	F	po:noun_fem					pending
544	06e2b25cc392c527a3b6371bc13d920d55da84fea88d6b53816ceefde5e093ec	kurdish-hunspell-kmr	88131d6878ef7fa3ee114aa554adc385ff85b44c	42464	îfadekirî	îfadekirî	adjective	AN	po:adj					pending
545	06e3463edcbc0291f4697a55e60cb21c1811ad0ccf91e9f21eecffbddd45fe51	kurdish-hunspell-kmr	88131d6878ef7fa3ee114aa554adc385ff85b44c	13384	cumhûriyet	cumhûriyet	noun_fem	F	po:noun_fem					pending
546	06e37b3d14cc1ba712029dbb5dd9a64d20687904bfd054d46dac69c8fc4dee04	kurdish-hunspell-kmr	88131d6878ef7fa3ee114aa554adc385ff85b44c	25669	metirsî	metirsî	noun_fem	F	po:noun_fem					pending
547	06e4226d1a8fff6db4dd6d30229fcdfa7e1f346dbd12f914cd8c13056fb2dba9	kurdish-hunspell-kmr	88131d6878ef7fa3ee114aa554adc385ff85b44c	18052	gewzî	gewzî	noun_fem	F	po:noun_fem					pending
548	06e5197d993f5af426735f4576279810a6a71372667270b7795e625b8c4e4f62	kurdish-hunspell-kmr	88131d6878ef7fa3ee114aa554adc385ff85b44c	27368	nekarîn	nekarîn	verb	XF	po:verb					pending
549	06e69cdc6bb0d7755b386c86cf5b90336c92228353f5a0883ee27e7e0c5376fa	kurdish-hunspell-kmr	88131d6878ef7fa3ee114aa554adc385ff85b44c	4472	berhevdêrî	berhevdêrî	noun_fem	F	po:noun_fem					pending
550	06e6fb7dee2d63ff8cd9d480e2115b0596686ced2b38ca1169f66211d1151e5c	kurdish-hunspell-kmr	88131d6878ef7fa3ee114aa554adc385ff85b44c	39994	xwînbûn	xwînbûn	noun_fem	F	po:noun_fem					pending
551	06e744e3dd07cfc64abffba76a30597f7a00e6c6c4bf7d35d7ace317480de3ad	kurdish-hunspell-kmr	88131d6878ef7fa3ee114aa554adc385ff85b44c	34305	serecem	serecem	noun_fem	F	po:noun_fem					pending
552	06e83f50bc9086f3dd8ddb0edf3634cceab72c8ebd276b7a38c87b791a7228ea	kurdish-hunspell-kmr	88131d6878ef7fa3ee114aa554adc385ff85b44c	12261	bêwijdanîkirî	bêwijdanîkirî	adjective	AN	po:adj					pending
553	06e8bffc0b32f99a9d3bc5bfacfa590cd65d218c05a0a7cf3fd8889ece3872c1	kurdish-hunspell-kmr	88131d6878ef7fa3ee114aa554adc385ff85b44c	21306	ilimder	ilimder	noun_fem	F	po:noun_fem					pending
554	06ea3797a00990e4fbb6701ae4a05e8665367305445d0e93993bbc3ec05b78c6	kurdish-hunspell-kmr	88131d6878ef7fa3ee114aa554adc385ff85b44c	17205	firdan	firdan	noun_fem	F	po:noun_fem					pending
555	06ea759aa7cef94e9b94154fbc61f34abd2e925e51db03c066ba401057c8cb0a	kurdish-hunspell-kmr	88131d6878ef7fa3ee114aa554adc385ff85b44c	19859	hesûdî	hesûdî	noun_fem	F	po:noun_fem					pending
556	06ebaa4d344c7a8d5e208a134cec0e9afca766913780f942a3d02664480a48c2	kurdish-hunspell-kmr	88131d6878ef7fa3ee114aa554adc385ff85b44c	24764	lîstik	lîstik	noun_fem	F	po:noun_fem					pending
557	06ec4e3f63ca9d0456736c2f6d6d0a4a4a98642fe6cbf09caba1317c764b3e43	kurdish-hunspell-kmr	88131d6878ef7fa3ee114aa554adc385ff85b44c	3359	bazarkirin	bazarkirin	noun_fem	F	po:noun_fem					pending
558	06f534ff534b2c30b108dd139afd8119fecb59e7ed24c9257770982db25e1592	kurdish-hunspell-kmr	88131d6878ef7fa3ee114aa554adc385ff85b44c	10326	bêdongî	bêdongî	adjective	AN	po:adj					pending
559	06f6299ef965d7e9e60b106e60317bbb1d1b9c2538739d4675acbbea469adb0a	kurdish-hunspell-kmr	88131d6878ef7fa3ee114aa554adc385ff85b44c	30075	polî	polî	adjective	AN	po:adj					pending
560	06f6f476a7594b8f48e3d1f5de9c416bfd28de15a47f10e676c9ccbb2f8edb40	kurdish-hunspell-kmr	88131d6878ef7fa3ee114aa554adc385ff85b44c	41627	çepkirî	çepkirî	adjective	AN	po:adj					pending
561	06f812a841a0294f3c9b8151cd7f5b88ee160fe63f1a3083f1682f7de0db35bd	kurdish-hunspell-kmr	88131d6878ef7fa3ee114aa554adc385ff85b44c	14560	dewlemendî	dewlemendî	noun_fem	F	po:noun_fem					pending
562	06f83b9c2437ced215ed70a34cc31d8201c911e4277f3e6c467e64d09cc87788	kurdish-hunspell-kmr	88131d6878ef7fa3ee114aa554adc385ff85b44c	41940	çirkeçirk	çirkeçirk	noun_fem	F	po:noun_fem					pending
563	06fdf1dd0992aed26d1532aceffd35348893455ec9a094e510798f166e771238	kurdish-hunspell-kmr	88131d6878ef7fa3ee114aa554adc385ff85b44c	23712	kurs	kurs	noun_fem	F	po:noun_fem					pending
564	06ff642a50b1b85b31743a4171def023eadfe9537635434cca23f7f2013c5cc9	kurdish-hunspell-kmr	88131d6878ef7fa3ee114aa554adc385ff85b44c	37741	tîq-tîq	tîq-tîq	noun_fem	F	po:noun_fem					pending
565	06ffd7127b3c75868d1b233c0c95259997d10955bb9d608ffd8aa8c4bdc5df2a	kurdish-hunspell-kmr	88131d6878ef7fa3ee114aa554adc385ff85b44c	3300	bawilî	bawilî	noun_fem	F	po:noun_fem					pending
566	0700a209f6e9ce54fb20e427baace8c66283cfba77dcd94104c4ff88880ed991	kurdish-hunspell-kmr	88131d6878ef7fa3ee114aa554adc385ff85b44c	17688	ganî	ganî	adjective	AN	po:adj					pending
567	0703d36c09546a8aa1cc7b0eb9b76f7269b75677f606fcba06c5c3aeb1f1e097	kurdish-hunspell-kmr	88131d6878ef7fa3ee114aa554adc385ff85b44c	20033	hevrrikîkirî	hevrrikîkirî	adjective	AN	po:adj					pending
568	070608c018e706124b891b0e319c0dfeb75046e4575546f67c5df642dd33e013	kurdish-hunspell-kmr	88131d6878ef7fa3ee114aa554adc385ff85b44c	18181	giloxebûyî	giloxebûyî	adjective	AN	po:adj					pending
569	070800647922b91ee0c33cc0740dc3fe4d084c9b2b8ed9d3963f88c9e8713d66	kurdish-hunspell-kmr	88131d6878ef7fa3ee114aa554adc385ff85b44c	38835	xaltî	xaltî	noun_fem	F	po:noun_fem					pending
570	0708b492aeab0c201c56dad30c0411d0dc0ce0132ac923ea1788fa134b40fb07	kurdish-hunspell-kmr	88131d6878ef7fa3ee114aa554adc385ff85b44c	12119	bêstûn	bêstûn	adjective	AN	po:adj					pending
571	0708dbfda4ee30df71036a633a814cbfb530ed3e13c84d6e846e00154e63793c	kurdish-hunspell-kmr	88131d6878ef7fa3ee114aa554adc385ff85b44c	3424	başbînî	başbînî	noun_fem	F	po:noun_fem					pending
572	070c064b2ab206fa6a8eb9e352d4f1c38caf007663250fc1d10131dc35ca9efc	kurdish-hunspell-kmr	88131d6878ef7fa3ee114aa554adc385ff85b44c	32187	rakend	rakend	noun_fem	F	po:noun_fem					pending
573	070c29028579af2a38a2e8dbff8c19a41e1b9a1541a0f55c567fe1188bfbe056	kurdish-hunspell-kmr	88131d6878ef7fa3ee114aa554adc385ff85b44c	6691	bikapîtalî	bikapîtalî	noun_fem	F	po:noun_fem					pending
574	070cd920228b241dae10d42789174ef8276e6d46d6523f3236ae030dc13e834a	kurdish-hunspell-kmr	88131d6878ef7fa3ee114aa554adc385ff85b44c	27492	neqandî	neqandî	adjective	AN	po:adj					pending
575	070e450cd1ede1c10f2aa6b8f6c68e032fcfa8b058e9f9f6644e46f55c1620ee	kurdish-hunspell-kmr	88131d6878ef7fa3ee114aa554adc385ff85b44c	31095	qedirand	qedirand	verb	T	po:verb;is:past_stem_transitive_active;st:qedir;lem:qedirandin					pending
576	0711edf409aa5fbacb1031e2e1bb7204419b7e35d2d0ab820e09062416cedcc4	kurdish-hunspell-kmr	88131d6878ef7fa3ee114aa554adc385ff85b44c	9292	bişaşî	bişaşî	adverb	R	po:adv					pending
577	071570c47eebcc8e29d5eb75e75215f4f563d0227025c367a2a0f069f3806e65	kurdish-hunspell-kmr	88131d6878ef7fa3ee114aa554adc385ff85b44c	27156	nazdarkirî	nazdarkirî	adjective	AN	po:adj					pending
578	0718737c696ac9abbe1546100307e9cfc97751efe69305ee3f4f4b824c601301	kurdish-hunspell-kmr	88131d6878ef7fa3ee114aa554adc385ff85b44c	30666	pî	pî	noun_masc	M	po:noun_masc					pending
579	0719fa99e49a712ac00d159229d79fb3462754106f66293155fbd15647fa5028	kurdish-hunspell-kmr	88131d6878ef7fa3ee114aa554adc385ff85b44c	36115	Taywan	taywan	propn	ZF	po:propn					pending
580	071c1b0519acfcf6e1b262f12041e3530e28d343dbd001c686f6d213d00017ca	kurdish-hunspell-kmr	88131d6878ef7fa3ee114aa554adc385ff85b44c	25209	mecra	mecra	noun_fem	F	po:noun_fem					pending
581	071dec8a949bbd9e275e824b64e0576a077f45e66917fc3a493389785c69cdf9	kurdish-hunspell-kmr	88131d6878ef7fa3ee114aa554adc385ff85b44c	13133	cihîbûn	cihîbûn	noun_fem	F	po:noun_fem					pending
582	0722364d51d921492217b11a0c77d27a898949f24172104c99400b8a9fcd10e8	kurdish-hunspell-kmr	88131d6878ef7fa3ee114aa554adc385ff85b44c	31175	qelabend	qelabend	noun_fem	F	po:noun_fem					pending
583	0722d9e6c4d3b0a73ad197b051620b6662948a72c8f2f2c20d8b0e8aa564a362	kurdish-hunspell-kmr	88131d6878ef7fa3ee114aa554adc385ff85b44c	24178	Leeds	leeds	propn	ZF	po:propn					pending
584	0724cf738054dd6cdaedd9e3fb34e2bfea7db83d1aac40058ffa226c7923a225	kurdish-hunspell-kmr	88131d6878ef7fa3ee114aa554adc385ff85b44c	37120	ticaret	ticaret	noun_fem	F	po:noun_fem					pending
585	0724f4f3de4474e63d77dd0af6bf2662a38117534a93f380eba8fca32e35d2ce	kurdish-hunspell-kmr	88131d6878ef7fa3ee114aa554adc385ff85b44c	15657	dûtin	dûtin	noun_fem	F	po:noun_fem					pending
586	0726e7ea4607db9bcf733e7d17134053065a4ccbc6fea1e2afeb1e295dba7cf5	kurdish-hunspell-kmr	88131d6878ef7fa3ee114aa554adc385ff85b44c	9223	biçûkxistî	biçûkxistî	adjective	AN	po:adj					pending
587	072929e45594ea7cb65eb64a0ab2212a53bee29f0ec59a8653520755dc92bd64	kurdish-hunspell-kmr	88131d6878ef7fa3ee114aa554adc385ff85b44c	30971	qatil	qatil	noun_masc	M	po:noun_masc					pending
588	072ce9c51525b60db7f9570a04a3299df434e178a8e726666527acc642dd1eea	kurdish-hunspell-kmr	88131d6878ef7fa3ee114aa554adc385ff85b44c	11044	bêjenasî	bêjenasî	noun_fem	F	po:noun_fem					pending
589	072e4f91a78ec7d180c71015c95d79fe1be6ee43b5aa04ca8d291f924cefb5fe	kurdish-hunspell-kmr	88131d6878ef7fa3ee114aa554adc385ff85b44c	42646	îsawîtî	îsawîtî	noun_fem	F	po:noun_fem					pending
590	073154eccf5b982256fe44f4f76fb3329328f4d7a516c5a4a47cdd09d51ee1d5	kurdish-hunspell-kmr	88131d6878ef7fa3ee114aa554adc385ff85b44c	31372	qerisand	qerisand	verb	T	po:verb;is:past_stem_transitive_active;st:qeris;lem:qerisandin					pending
591	073156ef380256bf0b6d02f31339f1199220d556db3a39c46a29a386999f8fb6	kurdish-hunspell-kmr	88131d6878ef7fa3ee114aa554adc385ff85b44c	22679	kevzgirtin	kevzgirtin	noun_fem	F	po:noun_fem					pending
592	07315757a0484458ad4e2401b6a3b2fe5d50bf2121629229307224b3215ed6bb	kurdish-hunspell-kmr	88131d6878ef7fa3ee114aa554adc385ff85b44c	23379	kortalîkirin	kortalîkirin	noun_fem	F	po:noun_fem					pending
593	0735badbe2d61ab6103831b7971f93e455c89aca85ac380ba6c6c46296bf91fd	kurdish-hunspell-kmr	88131d6878ef7fa3ee114aa554adc385ff85b44c	16751	fanatîk	fanatîk	adjective	AN	po:adj					pending
594	0735cab708ce0333e1230a0c02a17850e49ab90c7dbc418a05ff691b6901d3a1	kurdish-hunspell-kmr	88131d6878ef7fa3ee114aa554adc385ff85b44c	7320	binberkirî	binberkirî	adjective	AN	po:adj					pending
595	0735fb4dd091cb61277af6bd308a79739fd40b5ac02d696094a5bcf00f06caf3	kurdish-hunspell-kmr	88131d6878ef7fa3ee114aa554adc385ff85b44c	25055	marik	marik	noun_masc	M	po:noun_masc					pending
596	07366afa9f968a21046ceb1158bc1f89276cdbddc9e37881b798d117da67c915	kurdish-hunspell-kmr	88131d6878ef7fa3ee114aa554adc385ff85b44c	26330	mixabin	mixabin	adverb	R	po:adv					pending
597	073ea33bf5a8467dde66a39ea93316066f5e489069968466a39f52e590fa9f6a	kurdish-hunspell-kmr	88131d6878ef7fa3ee114aa554adc385ff85b44c	30594	pêşerojane	pêşerojane	adjective	AN	po:adj					pending
598	074145081ad6f3ec30e5ac4fe3cdc02b2d7d65c1f7c0c81e24c1e3050a03c725	kurdish-hunspell-kmr	88131d6878ef7fa3ee114aa554adc385ff85b44c	5423	biberçavkî	biberçavkî	noun_fem	F	po:noun_fem					pending
599	074220460e95bd0e81f0bd7e09179278bfa95434f7221a9c4e490e717a8dca11	kurdish-hunspell-kmr	88131d6878ef7fa3ee114aa554adc385ff85b44c	25354	melekane	melekane	adjective	AN	po:adj					pending
600	074401a69deb81f6be8f4665a0aed7b67f60087f398be003553dc339b5987c6b	kurdish-hunspell-kmr	88131d6878ef7fa3ee114aa554adc385ff85b44c	22574	kesidand	kesidand	verb	T	po:verb;is:past_stem_transitive_active;st:kesid;lem:kesidandin					pending
601	074609a45a231fad86c15e6860ef188cab71a07583356b73d4440c35acaeb841	kurdish-hunspell-kmr	88131d6878ef7fa3ee114aa554adc385ff85b44c	73	abad	abad	adjective	AN	po:adj					pending
602	0749c542ce157c226ddf9737e1fa7a76ae2af1082d49973766c954f2633bea0f	kurdish-hunspell-kmr	88131d6878ef7fa3ee114aa554adc385ff85b44c	13688	daqurtîn	daqurtîn	noun_fem	F	po:noun_fem					pending
603	074c6707fc6a054db05ceeb2ab00d9f2e8f1359e24bab70b7947d34f1da913ce	kurdish-hunspell-kmr	88131d6878ef7fa3ee114aa554adc385ff85b44c	36315	teknîk	teknîk	noun_fem	F	po:noun_fem					pending
604	074f1964dd76cf99028c7ea039cc4dbc38ff016615008bebd41ef8dbeb0a14a6	kurdish-hunspell-kmr	88131d6878ef7fa3ee114aa554adc385ff85b44c	10006	bêbintar	bêbintar	adjective	AN	po:adj					pending
605	07527c994898618a5d43a581770b56361211c7c28176469b57706b2dfb2e0689	kurdish-hunspell-kmr	88131d6878ef7fa3ee114aa554adc385ff85b44c	1754	atifî	atifî	noun_fem	F	po:noun_fem					pending
606	0756478a402364c3bef732edb888fca7e62b9537c2427c0cbc722198f9a96689	kurdish-hunspell-kmr	88131d6878ef7fa3ee114aa554adc385ff85b44c	4414	bergindî	bergindî	noun_fem	F	po:noun_fem					pending
607	07571c35b0e11d1b6d4c12fabf05b33df68f9a3db15ca05758da5ae7504738dc	kurdish-hunspell-kmr	88131d6878ef7fa3ee114aa554adc385ff85b44c	6980	bilotî	bilotî	noun_fem	F	po:noun_fem					pending
608	075d0a5a0cfb99fe38c9b17cd02366018a2e87537bdfebe289c0b570de4981cf	kurdish-hunspell-kmr	88131d6878ef7fa3ee114aa554adc385ff85b44c	22603	kesîkirî	kesîkirî	adjective	AN	po:adj					pending
609	075e46a02af35ae97cf4c618001a3699758948d0bab54f1da6c225fd0433b585	kurdish-hunspell-kmr	88131d6878ef7fa3ee114aa554adc385ff85b44c	43565	şixul	şixul	noun_masc	M	po:noun_masc					pending
610	075f031003bb02afc238980b102d08f7759251ea8e7be1a2248db349a1a797fb	kurdish-hunspell-kmr	88131d6878ef7fa3ee114aa554adc385ff85b44c	4004	bengî	bengî	noun_fem	F	po:noun_fem					pending
611	0760021c65c06823e90989d6372c70f68153feda1f1e9b9f268ffb23a82e327d	kurdish-hunspell-kmr	88131d6878ef7fa3ee114aa554adc385ff85b44c	22933	kirkirin	kirkirin	noun_fem	F	po:noun_fem					pending
612	07600317b7dbf000902837ba1a456fcc0fd0949664adf221a0d691df14690ef2	kurdish-hunspell-kmr	88131d6878ef7fa3ee114aa554adc385ff85b44c	14159	derazîng	derazîng	noun_fem	F	po:noun_fem					pending
613	076129c1d63dcb9378b7b300ebbe34328b72f37260cf195bcec03c4773f495c2	kurdish-hunspell-kmr	88131d6878ef7fa3ee114aa554adc385ff85b44c	23358	korewarbûyî	korewarbûyî	adjective	AN	po:adj					pending
614	0764629d44304aa1110b6b08ae0554680a06d160b74e0577e096238741d64ec5	kurdish-hunspell-kmr	88131d6878ef7fa3ee114aa554adc385ff85b44c	4619	berpirsbûyî	berpirsbûyî	adjective	AN	po:adj					pending
615	076632f51c8dc400b3f6ba668149222d6ccc9767621ec2b75e85cda857741d3e	kurdish-hunspell-kmr	88131d6878ef7fa3ee114aa554adc385ff85b44c	24213	lehîrakirin	lehîrakirin	noun_fem	F	po:noun_fem					pending
616	0771712ee1b9cc2272940a02d9f4dbaddcae5b2a5eabedefbd76443facf0ea5c	kurdish-hunspell-kmr	88131d6878ef7fa3ee114aa554adc385ff85b44c	16858	felcbûyî	felcbûyî	adjective	AN	po:adj					pending
617	077abad0a3e2fce4a6dfb95c1d799d99a013e4a0f3c111736583ad480954c4df	kurdish-hunspell-kmr	88131d6878ef7fa3ee114aa554adc385ff85b44c	29035	pejilandin	pejilandin	noun_fem	F	po:noun_fem					pending
618	077bea30d6671afb5c1e39585510f40426886a2d6af303b5488179c55ebcbcf8	kurdish-hunspell-kmr	88131d6878ef7fa3ee114aa554adc385ff85b44c	4721	Berwan	berwan	noun_masc	M	po:noun_masc					pending
619	07806d9e91aeb35e018dddbaca5dfefb254f2dce283724b8f52c71d39baae253	kurdish-hunspell-kmr	88131d6878ef7fa3ee114aa554adc385ff85b44c	3845	belge	belge	noun_fem	F	po:noun_fem					pending
620	0781f61b368f26220221aef0a81e9ef4a974148ea64fdd6a2565450b456defac	kurdish-hunspell-kmr	88131d6878ef7fa3ee114aa554adc385ff85b44c	19664	hereketkirin	hereketkirin	noun_fem	F	po:noun_fem					pending
621	0785af52ab407074ca35dcc049dd54fbbd4f8d2d10c4771f11821702616623cf	kurdish-hunspell-kmr	88131d6878ef7fa3ee114aa554adc385ff85b44c	21937	kanêje	kanêje	noun_fem	F	po:noun_fem					pending
622	0787155bde102c9bfd09ec0a1a49342f712994c42b7f27fb1e54d05024be9dfc	kurdish-hunspell-kmr	88131d6878ef7fa3ee114aa554adc385ff85b44c	3519	bedewnivîs	bedewnivîs	noun_fem	F	po:noun_fem					pending
623	0787647dce1294b0c6c1f335fecf0c3119461e4f372524cc832de916af8116b6	kurdish-hunspell-kmr	88131d6878ef7fa3ee114aa554adc385ff85b44c	9731	bêadetî	bêadetî	noun_fem	F	po:noun_fem					pending
624	0788b6879f02b3c95770341a2ed0ee612d56a1b565bea4c23dffd923c5b717df	kurdish-hunspell-kmr	88131d6878ef7fa3ee114aa554adc385ff85b44c	7501	binpî	binpî	noun_fem	F	po:noun_fem					pending
625	0789de0a5037c47f88242a0d60ecf521f95de9e98eabcc2daef0e6d480375ff5	kurdish-hunspell-kmr	88131d6878ef7fa3ee114aa554adc385ff85b44c	1486	arqîtk	arqîtk	noun_fem	F	po:noun_fem					pending
626	0789dfd74d5629ac8cb903631eae45ea963116b46bae7837af4766edf1f635ec	kurdish-hunspell-kmr	88131d6878ef7fa3ee114aa554adc385ff85b44c	14992	diraxekirin	diraxekirin	noun_fem	F	po:noun_fem					pending
627	0789e59594c217df7e35197660c05a5587e904ee74787fe9e586e10892cf255f	kurdish-hunspell-kmr	88131d6878ef7fa3ee114aa554adc385ff85b44c	2967	bangewazîkarî	bangewazîkarî	noun_fem	F	po:noun_fem					pending
628	078b3eef00724ff513265aee76748e91c8e6c84f32b3f73ef2f069c685baf8e1	kurdish-hunspell-kmr	88131d6878ef7fa3ee114aa554adc385ff85b44c	4987	bextbînî	bextbînî	noun_fem	F	po:noun_fem					pending
629	078daec7c04c4d9fd79a1b4213fef8e26cf0a1c67726d05ec844f34de554eadf	kurdish-hunspell-kmr	88131d6878ef7fa3ee114aa554adc385ff85b44c	42146	çêtirî	çêtirî	noun_fem	F	po:noun_fem					pending
630	078f5773ab0ad9bcf2b082ae90ea6da245bba1ca418c600f04152cefc0e70729	kurdish-hunspell-kmr	88131d6878ef7fa3ee114aa554adc385ff85b44c	1501	artoş	artoş	noun_fem	F	po:noun_fem					pending
631	078f78572b20e0b89c2a6ec829ce63e2821b561e927c35306080fdbf16b26eb8	kurdish-hunspell-kmr	88131d6878ef7fa3ee114aa554adc385ff85b44c	8676	bivegirî	bivegirî	noun_fem	F	po:noun_fem					pending
632	078fce8b52d1c7065ab0f2f52f4ef809da31113f4a6f0ebc7281273ab7958dee	kurdish-hunspell-kmr	88131d6878ef7fa3ee114aa554adc385ff85b44c	32776	rexmen	rexmen	adverb	R	po:adv					pending
633	0790ac260f476d681ba210da009f8ea521fb8babe82433d67e1463b0da6681c9	kurdish-hunspell-kmr	88131d6878ef7fa3ee114aa554adc385ff85b44c	2677	baguhorî	baguhorî	noun_fem	F	po:noun_fem					pending
634	079290bc851032d2202f8b51466c18bbca9881db18ce3e188fb9c6b630a1b30d	kurdish-hunspell-kmr	88131d6878ef7fa3ee114aa554adc385ff85b44c	5927	biedabî	biedabî	noun_fem	F	po:noun_fem					pending
635	0793574c484f634869221719afd9e149ca4cc91b746013ed5551f768406362a5	kurdish-hunspell-kmr	88131d6878ef7fa3ee114aa554adc385ff85b44c	25516	mergen	mergen	noun_fem	F	po:noun_fem					pending
636	079383f2444528a21120cd66ab72528c4492339354cc2006f654c5caa89f1611	kurdish-hunspell-kmr	88131d6878ef7fa3ee114aa554adc385ff85b44c	42682	îstîqalekirin	îstîqalekirin	noun_fem	F	po:noun_fem					pending
637	0793b5003487ec69ef14ef2a05b599b15176cb99d132e54fe6108f040437a315	kurdish-hunspell-kmr	88131d6878ef7fa3ee114aa554adc385ff85b44c	24428	ligligîn	ligligîn	verb	V	po:verb;is:present_stem_transitive_active;st:liglig;lem:ligligandin					pending
638	0793d498f267cfb37d9a2c344a3e331955df5ebfc1aa4eb63b8515f89eaed17b	kurdish-hunspell-kmr	88131d6878ef7fa3ee114aa554adc385ff85b44c	38578	werwirand	werwirand	verb	T	po:verb;is:past_stem_transitive_active;st:werwir;lem:werwirandin					pending
639	0795fe30e80149d75dab49ea2302aba9e309606723d0a01e10374ad51380e161	kurdish-hunspell-kmr	88131d6878ef7fa3ee114aa554adc385ff85b44c	15183	domdarane	domdarane	adjective	AN	po:adj					pending
640	07962d766a34f13dfa7e45300c6bb4bf966ae7022e053d6f1e2d1730a7c1630b	kurdish-hunspell-kmr	88131d6878ef7fa3ee114aa554adc385ff85b44c	9971	bêbeyavî	bêbeyavî	noun_fem	F	po:noun_fem					pending
641	07985b93dbbc8c686636ab84736618e27bab4f22f4f3adc8b21471e5a1b311ed	kurdish-hunspell-kmr	88131d6878ef7fa3ee114aa554adc385ff85b44c	29706	pinîkirî	pinîkirî	adjective	AN	po:adj					pending
642	079b2d48fc1d2e21524f351b897960d30df46f56e1d3767ec53dfb633c6f8611	kurdish-hunspell-kmr	88131d6878ef7fa3ee114aa554adc385ff85b44c	19794	hesabkirî	hesabkirî	adjective	AN	po:adj					pending
643	079c7e22f8f99721ec8f2ded8ec72d3c010f60843a267a44a77b4b1871a54158	kurdish-hunspell-kmr	88131d6878ef7fa3ee114aa554adc385ff85b44c	3968	Bendewa	bendewa	noun_fem	F	po:noun_fem					pending
644	079cbae51ccd3297172838dfa5ec891444015b1ca1c8df9afec7e5a783da91c0	kurdish-hunspell-kmr	88131d6878ef7fa3ee114aa554adc385ff85b44c	21002	hênikirî	hênikirî	adjective	AN	po:adj					pending
645	079ea1ed080881d2ebef2d009fdea2876fcf93968ae5594e04c5f176cec86e4e	kurdish-hunspell-kmr	88131d6878ef7fa3ee114aa554adc385ff85b44c	16160	enspîrasyon	enspîrasyon	noun_fem	F	po:noun_fem					pending
646	07a0640047a31ed6399fe53b18e4dff43c7ac0906ef6db3d9d14eccb1cf2aeed	kurdish-hunspell-kmr	88131d6878ef7fa3ee114aa554adc385ff85b44c	36916	tevrikkirin	tevrikkirin	noun_fem	F	po:noun_fem					pending
647	07a1a50404d59ebd044364197ef7290171c7113e64f0bf3d20bc80c959b1d472	kurdish-hunspell-kmr	88131d6878ef7fa3ee114aa554adc385ff85b44c	43373	şeşem	şeşem	num	E	po:num;st:şeşem					pending
648	07a68dd4dd381ba60cf7ebf7b13d409fada2bf3f32e2bdc258ea2d06e9bd466a	kurdish-hunspell-kmr	88131d6878ef7fa3ee114aa554adc385ff85b44c	20045	hevseng	hevseng	adjective	AN	po:adj					pending
649	07a79b06a6e4528b06c6e216d75e812bbf8aa8b7dc0d27297e5e9f9d659bcaaf	kurdish-hunspell-kmr	88131d6878ef7fa3ee114aa554adc385ff85b44c	36186	tecawizkirin	tecawizkirin	noun_fem	F	po:noun_fem					pending
650	07af2c32e429c38127807d937f1aad9c0f6e2235d50caefa0092d98293f57db8	kurdish-hunspell-kmr	88131d6878ef7fa3ee114aa554adc385ff85b44c	891	alînegirî	alînegirî	noun_fem	F	po:noun_fem					pending
651	07af84ef0ba3932336873a6d9219cf5b89f5e07ec278e598ff36147169a23424	kurdish-hunspell-kmr	88131d6878ef7fa3ee114aa554adc385ff85b44c	38063	vemirandîkirin	vemirandîkirin	noun_fem	F	po:noun_fem					pending
652	07b0ab27b321328f127554e71651d9a286805a1383407d11c8f61e948afb6841	kurdish-hunspell-kmr	88131d6878ef7fa3ee114aa554adc385ff85b44c	28299	nîsk	nîsk	noun_fem	F	po:noun_fem					pending
653	07b5b88a478089eb7892ae68ef5b87f1fb9028dc848730d849b017337c4f0756	kurdish-hunspell-kmr	88131d6878ef7fa3ee114aa554adc385ff85b44c	17076	fetl	fetl	noun_fem	F	po:noun_fem					pending
654	07b6525f2e0ac2e018d08adbe86304f60ba4bcb5c6186017b775d08d4f4d55f0	kurdish-hunspell-kmr	88131d6878ef7fa3ee114aa554adc385ff85b44c	43735	şêwegirtin	şêwegirtin	noun_fem	F	po:noun_fem					pending
655	07b89fb20c385735916f79e67717522132d66813aa7ac47c0c8df5b1bb11c9d6	kurdish-hunspell-kmr	88131d6878ef7fa3ee114aa554adc385ff85b44c	37134	Tiflîs	tiflîs	noun_fem	F	po:noun_fem					pending
656	07bbabe2e0b65bf4921807e9ad851c19cc8b98d0325917b7dcf4024c9f16832b	kurdish-hunspell-kmr	88131d6878ef7fa3ee114aa554adc385ff85b44c	21460	itihad	itihad	noun_fem	F	po:noun_fem					pending
657	07be047b8f6828246d96dc2719179ff74b3340c9e53d69a225987c579d8ee80e	kurdish-hunspell-kmr	88131d6878ef7fa3ee114aa554adc385ff85b44c	32072	qûnektîkirin	qûnektîkirin	noun_fem	F	po:noun_fem					pending
658	07be5f55a5eacc005cf9204977655cefbf02f3867ed586e1b384f4b0cad41268	kurdish-hunspell-kmr	88131d6878ef7fa3ee114aa554adc385ff85b44c	26693	Mêrsîn	mêrsîn	propn	ZF	po:propn					pending
659	07bf5a80a8fcd5488685e6ddd3651e0ad0bc35bf1b67d857243e6b1042acd41b	kurdish-hunspell-kmr	88131d6878ef7fa3ee114aa554adc385ff85b44c	32153	rahatin	rahatin	noun_fem	F	po:noun_fem					pending
660	07bfbabcd04f543804c06087295d83270e4acf19431ecf1985b0e539aa3142e9	kurdish-hunspell-kmr	88131d6878ef7fa3ee114aa554adc385ff85b44c	952	amanşok	amanşok	noun_fem	F	po:noun_fem					pending
661	07c1c6865662fb4a2003944774bc625fa52783f2fa4a13caf38bd9a50bee84a4	kurdish-hunspell-kmr	88131d6878ef7fa3ee114aa554adc385ff85b44c	18098	gidî	gidî	adverb	R	po:adv					pending
662	07c1ead17a20883daf78b9dd6233a1c521ae8698c7d6e1f920254a8ec6ba3124	kurdish-hunspell-kmr	88131d6878ef7fa3ee114aa554adc385ff85b44c	4533	berkarî	berkarî	noun_fem	F	po:noun_fem					pending
663	07c2504521de8d70e29d8f7702c8101202981e0ec584cb22a80bb25cc4f849e5	kurdish-hunspell-kmr	88131d6878ef7fa3ee114aa554adc385ff85b44c	5322	bibacî	bibacî	noun_fem	F	po:noun_fem					pending
664	07c366b4967b56ccfb5582c70bcf3d310f400c6cb22a3ec4ec536bc68c675294	kurdish-hunspell-kmr	88131d6878ef7fa3ee114aa554adc385ff85b44c	21254	hûrikane	hûrikane	adjective	AN	po:adj					pending
665	07c79717640f090bc9154ba08ddea5ca1bc7a1e1d7e3f958bd1a04e8b97301ca	kurdish-hunspell-kmr	88131d6878ef7fa3ee114aa554adc385ff85b44c	27702	nexwastin	nexwastin	verb	XF	po:verb					pending
666	07caf4429ce05ffcdaebaf0670f4b80ef4737cd9f38c660c61068d98f1afd82a	kurdish-hunspell-kmr	88131d6878ef7fa3ee114aa554adc385ff85b44c	40161	yasayîtî	yasayîtî	noun_fem	F	po:noun_fem					pending
667	07cd621b9785601656d5f5b594b9b3c81486f162072fbcc98834c816ee61f2f0	kurdish-hunspell-kmr	88131d6878ef7fa3ee114aa554adc385ff85b44c	15023	dirkirin	dirkirin	noun_fem	F	po:noun_fem					pending
668	07d0b6da169f206ce690da39f92381125ebf06c6f554de4c5f9787819021c3bf	kurdish-hunspell-kmr	88131d6878ef7fa3ee114aa554adc385ff85b44c	31364	qerimandî	qerimandî	adjective	AN	po:adj					pending
669	07d43800556d140b300f1576f4cd941b320764cfc8d65b96dd7f4b0702663dd0	kurdish-hunspell-kmr	88131d6878ef7fa3ee114aa554adc385ff85b44c	26790	mînakgirtin	mînakgirtin	noun_fem	F	po:noun_fem					pending
670	07d4fe5609d253b113f136dda4dacd8c9efaccd68514b83e7668171328026d07	kurdish-hunspell-kmr	88131d6878ef7fa3ee114aa554adc385ff85b44c	36852	tetbîqatkirin	tetbîqatkirin	noun_fem	F	po:noun_fem					pending
671	07d72c359c8a4a45f915cc013afdf92b550556f9a997095ea13f9887ae9004e9	kurdish-hunspell-kmr	88131d6878ef7fa3ee114aa554adc385ff85b44c	36756	terrbûn	terrbûn	noun_fem	F	po:noun_fem					pending
672	07d8919ffcf15a4b299aa2bb7b126a9d0c04a07e5e7ce410558b70cd01c0c273	kurdish-hunspell-kmr	88131d6878ef7fa3ee114aa554adc385ff85b44c	31051	qebirîn	qebirîn	verb	XF	po:verb					pending
673	07d943f8f34f4ac26a5dcbef7bad0250ab3d204913edd01f7c7de1c5d08a9f98	kurdish-hunspell-kmr	88131d6878ef7fa3ee114aa554adc385ff85b44c	31621	qifilandin	qifilandin	verb	XF	po:verb					pending
674	07da3335311d20af8e026700adb57fca822f850b501426a91fa661ca50946333	kurdish-hunspell-kmr	88131d6878ef7fa3ee114aa554adc385ff85b44c	13975	dejenerebûn	dejenerebûn	noun_fem	F	po:noun_fem					pending
675	07da6ed573b468cd6acd6e09136cfba02772b9524d993e49f44cfc5d28a7ad86	kurdish-hunspell-kmr	88131d6878ef7fa3ee114aa554adc385ff85b44c	32283	rastbêjbûyî	rastbêjbûyî	adjective	AN	po:adj					pending
676	07dbf8e028e99d3faa8b8dd6abcce1a9e34599b7ee8c71bbbd822927ed92eacc	kurdish-hunspell-kmr	88131d6878ef7fa3ee114aa554adc385ff85b44c	24564	lorîkirî	lorîkirî	adjective	AN	po:adj					pending
677	07dc607882fdbaaa64b124b9b1b4c1bfdc3ef6df765b1896552c52195381610d	kurdish-hunspell-kmr	88131d6878ef7fa3ee114aa554adc385ff85b44c	36660	terazkirî	terazkirî	adjective	AN	po:adj					pending
678	07df6edbb85faf687cafba801efd901b29cd486f4f6b72d7d5321a84990057ac	kurdish-hunspell-kmr	88131d6878ef7fa3ee114aa554adc385ff85b44c	36343	telaqdan	telaqdan	noun_fem	F	po:noun_fem					pending
679	07e0f27f7dc376a38accb209cb7e644e4c72fabfaf0aacfd0cf479256b05c290	kurdish-hunspell-kmr	88131d6878ef7fa3ee114aa554adc385ff85b44c	37752	tîre	tîre	noun_fem	F	po:noun_fem					pending
680	07e1579f26b284ab1178356c6cdee0b0420de41c25e1e02814673cae5537bb08	kurdish-hunspell-kmr	88131d6878ef7fa3ee114aa554adc385ff85b44c	25451	menû	menû	noun_fem	F	po:noun_fem					pending
681	07e1b52244bc41b083e17c0a3b6698bb9d42b4a6ebd191e7a55ba892e2a8aaf9	kurdish-hunspell-kmr	88131d6878ef7fa3ee114aa554adc385ff85b44c	31793	qopkirî	qopkirî	adjective	AN	po:adj					pending
682	07e227ac8d9a4a0bd38cc0cec7f5c2bb5d73db5f005d5959451215289b3b3a19	kurdish-hunspell-kmr	88131d6878ef7fa3ee114aa554adc385ff85b44c	21736	jêrzemîn	jêrzemîn	noun_fem	F	po:noun_fem					pending
683	07e3d728eeb1a2677c72aab81334bc8beb0e484e903be862671bb39300c93215	kurdish-hunspell-kmr	88131d6878ef7fa3ee114aa554adc385ff85b44c	17746	gazîhatin	gazîhatin	noun_fem	F	po:noun_fem					pending
684	07e6ee3c6a496abe4a8216ad558f7007b00f974bbf823ae0b23e08557f04afb7	kurdish-hunspell-kmr	88131d6878ef7fa3ee114aa554adc385ff85b44c	29617	peşîmankirin	peşîmankirin	noun_fem	F	po:noun_fem					pending
685	07e83ff94a5db5f8dce1ca0d8f9e2f10259a24920177363e4e511debdef8753e	kurdish-hunspell-kmr	88131d6878ef7fa3ee114aa554adc385ff85b44c	42910	şanzdeh	şanzdeh	num	E	po:num;st:şan					pending
686	07ee3786f778eb20a77a8226f0983fe4fcb76a89581ee3fb82adcc0e48532a38	kurdish-hunspell-kmr	88131d6878ef7fa3ee114aa554adc385ff85b44c	4353	bereyî	bereyî	noun_fem	F	po:noun_fem					pending
687	07ee673c4bfa5cc9916f9d5d3a96e79ce022311efa6731327294353b6739d5b0	kurdish-hunspell-kmr	88131d6878ef7fa3ee114aa554adc385ff85b44c	15417	dwazdeh	dwazdeh	num	E	po:num;st:dwa					pending
688	07f31759fe64abbb952d9cf9fa49803b8b2553597baaa71dd74465d1376381e3	kurdish-hunspell-kmr	88131d6878ef7fa3ee114aa554adc385ff85b44c	43065	şekirgirtin	şekirgirtin	noun_fem	F	po:noun_fem					pending
689	07f7195ee31f8b16aab1c10edecec5eaa9ab804bf3a8655a811d129088319a44	kurdish-hunspell-kmr	88131d6878ef7fa3ee114aa554adc385ff85b44c	20983	hêminbar	hêminbar	adjective	AN	po:adj					pending
690	07f758a80d124ecd5715a8c37378b74e179dd4d3fa49cd33ae527d938f1554d2	kurdish-hunspell-kmr	88131d6878ef7fa3ee114aa554adc385ff85b44c	27118	navçe	navçe	noun_fem	F	po:noun_fem					pending
691	07f7d5cb09176c8f1808c1828b9a46d1683cb97b711a55d511078d5a956e1a1c	kurdish-hunspell-kmr	88131d6878ef7fa3ee114aa554adc385ff85b44c	24498	livlivîn	livlivîn	noun_fem	F	po:noun_fem					pending
692	07fa973650b2e70720d1b825ce19ac09811928e412c5850854a820ddc272dc89	kurdish-hunspell-kmr	88131d6878ef7fa3ee114aa554adc385ff85b44c	38249	vizkirin	vizkirin	noun_fem	F	po:noun_fem					pending
693	07fc21d357eee2f8b658ad294842ce6aa060865bcbbaf17a796b8419637037dd	kurdish-hunspell-kmr	88131d6878ef7fa3ee114aa554adc385ff85b44c	19791	hesabdan	hesabdan	noun_fem	F	po:noun_fem					pending
694	07fc6343cfd73068df69b59992c7ed80606e1cc9b940db978eeed93a200d6e3d	kurdish-hunspell-kmr	88131d6878ef7fa3ee114aa554adc385ff85b44c	28609	pag	pag	adjective	AN	po:adj					pending
695	07fe525554677507fe73710a3807a942e72c33af5d0da9551e6b62b1e59fdeaa	kurdish-hunspell-kmr	88131d6878ef7fa3ee114aa554adc385ff85b44c	8152	birêkûpêkî	birêkûpêkî	noun_fem	F	po:noun_fem					pending
696	07fea21cf5f9033fa7419c9e997c9f5e47455082785ecddfd82ecee2b9489284	kurdish-hunspell-kmr	88131d6878ef7fa3ee114aa554adc385ff85b44c	27250	neciskirî	neciskirî	adjective	AN	po:adj					pending
697	07ff44b7ffcbff78d96a868b17c503429f188eb98b86d988785a02e3ccc5a8b1	kurdish-hunspell-kmr	88131d6878ef7fa3ee114aa554adc385ff85b44c	3483	bedbînîbûn	bedbînîbûn	noun_fem	F	po:noun_fem					pending
698	07ff8546af4f69d0459da28fd33b970f9cf0783f7c2bf2a10b825987e70403f9	kurdish-hunspell-kmr	88131d6878ef7fa3ee114aa554adc385ff85b44c	38260	volkan	volkan	noun_masc	M	po:noun_masc					pending
699	0801f58a2e003ed962ecde78f04e017e7b70e38d9de3b880aee11b375055efaa	kurdish-hunspell-kmr	88131d6878ef7fa3ee114aa554adc385ff85b44c	29801	pirtikîkirî	pirtikîkirî	adjective	AN	po:adj					pending
700	080489fb2bc78a054ae12b4b99463480f2fc1c0ac93b38a532bd5d5f23ec3284	kurdish-hunspell-kmr	88131d6878ef7fa3ee114aa554adc385ff85b44c	25529	merhemkirî	merhemkirî	adjective	AN	po:adj					pending
701	0804cf0da525813d46c2e9008f5b7e16d405028bcd68a5beb5a8493d44455cbb	kurdish-hunspell-kmr	88131d6878ef7fa3ee114aa554adc385ff85b44c	1774	avabûn	avabûn	noun_fem	F	po:noun_fem					pending
702	080532aee6663dcee274081e5fe6901b74999febf4a4a2a41d46c4ed1d8b4904	kurdish-hunspell-kmr	88131d6878ef7fa3ee114aa554adc385ff85b44c	21070	hêvotî	hêvotî	adjective	AN	po:adj					pending
703	0808bfcaf0a196c048f29dbf43c01181e13e23616a693c8ad865d76ce07e42d0	kurdish-hunspell-kmr	88131d6878ef7fa3ee114aa554adc385ff85b44c	30788	pîşe	pîşe	noun_fem	F	po:noun_fem					pending
704	080b4fa8e1d9434c909755ea1aace035c943b214a41a4628b660ac35788b219e	kurdish-hunspell-kmr	88131d6878ef7fa3ee114aa554adc385ff85b44c	26558	mucerrid	mucerrid	adjective	AN	po:adj					pending
705	080b51839b876e5d3532008363140442cd9fe1ac472bba6db95ed66c08b21a11	kurdish-hunspell-kmr	88131d6878ef7fa3ee114aa554adc385ff85b44c	5250	biaranî	biaranî	noun_fem	F	po:noun_fem					pending
706	080e87f82bc6ccbb0bea940f702005c743c1e8c893e3da4f0fa00a8830934d37	kurdish-hunspell-kmr	88131d6878ef7fa3ee114aa554adc385ff85b44c	11259	bêkîn	bêkîn	adjective	AN	po:adj					pending
707	080fdc3e70b2fc60da79a071019db885692ef7d41321205bc17b9027297329d8	kurdish-hunspell-kmr	88131d6878ef7fa3ee114aa554adc385ff85b44c	43469	şilxebûn	şilxebûn	noun_fem	F	po:noun_fem					pending
708	0811abafc0d9ee681c4b3b20f5e5eb91072f41d443b385452fc2c83520080676	kurdish-hunspell-kmr	88131d6878ef7fa3ee114aa554adc385ff85b44c	43876	şûşekirî	şûşekirî	adjective	AN	po:adj					pending
709	0812e828a2ba11b63068f2c02552beb61afbf64aac72352dd71d5a5e6578f5b1	kurdish-hunspell-kmr	88131d6878ef7fa3ee114aa554adc385ff85b44c	10827	bêheytûhot	bêheytûhot	adjective	AN	po:adj					pending
710	0815b7e75ef109079061dc1eb32f909182bfb608a5501f3c7e12e0f337bc84a7	kurdish-hunspell-kmr	88131d6878ef7fa3ee114aa554adc385ff85b44c	35496	stûndar	stûndar	adjective	AN	po:adj					pending
711	08199d4b2b70a7d3afbe877f5f0955d0e6ba39033a0251f7cb4d725d7ae7538f	kurdish-hunspell-kmr	88131d6878ef7fa3ee114aa554adc385ff85b44c	40258	yoga	yoga	noun_fem	F	po:noun_fem					pending
712	081a0c09cbcd80fa999e996184fe673481d571d45e23063e02d3c9a3404cd692	kurdish-hunspell-kmr	88131d6878ef7fa3ee114aa554adc385ff85b44c	40466	zehîkirin	zehîkirin	noun_fem	F	po:noun_fem					pending
713	081b6c918c37689974edf275d2ae4078f7684d4276cc39bda2c7bfc81d889eda	kurdish-hunspell-kmr	88131d6878ef7fa3ee114aa554adc385ff85b44c	34862	siftî	siftî	noun_fem	F	po:noun_fem					pending
714	081ceac02be59b11099e27c396283e31c11d57e95aaf7361041ada1c4210811a	kurdish-hunspell-kmr	88131d6878ef7fa3ee114aa554adc385ff85b44c	8147	birêkûpêk	birêkûpêk	adjective	AN	po:adj					pending
715	081d9e7ad2248964ccc6268527bb3b196446e5374cc012d40591d5222d3bec6f	kurdish-hunspell-kmr	88131d6878ef7fa3ee114aa554adc385ff85b44c	11086	bêjîrtelefonî	bêjîrtelefonî	noun_fem	F	po:noun_fem					pending
716	081ec87a9af122fa7871e98a020f5c2fc277e034088b7c7471a9bfd6e264d632	kurdish-hunspell-kmr	88131d6878ef7fa3ee114aa554adc385ff85b44c	37016	texsîrkirin	texsîrkirin	noun_fem	F	po:noun_fem					pending
717	081f06a226d9de348a9f605d0130da9925c28a6aa0056df057a4890f7e3d1b14	kurdish-hunspell-kmr	88131d6878ef7fa3ee114aa554adc385ff85b44c	16106	endustrîbûn	endustrîbûn	noun_fem	F	po:noun_fem					pending
718	082026dd67a18e0f16046bbd625f8f9a666e8bce87d53fff04d5190bc2d23be0	kurdish-hunspell-kmr	88131d6878ef7fa3ee114aa554adc385ff85b44c	6223	bigunhêlî	bigunhêlî	noun_fem	F	po:noun_fem					pending
719	08236b5642c3c113dbfaaf6546225dc598313faa0b5d2922952b5e05795cf61b	kurdish-hunspell-kmr	88131d6878ef7fa3ee114aa554adc385ff85b44c	23969	kîosk	kîosk	noun_fem	F	po:noun_fem					pending
720	0824c068ca3dd7ed7c597a6f5d0a22d0912bb2d1828c40e2ae685e84096638e3	kurdish-hunspell-kmr	88131d6878ef7fa3ee114aa554adc385ff85b44c	36288	teht	teht	noun_masc	M	po:noun_masc					pending
721	08257ddde74a18b2913ceae9645c6324fd3190b8f3f19c47807b484302ea2559	kurdish-hunspell-kmr	88131d6878ef7fa3ee114aa554adc385ff85b44c	31887	qumçekirin	qumçekirin	noun_fem	F	po:noun_fem					pending
722	08259141652052ddb09141730c3ba0020d6c6996badae40a0ba0cea58fb3e597	kurdish-hunspell-kmr	88131d6878ef7fa3ee114aa554adc385ff85b44c	11695	bênêmî	bênêmî	noun_fem	F	po:noun_fem					pending
723	0825a51fef16bd5b11b5c8554eb0d06395408c7bd43ef4c22cf8cdea1b273f9e	kurdish-hunspell-kmr	88131d6878ef7fa3ee114aa554adc385ff85b44c	21605	jinû	jinû	noun_masc	M	po:noun_masc					pending
724	0826db10e46bd1b116bc90300f9e02ec560597163094d4df153fd05707754d41	kurdish-hunspell-kmr	88131d6878ef7fa3ee114aa554adc385ff85b44c	23401	kotekîkirî	kotekîkirî	adjective	AN	po:adj					pending
725	08296a7599985a29e8c62469b6d49d9d9f02cccc1d8a9bf3dfeba388de10fb81	kurdish-hunspell-kmr	88131d6878ef7fa3ee114aa554adc385ff85b44c	9294	bişebeke	bişebeke	adjective	AN	po:adj					pending
726	082b7cf4e9603b9b5bc260adff93c96b246cb5bf5d1b34f2d229f8f9d82e98f6	kurdish-hunspell-kmr	88131d6878ef7fa3ee114aa554adc385ff85b44c	34079	semanekvanî	semanekvanî	noun_fem	F	po:noun_fem					pending
727	082bcb505e7550a0b793c6603738366b6c3f3c2cde20d15c5d5d8d95429580cb	kurdish-hunspell-kmr	88131d6878ef7fa3ee114aa554adc385ff85b44c	18270	girek	girek	noun_fem	F	po:noun_fem					pending
728	082bd78b4e9e2394fb7f6ef3f5a4ce44e08bead36209005070bc7ec31c5363cf	kurdish-hunspell-kmr	88131d6878ef7fa3ee114aa554adc385ff85b44c	35423	Stepanakert	stepanakert	propn	ZF	po:propn					pending
729	082d426eb4f0e16b30168d6691d79b096e3b1c538afc471b33d78ad912945215	kurdish-hunspell-kmr	88131d6878ef7fa3ee114aa554adc385ff85b44c	3771	belavkirî	belavkirî	adjective	AN	po:adj					pending
730	082e1861165a42902cab0d545ba5866bfbc9c9452931e2d7b1f8ebe758567e09	kurdish-hunspell-kmr	88131d6878ef7fa3ee114aa554adc385ff85b44c	33824	sayekirin	sayekirin	noun_fem	F	po:noun_fem					pending
731	082ebf24fd80109f44b97c571856e522c1b5809a8a8356f6ace2cd2d8b2c5b31	kurdish-hunspell-kmr	88131d6878ef7fa3ee114aa554adc385ff85b44c	39257	xewar	xewar	adjective	AN	po:adj					pending
732	08301e6389054054c0a0c233ba724835973c58ef65525b1a5e46293902d05537	kurdish-hunspell-kmr	88131d6878ef7fa3ee114aa554adc385ff85b44c	14287	dermanvanî	dermanvanî	noun_fem	F	po:noun_fem					pending
733	083094ef5e7e2f32bb75affeebc6cc1365914340e9acf37bc16e3b3688c24caf	kurdish-hunspell-kmr	88131d6878ef7fa3ee114aa554adc385ff85b44c	16496	Evser	evser	noun_fem	F	po:noun_fem					pending
734	0837e2daa85c9e4a8e80b8e070a61cd0e032e104a0632d17945b152f97b6243f	kurdish-hunspell-kmr	88131d6878ef7fa3ee114aa554adc385ff85b44c	9651	Bruksel	bruksel	propn	ZF	po:propn					pending
735	083a1c342a1e8a169c4dace8ede188871758e4c1c2fdddce71ae9fbf2f4763c6	kurdish-hunspell-kmr	88131d6878ef7fa3ee114aa554adc385ff85b44c	33567	rûsarbûyî	rûsarbûyî	adjective	AN	po:adj					pending
736	083a256f28cde3eb4f376efbcdfbfde44151556d50d78659890ef966d83df406	kurdish-hunspell-kmr	88131d6878ef7fa3ee114aa554adc385ff85b44c	30004	piştkovkirin	piştkovkirin	noun_fem	F	po:noun_fem					pending
737	083c98af81c79221cc8541a795b6fb3ef10cbfa4c2147bb7ee49fab2d6c9d974	kurdish-hunspell-kmr	88131d6878ef7fa3ee114aa554adc385ff85b44c	5150	bezvanî	bezvanî	noun_fem	F	po:noun_fem					pending
738	08424800c8aa728a345ca49e68e6726c804d39ae30f3040c4f1dc7357399105c	kurdish-hunspell-kmr	88131d6878ef7fa3ee114aa554adc385ff85b44c	41287	çapker	çapker	noun_fem	F	po:noun_fem					pending
739	0845660678ffb6ce81f149123443dff4dc274960832f94f23d65bc27914642a7	kurdish-hunspell-kmr	88131d6878ef7fa3ee114aa554adc385ff85b44c	10520	bêfesalkirin	bêfesalkirin	noun_fem	F	po:noun_fem					pending
740	084baa54e1bdc400eef1f7ea10072256caf1a2b81add41a82c5fa861e04df431	kurdish-hunspell-kmr	88131d6878ef7fa3ee114aa554adc385ff85b44c	31470	qethîbûn	qethîbûn	noun_fem	F	po:noun_fem					pending
741	084e2a5bc59240e1506fc9f65b640a4ebe09329164e84d29a6bff505d7b783d0	kurdish-hunspell-kmr	88131d6878ef7fa3ee114aa554adc385ff85b44c	5160	Beşat	beşat	noun_masc	M	po:noun_masc					pending
742	084fde72a37f4fd784fca59d6950117dd38a95da30c4d1ca1cdcdecf049bdba9	kurdish-hunspell-kmr	88131d6878ef7fa3ee114aa554adc385ff85b44c	33402	rêzdarî	rêzdarî	noun_fem	F	po:noun_fem					pending
743	0850ece54e6d916a2388d1ca94083daa5e24055b11419d9738293aa40d8c3b0a	kurdish-hunspell-kmr	88131d6878ef7fa3ee114aa554adc385ff85b44c	27374	nekişandî	nekişandî	adjective	AN	po:adj					pending
744	0851b57c95a9245a6acb28eff6bddbce979dae94129b78e30af46767794f3b1b	kurdish-hunspell-kmr	88131d6878ef7fa3ee114aa554adc385ff85b44c	4006	bengîbûyî	bengîbûyî	adjective	AN	po:adj					pending
745	0852fb90e70a8645c5023a0cbb0b4cee2855c741946dce6570b9ec6c442ba404	kurdish-hunspell-kmr	88131d6878ef7fa3ee114aa554adc385ff85b44c	9442	bişûjin	bişûjin	noun_fem	F	po:noun_fem					pending
746	0853d15f251abf0c48c867d2f5fb37ca4f7a959cec02eb204ec7930664ae179e	kurdish-hunspell-kmr	88131d6878ef7fa3ee114aa554adc385ff85b44c	41231	çalak	çalak	adjective	AN	po:adj					pending
747	085c8671d2fc69771b476610a0a2b4c8de2a94cd8ca0380013c3cf3568c76f74	kurdish-hunspell-kmr	88131d6878ef7fa3ee114aa554adc385ff85b44c	38645	westîya	westîya	adjective	AN	po:adj					pending
748	085d34ce004914858d42a13f1fd6ac805dd4322d2f782c2dfe1a632a2d063a4c	kurdish-hunspell-kmr	88131d6878ef7fa3ee114aa554adc385ff85b44c	22628	kevanî	kevanî	noun_fem	F	po:noun_fem					pending
749	085dc985f95f4996d4c754201ab12508453578b7496f7f8c75fbb54343205420	kurdish-hunspell-kmr	88131d6878ef7fa3ee114aa554adc385ff85b44c	41817	çile	çile	noun_fem	F	po:noun_fem					pending
750	085fc2a2434d37c53f8eec1df4bcceb5eb2958423bb7a786c43bc82d957def7f	kurdish-hunspell-kmr	88131d6878ef7fa3ee114aa554adc385ff85b44c	41043	zuwabûn	zuwabûn	noun_fem	F	po:noun_fem					pending
751	0860db9666ee895285d7f61e2e711a1d4cba41a3aa979cc7a8e974d5d92c8ba9	kurdish-hunspell-kmr	88131d6878ef7fa3ee114aa554adc385ff85b44c	18489	golfkirin	golfkirin	noun_fem	F	po:noun_fem					pending
752	0860e466c5c06a5c28da70e4a67f26f266caf9aa37799f29662a862c1fc33cec	kurdish-hunspell-kmr	88131d6878ef7fa3ee114aa554adc385ff85b44c	24388	Lhasa	lhasa	propn	ZF	po:propn					pending
753	08610c1d626176a38bef1c2cb2709c6a016152074eb5f6a7d5fe000dfec47bdd	kurdish-hunspell-kmr	88131d6878ef7fa3ee114aa554adc385ff85b44c	9156	biçek	biçek	adjective	AN	po:adj					pending
754	0861fe7133fc56d22dbc3930e805c233d3083b3d97a8eb3a4bad8db711f6da1e	kurdish-hunspell-kmr	88131d6878ef7fa3ee114aa554adc385ff85b44c	26870	mûnandî	mûnandî	adjective	AN	po:adj					pending
755	0864f0ba4a3e32dd9b4f7dac5e43f12b3420f33fd43d8cc22a947b6624fa072d	kurdish-hunspell-kmr	88131d6878ef7fa3ee114aa554adc385ff85b44c	31506	qewetkirin	qewetkirin	noun_fem	F	po:noun_fem					pending
756	086636c18c0f9af30eddcee27d37c5f9f282b05953211e511a4c1c9e3a419b9d	kurdish-hunspell-kmr	88131d6878ef7fa3ee114aa554adc385ff85b44c	43745	Şêxan	şêxan	noun_fem	F	po:noun_fem					pending
757	086bde73c154829ebbcc6b64e1dcc1e81847407aa287dbc4aec51d8262760ab0	kurdish-hunspell-kmr	88131d6878ef7fa3ee114aa554adc385ff85b44c	16430	etarok	etarok	noun_fem	F	po:noun_fem					pending
758	086e7ccf4c1843b63dc68754d07bfc9314a9cd27d12497b388661cab346120e1	kurdish-hunspell-kmr	88131d6878ef7fa3ee114aa554adc385ff85b44c	23036	kixe	kixe	adjective	AN	po:adj					pending
759	086ec8c7339de1cb0e35d65bd69476e4d76c7e0aa344e14967d116395f75dd57	kurdish-hunspell-kmr	88131d6878ef7fa3ee114aa554adc385ff85b44c	16827	fedîkarkirin	fedîkarkirin	noun_fem	F	po:noun_fem					pending
760	086f6f612a19cb7c7b1b7f59513211fe9435a0ae3a91bc92f799cbd32f4df4db	kurdish-hunspell-kmr	88131d6878ef7fa3ee114aa554adc385ff85b44c	42856	şalûsî	şalûsî	noun_fem	F	po:noun_fem					pending
761	086f880f48ed5e6a4669566a1afdac9f3074979ac9a3add525f084267749997b	kurdish-hunspell-kmr	88131d6878ef7fa3ee114aa554adc385ff85b44c	32790	rext	rext	noun_masc	M	po:noun_masc					pending
762	08722b7147e34c38b98b1ede692bc37ff5746db9b3a638d25450572284610529	kurdish-hunspell-kmr	88131d6878ef7fa3ee114aa554adc385ff85b44c	31187	qelaşt	qelaşt	verb	T	po:verb;is:past_stem_transitive_active;st:qelaşt;lem:qelaştin					pending
763	0873234ae73a1a3f63f274d44e90c4b653a3f03186de94aa49264478f5235c94	kurdish-hunspell-kmr	88131d6878ef7fa3ee114aa554adc385ff85b44c	642	akselerometre	akselerometre	noun_fem	F	po:noun_fem					pending
764	08742076372699104e1a5a293bb846aa8265a288cd49ad749dd2f9c461917a29	kurdish-hunspell-kmr	88131d6878ef7fa3ee114aa554adc385ff85b44c	22271	kelecandar	kelecandar	adjective	AN	po:adj					pending
765	0874f8ff5ae11f557ee450b3511963f78a2bec5c20bb91cc3d0fe14574e28aac	kurdish-hunspell-kmr	88131d6878ef7fa3ee114aa554adc385ff85b44c	26996	naskirin	naskirin	noun_fem	F	po:noun_fem					pending
766	08769ec871f3afccd8db0381ce4fc943b627565589c22579773d871909737580	kurdish-hunspell-kmr	88131d6878ef7fa3ee114aa554adc385ff85b44c	710	alavkî	alavkî	noun_fem	F	po:noun_fem					pending
767	0879d57bbd0aa36acf8f7fa0bad8034c3743a260c6f5c6dda032f7f3191389c2	kurdish-hunspell-kmr	88131d6878ef7fa3ee114aa554adc385ff85b44c	22149	kaxezk	kaxezk	noun_fem	F	po:noun_fem					pending
768	087b300378e39dc4ecedb8fa1e0474fcd9d2f36145701b477f836b5df2674e5f	kurdish-hunspell-kmr	88131d6878ef7fa3ee114aa554adc385ff85b44c	38696	weşandîkirin	weşandîkirin	noun_fem	F	po:noun_fem					pending
769	087b59116eaaa1f946203728a0e7d1c39c3c4927aaa65ac2c5b6f697547d354c	kurdish-hunspell-kmr	88131d6878ef7fa3ee114aa554adc385ff85b44c	9518	borebor	borebor	noun_fem	F	po:noun_fem					pending
770	087b9e78a97adf406f1c2eea9cbb097a2f24e8fd119eaecca60a7762ad405048	kurdish-hunspell-kmr	88131d6878ef7fa3ee114aa554adc385ff85b44c	36129	tazîbkirî	tazîbkirî	adjective	AN	po:adj					pending
771	087bb3ffaaf15d1f24506e85f19a54d81736602e4651bcad4462d3a94dc54e6a	kurdish-hunspell-kmr	88131d6878ef7fa3ee114aa554adc385ff85b44c	23029	kitêb	kitêb	noun_fem	F	po:noun_fem					pending
772	087ca48b7c78cc2abdefd4cf3d18b6daec6c2c11a5adade674e8bdd82ad48b1f	kurdish-hunspell-kmr	88131d6878ef7fa3ee114aa554adc385ff85b44c	25102	masîgirî	masîgirî	noun_fem	F	po:noun_fem					pending
773	087ddd631c7430fcffc7c474abb570902e5bff8cc1c9a5378ef25cd4c4f0c26a	kurdish-hunspell-kmr	88131d6878ef7fa3ee114aa554adc385ff85b44c	16881	felît	felît	adjective	AN	po:adj					pending
774	087e7a29fc77fc0f9f89062328526b3cee4ae8bad87ddcaa2309a7159c26ed30	kurdish-hunspell-kmr	88131d6878ef7fa3ee114aa554adc385ff85b44c	32284	rastbêjkirin	rastbêjkirin	noun_fem	F	po:noun_fem					pending
775	08860774dcd6363bab4c9ed4d0063112bad5252d7cef1a12860151f1c05e3cb4	kurdish-hunspell-kmr	88131d6878ef7fa3ee114aa554adc385ff85b44c	29880	pisîk	pisîk	noun_fem	F	po:noun_fem					pending
776	0887d6648e4dc532e79e5350dca821267ffb48fc1b14c7fcf4347c5604508fa0	kurdish-hunspell-kmr	88131d6878ef7fa3ee114aa554adc385ff85b44c	198	acêbe	acêbe	adverb	R	po:adv					pending
777	088a4a65940aa4b4167186b91f4558f29e124b79ca5dafbf96a81c32037379e7	kurdish-hunspell-kmr	88131d6878ef7fa3ee114aa554adc385ff85b44c	6675	bijîşkîkirin	bijîşkîkirin	noun_fem	F	po:noun_fem					pending
778	0892bf451a425585a602510ecc5a665bc21a2c1681c895623ca89433fc06b20c	kurdish-hunspell-kmr	88131d6878ef7fa3ee114aa554adc385ff85b44c	10095	bêbîmî	bêbîmî	noun_fem	F	po:noun_fem					pending
779	089313d576a78d78b72e23e2f3170e3b2c75500ba70a452ee4b6f28787c52c86	kurdish-hunspell-kmr	88131d6878ef7fa3ee114aa554adc385ff85b44c	34324	serencam	serencam	noun_fem	F	po:noun_fem					pending
780	08955e3af49b52ec29a62139e6b764e2359ae9e590d48b9a10b7b080881bf14b	kurdish-hunspell-kmr	88131d6878ef7fa3ee114aa554adc385ff85b44c	18697	guhrepe	guhrepe	noun_fem	F	po:noun_fem					pending
781	08974f5f568fe47b218c9378e3dec62acb9b268f27de39d612c25ef0e1985db1	kurdish-hunspell-kmr	88131d6878ef7fa3ee114aa554adc385ff85b44c	31996	qutifî	qutifî	verb	I	po:verb;is:past_stem_intransitive_active;st:qutif;lem:qutifîn					pending
782	0898e615613845d0282800a84fc4b3e1e2ffbc3f2c02726cc4132a36edb4a62f	kurdish-hunspell-kmr	88131d6878ef7fa3ee114aa554adc385ff85b44c	4097	beranîn	beranîn	verb	XF	po:verb					pending
783	08994c15dd51c0f58f3280bccdb43af1d78db288973c9e4a65d33b447bae169d	kurdish-hunspell-kmr	88131d6878ef7fa3ee114aa554adc385ff85b44c	22368	kemilîbûyî	kemilîbûyî	adjective	AN	po:adj					pending
784	0899eb2b0134eb953ea2f426e45ed873e2586f4babb8c6fb21668f59df7906a2	kurdish-hunspell-kmr	88131d6878ef7fa3ee114aa554adc385ff85b44c	41448	çavtêr	çavtêr	adjective	AN	po:adj					pending
785	089a8e55bd1d30cec71f21e02534c3c81074a07c14f13857e6736e38df6f857d	kurdish-hunspell-kmr	88131d6878ef7fa3ee114aa554adc385ff85b44c	43171	şepalane	şepalane	adverb	R	po:adv					pending
786	089aa37730894a124dcf7862b083a60c94244f7fa64f782eb0d693caa1cd5ffe	kurdish-hunspell-kmr	88131d6878ef7fa3ee114aa554adc385ff85b44c	1775	avabûyî	avabûyî	adjective	AN	po:adj					pending
787	089b78bb9f311e5dc25311ffb835f1a40febba68ddaed327356910fbb0d4a0e7	kurdish-hunspell-kmr	88131d6878ef7fa3ee114aa554adc385ff85b44c	14699	Dikili	dikili	propn	ZF	po:propn					pending
788	089c6263db208e47c0bcf0dd21109d2ad6a5e7015c1641ea9346afd5815b847e	kurdish-hunspell-kmr	88131d6878ef7fa3ee114aa554adc385ff85b44c	38367	watedarî	watedarî	noun_fem	F	po:noun_fem					pending
789	089d939f1a0102ccabf78de3961adeab2dae0051fc39daf9129428cc84cd1381	kurdish-hunspell-kmr	88131d6878ef7fa3ee114aa554adc385ff85b44c	12616	bîrdarîbûyî	bîrdarîbûyî	adjective	AN	po:adj					pending
790	089dc2310e6a773c5f55c40b5131981ca7fdd3dc98cdf49012b06b1bbef8dd95	kurdish-hunspell-kmr	88131d6878ef7fa3ee114aa554adc385ff85b44c	11353	bêmalûmilk	bêmalûmilk	adjective	AN	po:adj					pending
791	089e16237e518608f99396f2001c3e5020829cecaf609fa9d70479a6e263ec4e	kurdish-hunspell-kmr	88131d6878ef7fa3ee114aa554adc385ff85b44c	9144	biçarşev	biçarşev	adjective	AN	po:adj					pending
792	089f4d0ca893eecae687898de5cb09b78614774eeb9927002340b781a56bafa4	kurdish-hunspell-kmr	88131d6878ef7fa3ee114aa554adc385ff85b44c	21134	hîbekirin	hîbekirin	noun_fem	F	po:noun_fem					pending
793	089fe61c8ff90560c1736eb2b4cf1d5d72809c4c3c14bfc64c0cb555d575a979	kurdish-hunspell-kmr	88131d6878ef7fa3ee114aa554adc385ff85b44c	18545	gotegotkirî	gotegotkirî	adjective	AN	po:adj					pending
794	08a084889bc191f0e2da0748bbb2c5486417fbd2012993ab0d1caeaf88713fb4	kurdish-hunspell-kmr	88131d6878ef7fa3ee114aa554adc385ff85b44c	5730	bidengûdorî	bidengûdorî	noun_fem	F	po:noun_fem					pending
795	08a412b46ee1490dcd79611e6c8fd2abd3b8ee32c45fc836ae1fbcd77cd54f0d	kurdish-hunspell-kmr	88131d6878ef7fa3ee114aa554adc385ff85b44c	22378	kemkirî	kemkirî	adjective	AN	po:adj					pending
796	08a4e9bd8cb26731c54315674c6f3df4f1aaaa6dc433a079f2092d0dc6cd0750	kurdish-hunspell-kmr	88131d6878ef7fa3ee114aa554adc385ff85b44c	41341	çarlingî	çarlingî	adjective	AN	po:adj					pending
797	08a56b3904a265f3ca3ebb3064c4efd8c1da414b4759ae92d5ce70443beca619	kurdish-hunspell-kmr	88131d6878ef7fa3ee114aa554adc385ff85b44c	35240	soraxvanî	soraxvanî	noun_fem	F	po:noun_fem					pending
798	08a5b516d6e50d8bde891d93adf1df8aded6673fbb8d760ba5cfba54f1b757e9	kurdish-hunspell-kmr	88131d6878ef7fa3ee114aa554adc385ff85b44c	31163	qehremankirî	qehremankirî	adjective	AN	po:adj					pending
799	08a99568a7f0a0b048cfab352dabd63a7ee4e5c1a6bc97d82599cbc6ff9340ba	kurdish-hunspell-kmr	88131d6878ef7fa3ee114aa554adc385ff85b44c	1946	avpeng	avpeng	noun_fem	F	po:noun_fem					pending
800	08abc706b79779fdd6be4a66d7109f1614a9c3535a0ea8821c3a3ac806b95679	kurdish-hunspell-kmr	88131d6878ef7fa3ee114aa554adc385ff85b44c	24204	lehengkirî	lehengkirî	adjective	AN	po:adj					pending
801	08aeb5dd05429920f01601905a98c7acf7d35da2239616870b71f61cc24afde5	kurdish-hunspell-kmr	88131d6878ef7fa3ee114aa554adc385ff85b44c	11535	bêmîrateyî	bêmîrateyî	noun_fem	F	po:noun_fem					pending
802	08afdb00932c55bc3c80191f3e9de47401e15a283949c041eb8f52d6f21f1bd1	kurdish-hunspell-kmr	88131d6878ef7fa3ee114aa554adc385ff85b44c	11846	bêpêwendî	bêpêwendî	adjective	AN	po:adj					pending
803	08b117d37e8a5f3dfa67e76081857d32be4ab90b16421e2f0ba4d02bbb88df02	kurdish-hunspell-kmr	88131d6878ef7fa3ee114aa554adc385ff85b44c	5695	bidawîanîn	bidawîanîn	noun_fem	F	po:noun_fem					pending
804	08b1b1357fa643c7ab4fe97b5919ae1d08accd4022d93abc8c0f6ad02b4a9f62	kurdish-hunspell-kmr	88131d6878ef7fa3ee114aa554adc385ff85b44c	39374	Xining	xining	propn	ZF	po:propn					pending
805	08b2bdd64c8e226ca2eb286d5f7149ee2e019d83476553930bacfba24146ac15	kurdish-hunspell-kmr	88131d6878ef7fa3ee114aa554adc385ff85b44c	6438	bihinfireh	bihinfireh	adjective	AN	po:adj					pending
806	08b352987368f965d6bc6f13713ada0570c7fa3c03b05b2e254fad1a990e213c	kurdish-hunspell-kmr	88131d6878ef7fa3ee114aa554adc385ff85b44c	10593	bêgida	bêgida	adjective	AN	po:adj					pending
807	08b47e607e1c80b0b1c8306ff0b9c48e569f6169b58f8f8b1201be127e147c25	kurdish-hunspell-kmr	88131d6878ef7fa3ee114aa554adc385ff85b44c	33863	sebaret	sebaret	adverb	R	po:adv					pending
808	08b6755c275cdd2791617718acd42398366e5ef5a7f6945b11e901ad85e78845	kurdish-hunspell-kmr	88131d6878ef7fa3ee114aa554adc385ff85b44c	37426	topikkirî	topikkirî	adjective	AN	po:adj					pending
809	08b6cfbd8f1f4fb600755d5ad475f0e2e0bdb74ed896609962e1433d96114324	kurdish-hunspell-kmr	88131d6878ef7fa3ee114aa554adc385ff85b44c	13224	civ	civ	verb	V	po:verb;is:present_stem_intransitive_active;st:civ;lem:civîn					pending
810	08b724f1db13501a20352810d75b35db6e3963f162aea5a593fb970c0d24258a	kurdish-hunspell-kmr	88131d6878ef7fa3ee114aa554adc385ff85b44c	42289	çûrrik	çûrrik	noun_fem	F	po:noun_fem					pending
811	08b7eaf739214840db866ac14d5000a3be3839eb5d34775343d9e25e779cb499	kurdish-hunspell-kmr	88131d6878ef7fa3ee114aa554adc385ff85b44c	38151	vetokirî	vetokirî	adjective	AN	po:adj					pending
812	08ba9a361f135f98b3fbaca8163b1f036db31f889ad212e2068c09fe9735416b	kurdish-hunspell-kmr	88131d6878ef7fa3ee114aa554adc385ff85b44c	30374	pêkanbûn	pêkanbûn	noun_fem	F	po:noun_fem					pending
813	08bb26379b864660c5273ac18746d798ea8d1cd3933761f3f83ee934a754fb9a	kurdish-hunspell-kmr	88131d6878ef7fa3ee114aa554adc385ff85b44c	21173	hînbûn	hînbûn	noun_fem	F	po:noun_fem					pending
814	08bb57f780952e1f461329adfab02d01f1977a967e16bb1c631e375a23ae38e2	kurdish-hunspell-kmr	88131d6878ef7fa3ee114aa554adc385ff85b44c	29316	perritandî	perritandî	adjective	AN	po:adj					pending
815	08bd48be091e9614141acc5857ff0a2d0b9bed12fe99418d03d4748fd5306f2a	kurdish-hunspell-kmr	88131d6878ef7fa3ee114aa554adc385ff85b44c	32905	rihilî	rihilî	verb	I	po:verb;is:past_stem_intransitive_active;st:rihil;lem:rihilîn					pending
816	08bd8834b8fff36119b3925a65c833457cade9894727bc3d61883d31adcd943e	kurdish-hunspell-kmr	88131d6878ef7fa3ee114aa554adc385ff85b44c	16672	ezox	ezox	noun_fem	F	po:noun_fem					pending
817	08be94b411b98c9ced6cd86784f30f39ae14bf987eed748c536a2ae0bb580b1f	kurdish-hunspell-kmr	88131d6878ef7fa3ee114aa554adc385ff85b44c	34301	serdilkirî	serdilkirî	adjective	AN	po:adj					pending
818	08bf2b60e5ae0c0866860c8bac5b77e1bbbc246784740f3c20449c7bebe4d586	kurdish-hunspell-kmr	88131d6878ef7fa3ee114aa554adc385ff85b44c	38301	vîrus	vîrus	noun_fem	F	po:noun_fem					pending
819	08c09eb80686430109f7bab4427c09005cfe4a8d0b049bf66a322ba5df0a3ae2	kurdish-hunspell-kmr	88131d6878ef7fa3ee114aa554adc385ff85b44c	6027	bieşqî	bieşqî	noun_fem	F	po:noun_fem					pending
820	08c0c5faf082e05ec61519d281012c36c39db92954f6614874161685a17db317	kurdish-hunspell-kmr	88131d6878ef7fa3ee114aa554adc385ff85b44c	29569	peyrewbûyî	peyrewbûyî	adjective	AN	po:adj					pending
821	08c157cd3bffe23009286c6881f87652d0afbf9de856893e9cec492ca031b196	kurdish-hunspell-kmr	88131d6878ef7fa3ee114aa554adc385ff85b44c	16591	eyarkirin	eyarkirin	noun_fem	F	po:noun_fem					pending
822	08c2d88ae14fa18e6900149ee71a89c9b53f9da07672b5e01595a7720fde5c1f	kurdish-hunspell-kmr	88131d6878ef7fa3ee114aa554adc385ff85b44c	15947	elbik	elbik	noun_fem	F	po:noun_fem					pending
823	08c33af825ba28ba92eec77bafb0ff42e99fc23a4762041a35189c3e98c5baea	kurdish-hunspell-kmr	88131d6878ef7fa3ee114aa554adc385ff85b44c	25732	mexsedkirî	mexsedkirî	adjective	AN	po:adj					pending
824	08c4d55208c6542557f2988eb9daa09ab9e992048f298ebefc3fcbb1437471f5	kurdish-hunspell-kmr	88131d6878ef7fa3ee114aa554adc385ff85b44c	12125	bêsîqal	bêsîqal	adjective	AN	po:adj					pending
825	08c7364a969a29c7789fa3edacf227046929ff17ff334dede5fb43ad6035dba4	kurdish-hunspell-kmr	88131d6878ef7fa3ee114aa554adc385ff85b44c	7264	binamûsbûn	binamûsbûn	noun_fem	F	po:noun_fem					pending
826	08c742320b0578055e888a07e6964482454f589d3c702f25eee71e892c7f58ba	kurdish-hunspell-kmr	88131d6878ef7fa3ee114aa554adc385ff85b44c	10671	bêgunehkirin	bêgunehkirin	noun_fem	F	po:noun_fem					pending
827	08c941ed998d2ac8eaaa220916c96ab92820571b6df20758dbf206527b809437	kurdish-hunspell-kmr	88131d6878ef7fa3ee114aa554adc385ff85b44c	10158	bêcixiz	bêcixiz	adjective	AN	po:adj					pending
828	08c986f935fb163db4cfaa4502b0b5011e47944705387eb4ba72fb2fb53b29a4	kurdish-hunspell-kmr	88131d6878ef7fa3ee114aa554adc385ff85b44c	27642	Neubrandenburg	neubrandenburg	propn	ZF	po:propn					pending
829	08c9d3c125694942a3ffa379e6554b3870087225fb39112fe60aae582795e412	kurdish-hunspell-kmr	88131d6878ef7fa3ee114aa554adc385ff85b44c	5783	bidevgirk	bidevgirk	noun_fem	F	po:noun_fem					pending
830	08cacc496736c582182861e379a19c53b17f5673c9c6c7269bef43e9bd8bba8f	kurdish-hunspell-kmr	88131d6878ef7fa3ee114aa554adc385ff85b44c	14973	dirametî	dirametî	noun_fem	F	po:noun_fem					pending
831	08cbf1c6b66ea17379421e0d635eaa3a8e05cca7a4c4b0be5b95a327775af6f8	kurdish-hunspell-kmr	88131d6878ef7fa3ee114aa554adc385ff85b44c	29441	peskirin	peskirin	noun_fem	F	po:noun_fem					pending
832	08cdf0223ce006659ce3c41d65dba33e7d4f509193d1aa247bfbcc83c5fa508b	kurdish-hunspell-kmr	88131d6878ef7fa3ee114aa554adc385ff85b44c	28792	parpar	parpar	noun_fem	F	po:noun_fem					pending
833	08ce00464e87d92cbe671b6e04d2e680d025528a0c8f5f8858e8aa2356b0a737	kurdish-hunspell-kmr	88131d6878ef7fa3ee114aa554adc385ff85b44c	23690	kurkum	kurkum	noun_fem	F	po:noun_fem					pending
834	08cf24a426001a88752fb976fb7b6099cfd066013e20428d2bcae0982291e6ca	kurdish-hunspell-kmr	88131d6878ef7fa3ee114aa554adc385ff85b44c	26305	mitercimane	mitercimane	adjective	AN	po:adj					pending
835	08d2bddf5db6e8093ecb2d61eadd79b16e481afc108289b41db8df40cd2614e5	kurdish-hunspell-kmr	88131d6878ef7fa3ee114aa554adc385ff85b44c	13831	daxuyanîdan	daxuyanîdan	noun_fem	F	po:noun_fem					pending
836	08d46c87f24f6d24336cc73886150b7d32b42318904a6b03265b30100994d680	kurdish-hunspell-kmr	88131d6878ef7fa3ee114aa554adc385ff85b44c	36864	tevabûn	tevabûn	noun_fem	F	po:noun_fem					pending
837	08d87ae8360a156c27a090669a26efc178651a00b0cd97b0ceea25dc28131c53	kurdish-hunspell-kmr	88131d6878ef7fa3ee114aa554adc385ff85b44c	27267	neesehbar	neesehbar	adjective	AN	po:adj					pending
838	08d9ab2a52f9abc2933d06eeded08cf97492b82c2f8dc181ab6632a24a6aa72d	kurdish-hunspell-kmr	88131d6878ef7fa3ee114aa554adc385ff85b44c	40647	zerîbe	zerîbe	noun_fem	F	po:noun_fem					pending
839	08da746f3b7cbc7410b7db61c202318af07b9ff19bb19a9f06b67a18a5d038c0	kurdish-hunspell-kmr	88131d6878ef7fa3ee114aa554adc385ff85b44c	8582	bitevdîrî	bitevdîrî	noun_fem	F	po:noun_fem					pending
840	08da9b6455468d5ac2443135718a9acc26ec6530ae2dcbaf51e478e6ed025c41	kurdish-hunspell-kmr	88131d6878ef7fa3ee114aa554adc385ff85b44c	29151	pencekirin	pencekirin	noun_fem	F	po:noun_fem					pending
841	08dae9e169cc67486439f9eb3ac1a155fa8b4db3aced3ba6b6a89cbd74741c52	kurdish-hunspell-kmr	88131d6878ef7fa3ee114aa554adc385ff85b44c	39224	xesû	xesû	noun_fem	F	po:noun_fem					pending
842	08db36d806a92f216377e3c44c11377ec8bb8274c85a52c14b7d9a2e4f54c45d	kurdish-hunspell-kmr	88131d6878ef7fa3ee114aa554adc385ff85b44c	31396	qerrimandin	qerrimandin	noun_fem	F	po:noun_fem					pending
843	08dc566993681485ed52a0e3e80ef39e9f4a29a29158d6a60e2a65f228dce98e	kurdish-hunspell-kmr	88131d6878ef7fa3ee114aa554adc385ff85b44c	16776	fasidî	fasidî	noun_fem	F	po:noun_fem					pending
844	08dd03ddb4a9051fbc691275495627654e909ec9379f182adbf7cb34f4f09fed	kurdish-hunspell-kmr	88131d6878ef7fa3ee114aa554adc385ff85b44c	20525	him	him	adverb	R	po:adv					pending
845	08de929eec2715acb79ad7b32d5ed572390416364a76bcb328047955f57b4e62	kurdish-hunspell-kmr	88131d6878ef7fa3ee114aa554adc385ff85b44c	11599	bênefes	bênefes	adjective	AN	po:adj					pending
846	08dfcf91fe1863a387bc162503cf32ffd8e3a51024252fba0b017b5ceb41c41c	kurdish-hunspell-kmr	88131d6878ef7fa3ee114aa554adc385ff85b44c	37562	turnuwa	turnuwa	noun_fem	F	po:noun_fem					pending
847	08e12e878768fa4591afc38dbb30f325c30d2a0c2ad4eb0ba7741ef7e6d56d00	kurdish-hunspell-kmr	88131d6878ef7fa3ee114aa554adc385ff85b44c	6355	biheve	biheve	noun_fem	F	po:noun_fem					pending
848	08e2457a13dfc836645b4f2dd3d44300e208cd4d2bf8a9ea8019dd8f12280452	kurdish-hunspell-kmr	88131d6878ef7fa3ee114aa554adc385ff85b44c	19090	halan	halan	noun_fem	F	po:noun_fem					pending
849	08e368500aebae13cd2ad4bc4525b331fe2135c83fe12fb3ebe96ceb81c71457	kurdish-hunspell-kmr	88131d6878ef7fa3ee114aa554adc385ff85b44c	43305	şevbaş	şevbaş	adverb	R	po:adv					pending
850	08e96b09582eae27c21803fd12b04cb0403ce003fedbd4f13209c171d3f62da9	kurdish-hunspell-kmr	88131d6878ef7fa3ee114aa554adc385ff85b44c	6999	bilyarî	bilyarî	noun_fem	F	po:noun_fem					pending
851	08eaf2991a553ab7335c5b8dcb136aa57ce81a0d01087e3f330b2d11ced92258	kurdish-hunspell-kmr	88131d6878ef7fa3ee114aa554adc385ff85b44c	1095	anarşîk	anarşîk	noun_fem	F	po:noun_fem					pending
852	08ed9380c63fa5c7c1bebd4b02ac27850afe218b122b8dab985c7045c4dd0a7d	kurdish-hunspell-kmr	88131d6878ef7fa3ee114aa554adc385ff85b44c	40103	xîzîn	xîzîn	verb	XF	po:verb					pending
853	08f06380dec23ff9d2a7ac11edeee057ca00f268eb4b48b609380cf0b2e155eb	kurdish-hunspell-kmr	88131d6878ef7fa3ee114aa554adc385ff85b44c	41636	çeqand	çeqand	verb	T	po:verb;is:past_stem_transitive_active;st:çeq;lem:çeqandin					pending
854	08f23da32310f27b469f135873b5524a1d44708661ef4b642a11158fc177f070	kurdish-hunspell-kmr	88131d6878ef7fa3ee114aa554adc385ff85b44c	9845	bêbacî	bêbacî	noun_fem	F	po:noun_fem					pending
855	08f3ef1c98f54e77c3f5975c11ba45bd99255b15c7181da05149e38b48f26323	kurdish-hunspell-kmr	88131d6878ef7fa3ee114aa554adc385ff85b44c	22538	kerîkirin	kerîkirin	noun_fem	F	po:noun_fem					pending
856	08f47ef8059a1bd391c7b303a41db804216ac60aad2ad518b83f14d4b838442b	kurdish-hunspell-kmr	88131d6878ef7fa3ee114aa554adc385ff85b44c	5284	biavkirin	biavkirin	noun_fem	F	po:noun_fem					pending
857	08f7ad5f90872428e066d404753266390402ec371ff086c4e4dbfe5a77b4613b	kurdish-hunspell-kmr	88131d6878ef7fa3ee114aa554adc385ff85b44c	28496	optîmîst	optîmîst	adjective	AN	po:adj					pending
858	08f8b453b4017cbab2dbeb854dec2ac490430e8cce6d8159977a2bc5069485b3	kurdish-hunspell-kmr	88131d6878ef7fa3ee114aa554adc385ff85b44c	37274	tirraşistan	tirraşistan	noun_fem	F	po:noun_fem					pending
859	08f8c7c96dc0a6a0e9d5cebbf28660c5a6b9e3bc659d2fc32460ee4ea46f67ec	kurdish-hunspell-kmr	88131d6878ef7fa3ee114aa554adc385ff85b44c	28508	oreorkirin	oreorkirin	noun_fem	F	po:noun_fem					pending
860	08f980504d312575b0051ae8287ab372e4d1c31a7d7a7f81f5f3f8d8a7127ea2	kurdish-hunspell-kmr	88131d6878ef7fa3ee114aa554adc385ff85b44c	8433	bisozyarî	bisozyarî	noun_fem	F	po:noun_fem					pending
861	08f99dff903f2752eb558d56ff9a8f316864997e01c9be9d6f4b96d609929724	kurdish-hunspell-kmr	88131d6878ef7fa3ee114aa554adc385ff85b44c	42806	şadirvan	şadirvan	noun_fem	F	po:noun_fem					pending
862	08fa84207306f49d45bbea35c32bb685b983752749bcc10a4f1740d84b42375d	kurdish-hunspell-kmr	88131d6878ef7fa3ee114aa554adc385ff85b44c	40538	zemqkirin	zemqkirin	noun_fem	F	po:noun_fem					pending
863	08fca04d8ff45013ed47f8bb4e5141cd70eb1452737250d9b09de83e82e5174d	kurdish-hunspell-kmr	88131d6878ef7fa3ee114aa554adc385ff85b44c	20784	hosteyane	hosteyane	adjective	AN	po:adj					pending
864	08fec4da804b8d5f0559bd25aeaf2f35a26083d285fd39811d4da777efe4701b	kurdish-hunspell-kmr	88131d6878ef7fa3ee114aa554adc385ff85b44c	30643	pêşvebirin	pêşvebirin	noun_fem	F	po:noun_fem					pending
865	0902eb46d0fb500a1e65dce24f0076b572cfbd16621913d3db5a5e9b83605899	kurdish-hunspell-kmr	88131d6878ef7fa3ee114aa554adc385ff85b44c	39760	xwedankirin	xwedankirin	noun_fem	F	po:noun_fem					pending
866	0903e10278c89fd422e6afa42318f1501c6f7a84afbdb084e2716dd365c45c23	kurdish-hunspell-kmr	88131d6878ef7fa3ee114aa554adc385ff85b44c	12375	bêzerer	bêzerer	adjective	AN	po:adj					pending
867	09064f0c53ce4e90525868629d04ecb4763ee2cb6f8011cd23739ee9d73716f7	kurdish-hunspell-kmr	88131d6878ef7fa3ee114aa554adc385ff85b44c	42934	şarezayîkirî	şarezayîkirî	adjective	AN	po:adj					pending
868	0906ad125a56e7c745cc2fd47f4c969ba83b7d57b60ed6b854278b1c41ddf838	kurdish-hunspell-kmr	88131d6878ef7fa3ee114aa554adc385ff85b44c	43133	şemitî	şemitî	verb	I	po:verb;is:past_stem_intransitive_active;st:şemit;lem:şemitîn					pending
869	0908bd00509a508b865e9943b0042eaf4ec0c84e9da09bff31175324fd91f055	kurdish-hunspell-kmr	88131d6878ef7fa3ee114aa554adc385ff85b44c	30752	pîskoposane	pîskoposane	adjective	AN	po:adj					pending
870	090c1dcac9b3a5a93a25c0bf975e8d90c14cfc80b2d3b3d5aa6283c093b92ed1	kurdish-hunspell-kmr	88131d6878ef7fa3ee114aa554adc385ff85b44c	20799	hovî	hovî	noun_fem	F	po:noun_fem					pending
871	090e1b0e65ba757d46e79d77fa52b4f648a00a5f4b91c01ac89f9708ccd2306f	kurdish-hunspell-kmr	88131d6878ef7fa3ee114aa554adc385ff85b44c	1724	asîw	asîw	noun_fem	F	po:noun_fem					pending
872	0918197155a3077e43480ea94efb36a7e568b7d16fa2869efb3817748ae1d5b3	kurdish-hunspell-kmr	88131d6878ef7fa3ee114aa554adc385ff85b44c	25197	mecbûrbûn	mecbûrbûn	noun_fem	F	po:noun_fem					pending
873	091c7511e6f1d807c6d8a68841fc3c2a51aae11a39cacb35c906b2e921b01cf0	kurdish-hunspell-kmr	88131d6878ef7fa3ee114aa554adc385ff85b44c	16058	emosyon	emosyon	noun_fem	F	po:noun_fem					pending
874	091d6e8e6ec96dfda0c59b66058149ae9678b6b807e5328db510088fad4e1648	kurdish-hunspell-kmr	88131d6878ef7fa3ee114aa554adc385ff85b44c	40806	zincîrkirin	zincîrkirin	noun_fem	F	po:noun_fem					pending
875	091e9a15ab80c10cf089956a12b58deaec5659da9e95147abdf8dd1bd5a10cf7	kurdish-hunspell-kmr	88131d6878ef7fa3ee114aa554adc385ff85b44c	3630	Behoş	behoş	noun_masc	M	po:noun_masc					pending
876	0920bf6a342ae12283dd810d87f197a9ca6dbb169bb659d149247511200bed24	kurdish-hunspell-kmr	88131d6878ef7fa3ee114aa554adc385ff85b44c	479	agnostîk	agnostîk	noun_fem	F	po:noun_fem					pending
877	09230930f9373538219709fc1c79f8d7cba96c9aef15104d760c41e46a791d24	kurdish-hunspell-kmr	88131d6878ef7fa3ee114aa554adc385ff85b44c	10030	bêbiryar	bêbiryar	adjective	AN	po:adj					pending
878	0925df65df453fc173cce570ccf12ca3af485eef377c7c9ed4efaea5914bbc6d	kurdish-hunspell-kmr	88131d6878ef7fa3ee114aa554adc385ff85b44c	11506	bêmoran	bêmoran	adjective	AN	po:adj					pending
879	09265519ee0d36a7223628f77a27a736bbfb4597f6f3936e872e5c56dae36145	kurdish-hunspell-kmr	88131d6878ef7fa3ee114aa554adc385ff85b44c	6644	bijêrik	bijêrik	noun_fem	F	po:noun_fem					pending
880	09281088590cfc6a55af5d1e4a5c3fbd63d01461a95817d25ea524a7eaedabc7	kurdish-hunspell-kmr	88131d6878ef7fa3ee114aa554adc385ff85b44c	313	afirînek	afirînek	noun_fem	F	po:noun_fem					pending
881	0929638ca10d8202f60f8d37a11c8177c4036271236b29ee0734f74c27d40349	kurdish-hunspell-kmr	88131d6878ef7fa3ee114aa554adc385ff85b44c	12386	bêzewq	bêzewq	adjective	AN	po:adj					pending
882	092bb39f83ad76dfbb4fe36d3d26c11d37b279822cd52ea494730e54375cce0f	kurdish-hunspell-kmr	88131d6878ef7fa3ee114aa554adc385ff85b44c	14310	derve	derve	adverb	R	po:adv					pending
883	09302247166c9809449ba5f89afc6bdc4fb5556a6e562a103c6cab970e9d1406	kurdish-hunspell-kmr	88131d6878ef7fa3ee114aa554adc385ff85b44c	11361	bêmanî	bêmanî	adjective	AN	po:adj					pending
884	09303b33c797a015343d76182aaedfd1139f7dc784c24de2860de71cf005c30d	kurdish-hunspell-kmr	88131d6878ef7fa3ee114aa554adc385ff85b44c	17486	fulahî	fulahî	noun_fem	F	po:noun_fem					pending
885	093116455c477da1578743201a7b1d5dc8a8837452240b26a65548166edcbedd	kurdish-hunspell-kmr	88131d6878ef7fa3ee114aa554adc385ff85b44c	34886	sikirkirî	sikirkirî	adjective	AN	po:adj					pending
886	0932ab08353446ffa2f486167b125c64660aebd14876acd0d568ba9f9e424327	kurdish-hunspell-kmr	88131d6878ef7fa3ee114aa554adc385ff85b44c	29664	pile	pile	noun_fem	F	po:noun_fem					pending
887	0935f31bcbbae0a8e98a4888af64cdaa0d3afe16121d5e22191fa9a31790b4a9	kurdish-hunspell-kmr	88131d6878ef7fa3ee114aa554adc385ff85b44c	17662	galte	galte	noun_fem	F	po:noun_fem					pending
888	0936064d1e478b7c3df62a0ba73f19c64f4db8fa6f2cfc801c8980c192bd5be9	kurdish-hunspell-kmr	88131d6878ef7fa3ee114aa554adc385ff85b44c	10322	bêdizgîn	bêdizgîn	adjective	AN	po:adj					pending
889	0936ba72460908bf0bc68726ff0f3cda1dded8243aba4ee05d14b22bfe7e5bde	kurdish-hunspell-kmr	88131d6878ef7fa3ee114aa554adc385ff85b44c	20228	heyibandin	heyibandin	verb	XF	po:verb					pending
890	09375ea598bda46c0e7f49ec99a2a278829d3dd3707cab2b5539af6ab9f624d5	kurdish-hunspell-kmr	88131d6878ef7fa3ee114aa554adc385ff85b44c	21345	inkarkirin	inkarkirin	noun_fem	F	po:noun_fem					pending
891	09384836196b29283d9ab6850aaa9966e3b18c8d23eb0721ebb0f056454c1ed1	kurdish-hunspell-kmr	88131d6878ef7fa3ee114aa554adc385ff85b44c	34496	serkêşîbûyî	serkêşîbûyî	adjective	AN	po:adj					pending
892	093cd9c94c41c4b4e1c9db94088ff21f744c2bd37cc16f64ea3482d950f9b9cf	kurdish-hunspell-kmr	88131d6878ef7fa3ee114aa554adc385ff85b44c	43293	şervanî	şervanî	noun_fem	F	po:noun_fem					pending
893	093eca9ba37142cc78df1fa9567230e8602500ff16c6d0a73bb3a15c6550bebb	kurdish-hunspell-kmr	88131d6878ef7fa3ee114aa554adc385ff85b44c	24156	laşgiranbûyî	laşgiranbûyî	adjective	AN	po:adj					pending
894	093fd5c15d3bab4ec465c43974a465b42c10a4e0502da8d0de4f0be7d68f5fa5	kurdish-hunspell-kmr	88131d6878ef7fa3ee114aa554adc385ff85b44c	27983	nivîsar	nivîsar	noun_fem	F	po:noun_fem					pending
895	09424fe27ec811b5bfc79566eede970a5501eb27fc694ee2409e876cc4818fdd	kurdish-hunspell-kmr	88131d6878ef7fa3ee114aa554adc385ff85b44c	8394	bisilte	bisilte	adjective	AN	po:adj					pending
896	09426d93a303d75ad3207ac2c151f318aeda40852add75a5950c0cfe953008ce	kurdish-hunspell-kmr	88131d6878ef7fa3ee114aa554adc385ff85b44c	1281	aqilperest	aqilperest	noun_fem	F	po:noun_fem					pending
897	0942c36837a6c53914b6c965ea8a30482d1c466692e9be3a7afe80c5cf1772f5	kurdish-hunspell-kmr	88131d6878ef7fa3ee114aa554adc385ff85b44c	29545	peyhatîkirî	peyhatîkirî	adjective	AN	po:adj					pending
898	09430d27f8c7697b252d65a862fd6ebcedf75c98ed2b19d692f8a26462804348	kurdish-hunspell-kmr	88131d6878ef7fa3ee114aa554adc385ff85b44c	4813	berêvarî	berêvarî	noun_fem	F	po:noun_fem					pending
899	09436a4ccfba8d073cb4c197967b97724ab751c4febd15959f48df181cab8778	kurdish-hunspell-kmr	88131d6878ef7fa3ee114aa554adc385ff85b44c	30819	pûrtikîn	pûrtikîn	noun_fem	F	po:noun_fem					pending
900	0945e54cd9ea629f474bbf79a9d09e5b2ebc857614adf80f92fb739fa2fb27e3	kurdish-hunspell-kmr	88131d6878ef7fa3ee114aa554adc385ff85b44c	37812	tûmandin	tûmandin	verb	XF	po:verb					pending
901	094cd4cb0c5d82038fc2085bf76e3e1fbe0b7446b92724df2ba3f17575b9aa32	kurdish-hunspell-kmr	88131d6878ef7fa3ee114aa554adc385ff85b44c	15148	doktrîn	doktrîn	noun_fem	F	po:noun_fem					pending
902	095082e44f104cb66aeb8fe00551ef9fb184ee1228a03eaec4ed0042c0ac7b4c	kurdish-hunspell-kmr	88131d6878ef7fa3ee114aa554adc385ff85b44c	2113	axabendik	axabendik	noun_fem	F	po:noun_fem					pending
903	0953fd33c3a79cc9b449b8018bdfaba1d6002eec3674ccf3546145a77b2d698d	kurdish-hunspell-kmr	88131d6878ef7fa3ee114aa554adc385ff85b44c	13508	dadgirtî	dadgirtî	adjective	AN	po:adj					pending
904	0955d07cfcaa4e55e2207edef4fe56e04647c7ff4008f1617b3e9ab586cf9983	kurdish-hunspell-kmr	88131d6878ef7fa3ee114aa554adc385ff85b44c	10644	bêgram	bêgram	adjective	AN	po:adj					pending
905	095a1478fbd66c19480c54e1cd41e3104801c94ea45221586b016c12aedb4b3a	kurdish-hunspell-kmr	88131d6878ef7fa3ee114aa554adc385ff85b44c	38958	xaşîn	xaşîn	verb	V	po:verb;is:present_stem_transitive_active;st:xaş;lem:xaşandin					pending
906	095afbcff47cb743a9df96218ec0c67b9c58bf31f958ccb45cd1044d549bc9d5	kurdish-hunspell-kmr	88131d6878ef7fa3ee114aa554adc385ff85b44c	2428	aşiq	aşiq	adjective	AN	po:adj					pending
907	095e804f73588b4ee6269f1a0755cca791dd068d89878b7ac23a62470a1d090f	kurdish-hunspell-kmr	88131d6878ef7fa3ee114aa554adc385ff85b44c	18938	gurrmij	gurrmij	noun_fem	F	po:noun_fem					pending
908	096081cb23d42a5c460b19ca85ae421b8c99bf988924453fc49c5c82501fb024	kurdish-hunspell-kmr	88131d6878ef7fa3ee114aa554adc385ff85b44c	5103	beyin	beyin	noun_fem	F	po:noun_fem					pending
909	09630d7215edb39e539abe622fb8e4c3b57ff55dce05b524b364296928889310	kurdish-hunspell-kmr	88131d6878ef7fa3ee114aa554adc385ff85b44c	4899	bestîn	bestîn	noun_fem	F	po:noun_fem					pending
910	0965584adbd50973cb086c47d7eed920417a549f1986e3a4b59ef4afa1157d79	kurdish-hunspell-kmr	88131d6878ef7fa3ee114aa554adc385ff85b44c	11932	bêqîmetkirin	bêqîmetkirin	noun_fem	F	po:noun_fem					pending
911	09678377288cbc1b7f46fabcef85184ea6f8600ef1a130aef9e713c5e1b52a60	kurdish-hunspell-kmr	88131d6878ef7fa3ee114aa554adc385ff85b44c	28970	paşbendik	paşbendik	noun_fem	F	po:noun_fem					pending
912	09684997a9c9d00090deafb5eb8d8877f16081ea13bdfe2a660abc20ee15dd31	kurdish-hunspell-kmr	88131d6878ef7fa3ee114aa554adc385ff85b44c	24804	lûsikand	lûsikand	verb	T	po:verb;is:past_stem_transitive_active;st:lûsik;lem:lûsikandin					pending
913	096993522cc0a64f471e108100c0467905834d62e08fb2faec9b030c09a5b924	kurdish-hunspell-kmr	88131d6878ef7fa3ee114aa554adc385ff85b44c	445	agirpij	agirpij	noun_masc	M	po:noun_masc					pending
914	096c036bdb4047c924bcfc56fdb53739143c4632e352d2b16c2d315143fe9d4f	kurdish-hunspell-kmr	88131d6878ef7fa3ee114aa554adc385ff85b44c	22156	kazîno	kazîno	noun_fem	F	po:noun_fem					pending
915	096d34985d3f481055194ec53cf51a7ecb598e2404c4fb67365b283b7643facc	kurdish-hunspell-kmr	88131d6878ef7fa3ee114aa554adc385ff85b44c	2291	azandan	azandan	noun_fem	F	po:noun_fem					pending
916	0970b275b0e03c27a232564f6a5e379b8ad0c260c35844bba3064bfacb94ce56	kurdish-hunspell-kmr	88131d6878ef7fa3ee114aa554adc385ff85b44c	16732	falbaz	falbaz	noun_fem	F	po:noun_fem					pending
917	09712f76328863696841c1394f5fb08bbe7443b302bd164e93e1509ce16ad8fc	kurdish-hunspell-kmr	88131d6878ef7fa3ee114aa554adc385ff85b44c	28183	nuwaze	nuwaze	adjective	AN	po:adj					pending
918	0975702d8288971d25638aa2512b5a41adb73040dfafd88131d1fe58c0b9aa1c	kurdish-hunspell-kmr	88131d6878ef7fa3ee114aa554adc385ff85b44c	3656	behrik	behrik	noun_fem	F	po:noun_fem					pending
919	097943647d72f4fffc114e50f8a6628989a45b2d0ae42d83acd34bcaf7bc7cf2	kurdish-hunspell-kmr	88131d6878ef7fa3ee114aa554adc385ff85b44c	38679	wezîfedan	wezîfedan	noun_fem	F	po:noun_fem					pending
920	097a1b5877b48a8d2c6576626869fa253bf51f1e08890dd645c6943f9f807e2d	kurdish-hunspell-kmr	88131d6878ef7fa3ee114aa554adc385ff85b44c	41125	zîra	zîra	adverb	R	po:adv					pending
921	097ceeefbaa7771a61bdd81be99e33994cd5120eff7690ef69ab7f5155eb6641	kurdish-hunspell-kmr	88131d6878ef7fa3ee114aa554adc385ff85b44c	4766	Berzend	berzend	noun_masc	M	po:noun_masc					pending
922	097e4570fb948c966c3fe9baccb74f5ed345298729ae17925adec54d366966ef	kurdish-hunspell-kmr	88131d6878ef7fa3ee114aa554adc385ff85b44c	12788	canfeşanîkirin	canfeşanîkirin	noun_fem	F	po:noun_fem					pending
923	09804558668f116e68e6370509f06ffb13fb087b352498e584fc4a82a9bf9e8f	kurdish-hunspell-kmr	88131d6878ef7fa3ee114aa554adc385ff85b44c	10799	bêhevalbûn	bêhevalbûn	noun_fem	F	po:noun_fem					pending
924	0980543b6f5b8ac0702ab6dcf080b90e03376300dd91ed2464475b828487d5c9	kurdish-hunspell-kmr	88131d6878ef7fa3ee114aa554adc385ff85b44c	37363	tog	tog	noun_fem	F	po:noun_fem					pending
925	0983544965dddd7e19b2d060ba1ad83c41fd1103013ce5fcbe4ae03b0f3354ea	kurdish-hunspell-kmr	88131d6878ef7fa3ee114aa554adc385ff85b44c	11790	bêperkirin	bêperkirin	noun_fem	F	po:noun_fem					pending
926	0983bb6561f4db43126b096c75e5bb81338b704a00b9c4a40e83560be52eb403	kurdish-hunspell-kmr	88131d6878ef7fa3ee114aa554adc385ff85b44c	6487	bihukimî	bihukimî	noun_fem	F	po:noun_fem					pending
927	09842a15b55760b0ea76ebf891c833a93a746627980a783a803e5c22151bb532	kurdish-hunspell-kmr	88131d6878ef7fa3ee114aa554adc385ff85b44c	3824	belemkêşî	belemkêşî	noun_fem	F	po:noun_fem					pending
928	0986475cb957d0eb8dd351af9fd8fdef679fdd537fd658ab5e4f4c9bfcbd7e7f	kurdish-hunspell-kmr	88131d6878ef7fa3ee114aa554adc385ff85b44c	23089	klasîk	klasîk	noun_fem	F	po:noun_fem					pending
929	098a0505a0ee6a1a320fc61c1a2b8dbb5768cdec214eebc760c443703a7fd253	kurdish-hunspell-kmr	88131d6878ef7fa3ee114aa554adc385ff85b44c	5025	bexîkirin	bexîkirin	noun_fem	F	po:noun_fem					pending
930	098fd3a7b8734ef34c37e148efead25a1ffcc3e6f4fe9b5d849520eb9e15ee47	kurdish-hunspell-kmr	88131d6878ef7fa3ee114aa554adc385ff85b44c	23366	korm	korm	noun_fem	F	po:noun_fem					pending
931	0991c4072f7af197e4071c0a413b2caff5dcc783bb7e1113a1c545a220905547	kurdish-hunspell-kmr	88131d6878ef7fa3ee114aa554adc385ff85b44c	13640	danbar	danbar	adjective	AN	po:adj					pending
932	09968171564591a63ea65d9d56e688497f42bf1fd1be72b563872c2bc5286fee	kurdish-hunspell-kmr	88131d6878ef7fa3ee114aa554adc385ff85b44c	28569	otomobîl	otomobîl	noun_fem	F	po:noun_fem					pending
933	09978fc5e1ba7fa2d456dfd3138e2f8def4f4547b9e210e1edf008195d2c5e75	kurdish-hunspell-kmr	88131d6878ef7fa3ee114aa554adc385ff85b44c	3525	bedilandî	bedilandî	adjective	AN	po:adj					pending
934	099a6928f6fce49862c9d80088e053b6cb00a875ec0f6b999f89ea2f16cee0a9	kurdish-hunspell-kmr	88131d6878ef7fa3ee114aa554adc385ff85b44c	20051	hevsengî	hevsengî	noun_fem	F	po:noun_fem					pending
935	099b7141e94455a2a74a0f4f0915cd5547afcc409821ff60b05715db7000015a	kurdish-hunspell-kmr	88131d6878ef7fa3ee114aa554adc385ff85b44c	340	Afyonkarahisar	afyonkarahisar	propn	ZF	po:propn					pending
936	099e20dbd0c5b1ec931424ba83a11867cd906dae6713982cffd04eaff35b981c	kurdish-hunspell-kmr	88131d6878ef7fa3ee114aa554adc385ff85b44c	10530	bêfihêtî	bêfihêtî	noun_fem	F	po:noun_fem					pending
937	099f44d669ea25382a19b1db8aeb1b4f7ee66f38d6bd35f77b696f1c8c746c4e	kurdish-hunspell-kmr	88131d6878ef7fa3ee114aa554adc385ff85b44c	23208	komelgeh	komelgeh	noun_fem	F	po:noun_fem					pending
938	09a0bddeed58d092cae7b345deddcf854e1618e2a69a79baa52fad7ab2e0cc93	kurdish-hunspell-kmr	88131d6878ef7fa3ee114aa554adc385ff85b44c	8801	biximavî	biximavî	noun_fem	F	po:noun_fem					pending
939	09a8233d0f5f6803afe87f39ab1af80f0601d69c36e2b679c0401d63ae86c9f5	kurdish-hunspell-kmr	88131d6878ef7fa3ee114aa554adc385ff85b44c	35774	sîûşeş	sîûşeş	num	E	po:num;st:sî					pending
940	09ab97c780cc12fe31166981e7c3fe4dc763a84f98185c686f15437e76277a20	kurdish-hunspell-kmr	88131d6878ef7fa3ee114aa554adc385ff85b44c	26433	mişkilûr	mişkilûr	noun_fem	F	po:noun_fem					pending
941	09ad861a3b9b9b0d8107499061dfd1636c251609a4d1fb2385ebe37cf22478f5	kurdish-hunspell-kmr	88131d6878ef7fa3ee114aa554adc385ff85b44c	4609	berper	berper	noun_masc	M	po:noun_masc					pending
942	09b3fa0c72e484be9e9d036abb721bfd7e43f7a3281d188e7ad69588c593dbef	kurdish-hunspell-kmr	88131d6878ef7fa3ee114aa554adc385ff85b44c	28904	patîle	patîle	noun_fem	F	po:noun_fem					pending
943	09b431e2cd45fa19e2018d17fe87445e98d646b1fc557c560049072b7c0f55e3	kurdish-hunspell-kmr	88131d6878ef7fa3ee114aa554adc385ff85b44c	32119	radest	radest	noun_fem	F	po:noun_fem					pending
944	09b5048f51494aa939109f4d1c5ea874d8a4c97a4106757acf51cc2d01742c9c	kurdish-hunspell-kmr	88131d6878ef7fa3ee114aa554adc385ff85b44c	39863	xweragirtin	xweragirtin	noun_fem	F	po:noun_fem					pending
945	09b68d741e2936d9669d3457733577c2fa0f21883f08767cd51dbfb97eede8c1	kurdish-hunspell-kmr	88131d6878ef7fa3ee114aa554adc385ff85b44c	10134	bêcesaretkirî	bêcesaretkirî	adjective	AN	po:adj					pending
946	09b6e912e53e29e67664678f6007fab25daa4e03032a7cea36eed778c0bb457d	kurdish-hunspell-kmr	88131d6878ef7fa3ee114aa554adc385ff85b44c	25255	mehcûb	mehcûb	adjective	AN	po:adj					pending
947	09b75d099cbdd31300e97041e5b5bd0f7d2bc62827bd2294032fb774b1316e9e	kurdish-hunspell-kmr	88131d6878ef7fa3ee114aa554adc385ff85b44c	41451	çavtêrkirin	çavtêrkirin	noun_fem	F	po:noun_fem					pending
948	09b8732df5701e51bcd946b0e48601b1d904242b7b39b2add0ff156b13fcb0bb	kurdish-hunspell-kmr	88131d6878ef7fa3ee114aa554adc385ff85b44c	21838	kakûl	kakûl	noun_fem	F	po:noun_fem					pending
949	09b87ece5738ad70ddc920959cd399ae28715efe623d4cbcb6b2381ab9eb8835	kurdish-hunspell-kmr	88131d6878ef7fa3ee114aa554adc385ff85b44c	3552	bedxorakî	bedxorakî	noun_fem	F	po:noun_fem					pending
950	09b9f5edad7865ac6fccc16aec2351d391dd2d93f9f76e418ceee00c6ba506de	kurdish-hunspell-kmr	88131d6878ef7fa3ee114aa554adc385ff85b44c	17273	firrindehezî	firrindehezî	noun_fem	F	po:noun_fem					pending
951	09ba50bdd51e674710de2ba31cede9f0eef00f7a8ac87bd5b80c867141d75035	kurdish-hunspell-kmr	88131d6878ef7fa3ee114aa554adc385ff85b44c	32804	rezervasyonkirî	rezervasyonkirî	adjective	AN	po:adj					pending
952	09bc2c16c0e342fc072325dc2a017f42a0cec41173530d527c56455f51dd664a	kurdish-hunspell-kmr	88131d6878ef7fa3ee114aa554adc385ff85b44c	28404	nûr	nûr	noun_fem	F	po:noun_fem					pending
953	09be52e51b47fd34a40fce907c12983a381c4a190f00fc067e1c2011535a0264	kurdish-hunspell-kmr	88131d6878ef7fa3ee114aa554adc385ff85b44c	9898	bêbayî	bêbayî	noun_fem	F	po:noun_fem					pending
954	09bef3614da4d73459fadbda1b68593b77bd22664dca0afa2567850ec7d3b372	kurdish-hunspell-kmr	88131d6878ef7fa3ee114aa554adc385ff85b44c	32686	revoke	revoke	adjective	AN	po:adj					pending
955	09c2af84db72de324d7002db8bd5cae92d929d915a5d0f74abc444dbc49d1ef7	kurdish-hunspell-kmr	88131d6878ef7fa3ee114aa554adc385ff85b44c	24947	malzarok	malzarok	noun_fem	F	po:noun_fem					pending
956	09c44f69b0a0ffa8d09af83cb60ceb11eaa562480bc570c05dbd7949da631ed4	kurdish-hunspell-kmr	88131d6878ef7fa3ee114aa554adc385ff85b44c	29897	pitkirin	pitkirin	noun_fem	F	po:noun_fem					pending
957	09c463fae5b243291a64ef1ed04ca92ef97e8a675046284596910e4f96d2825b	kurdish-hunspell-kmr	88131d6878ef7fa3ee114aa554adc385ff85b44c	42247	çîvçîv	çîvçîv	noun_fem	F	po:noun_fem					pending
958	09c6276f79f3e71cb20b3f047441fa3b2b04ad4dbad5a108bfc599c254ca1360	kurdish-hunspell-kmr	88131d6878ef7fa3ee114aa554adc385ff85b44c	35033	sirgûnkirin	sirgûnkirin	noun_fem	F	po:noun_fem					pending
959	09cc0c53d18571206dfbc0afd0ad82912ce8cf10bb570e0b49ccc6dc407ec18d	kurdish-hunspell-kmr	88131d6878ef7fa3ee114aa554adc385ff85b44c	14880	diltengîkirin	diltengîkirin	noun_fem	F	po:noun_fem					pending
960	09cfbc41464440804c4041dfb525643141a676a7eeca086b8c3ff3362cdec5a3	kurdish-hunspell-kmr	88131d6878ef7fa3ee114aa554adc385ff85b44c	28839	parçeparçekirin	parçeparçekirin	noun_fem	F	po:noun_fem					pending
961	09d1f85247b6e19b5be670576a10582c1d7c2adade8d772f4e13cc7445dd15d8	kurdish-hunspell-kmr	88131d6878ef7fa3ee114aa554adc385ff85b44c	6092	bifêkîtî	bifêkîtî	noun_fem	F	po:noun_fem					pending
962	09d254ca5306fe13bc3def1d86d79e6e9d4d3d3f575ab4aec0b5ac8302d6099e	kurdish-hunspell-kmr	88131d6878ef7fa3ee114aa554adc385ff85b44c	29309	perpûn	perpûn	noun_fem	F	po:noun_fem					pending
963	09d2d1d900819dae0456ec27e7d98845d2382757bda39e9eb6d7e2b64175005e	kurdish-hunspell-kmr	88131d6878ef7fa3ee114aa554adc385ff85b44c	25549	merkane	merkane	adjective	AN	po:adj					pending
964	09d31471bf936f893b9d2ba7efd04b68759b826a4cd6c3ad40a2879186a48bcb	kurdish-hunspell-kmr	88131d6878ef7fa3ee114aa554adc385ff85b44c	20103	hewajû	hewajû	noun_fem	F	po:noun_fem					pending
965	09d32e5c663ac8c0a89b75602b5a1e3c0c326f5f5bcc02e2b94b70624cd35929	kurdish-hunspell-kmr	88131d6878ef7fa3ee114aa554adc385ff85b44c	35938	taloqbûn	taloqbûn	noun_fem	F	po:noun_fem					pending
966	09d4232da34b1147f05df3dc5e7fd4416d6491047df7b37319d85564b2ec029d	kurdish-hunspell-kmr	88131d6878ef7fa3ee114aa554adc385ff85b44c	7824	biqemerîtî	biqemerîtî	noun_fem	F	po:noun_fem					pending
967	09dbff195f95909d4ec7614e2e67ac2e737a28fef97860928580a6a606d570e8	kurdish-hunspell-kmr	88131d6878ef7fa3ee114aa554adc385ff85b44c	4962	beton	beton	noun_fem	F	po:noun_fem					pending
968	09e0241b09bd793ae86f310c5e024c1f5c9f8574a819c214a53cf3ddd5b351cf	kurdish-hunspell-kmr	88131d6878ef7fa3ee114aa554adc385ff85b44c	6295	bihebandin	bihebandin	adjective	AN	po:adj					pending
969	09e103bc7506bcae2497525a514a2e1ff2600be0e14aa790dce0d692c4a13208	kurdish-hunspell-kmr	88131d6878ef7fa3ee114aa554adc385ff85b44c	35499	stûvîn	stûvîn	noun_fem	F	po:noun_fem					pending
970	09e2c2513c09848ee1a1933580da83320b40240aba6ba6c2c82a7c8486cad915	kurdish-hunspell-kmr	88131d6878ef7fa3ee114aa554adc385ff85b44c	10629	bêglasî	bêglasî	noun_fem	F	po:noun_fem					pending
971	09e2c979a6ebb46e31135dba8f819354604d4c3f69b8600d8b93431840267a0d	kurdish-hunspell-kmr	88131d6878ef7fa3ee114aa554adc385ff85b44c	6990	bilqîn	bilqîn	noun_fem	F	po:noun_fem					pending
972	09e365f0ad97d2c559afddb94027e4365084f55d68180c2d9a5181a77c60db63	kurdish-hunspell-kmr	88131d6878ef7fa3ee114aa554adc385ff85b44c	25767	meyîbûn	meyîbûn	noun_fem	F	po:noun_fem					pending
973	09e3eebf24231c12968358eacb22b531dcf75f968a2971c865e9fa8b2b882b03	kurdish-hunspell-kmr	88131d6878ef7fa3ee114aa554adc385ff85b44c	4703	bertîlî	bertîlî	noun_fem	F	po:noun_fem					pending
974	09e4028883a70742908d804d6509cdff84e8867167a93a46042b01b14655ccd4	kurdish-hunspell-kmr	88131d6878ef7fa3ee114aa554adc385ff85b44c	15067	dirûvbar	dirûvbar	adjective	AN	po:adj					pending
975	09e4d89fb49c40fcf81151af2838994b03fdcd39958e9e270641f5c68c3205d3	kurdish-hunspell-kmr	88131d6878ef7fa3ee114aa554adc385ff85b44c	9416	bişoret	bişoret	adjective	AN	po:adj					pending
976	09e7cf55d5b41e6be45223e773376dae77a4cbf264904ea8b7bf2a43bd2a1035	kurdish-hunspell-kmr	88131d6878ef7fa3ee114aa554adc385ff85b44c	3453	başî	başî	noun_fem	F	po:noun_fem					pending
977	09e8b299e673f55febfd3d97fe6cccf4ac58f96bccaf381a0d8d99d3ded24d3a	kurdish-hunspell-kmr	88131d6878ef7fa3ee114aa554adc385ff85b44c	8865	bixwestekî	bixwestekî	noun_fem	F	po:noun_fem					pending
978	09eaa3c5720ac2dae0503b67dc78ed301cf5b7f65a26e6546fbab66c1eacb67d	kurdish-hunspell-kmr	88131d6878ef7fa3ee114aa554adc385ff85b44c	12686	bûcirkîbûn	bûcirkîbûn	noun_fem	F	po:noun_fem					pending
979	09f1567111b0b205ea759a6bed4354edfd34ce53a53797ad90e544fec619357f	kurdish-hunspell-kmr	88131d6878ef7fa3ee114aa554adc385ff85b44c	31978	quswîr	quswîr	noun_fem	F	po:noun_fem					pending
980	09f16092049cf8c39255beb3efe2b1868a3220f92aa9a124f128433ba77c7705	kurdish-hunspell-kmr	88131d6878ef7fa3ee114aa554adc385ff85b44c	7192	bimiwazene	bimiwazene	adjective	AN	po:adj					pending
981	09f275418c7a0230b5c5902e5ed78c7ce95ea3fe8aa5beb5c7b305c877b5d1c6	kurdish-hunspell-kmr	88131d6878ef7fa3ee114aa554adc385ff85b44c	32301	rastgokirî	rastgokirî	adjective	AN	po:adj					pending
982	09f75a91337af0c58165368ef1005c1858019cd38dcc415a31ff6697ce8f64e3	kurdish-hunspell-kmr	88131d6878ef7fa3ee114aa554adc385ff85b44c	20121	hewardan	hewardan	noun_fem	F	po:noun_fem					pending
983	09f77568e39c57378d5265a0ff026cfbfb7b2ada67734d8da0f4a20c12f34a77	kurdish-hunspell-kmr	88131d6878ef7fa3ee114aa554adc385ff85b44c	22110	katalogkirî	katalogkirî	adjective	AN	po:adj					pending
984	09f7985dfaccfebc5c65af1d71fafb0e60443a36311dbb89da97eeb8503d0a93	kurdish-hunspell-kmr	88131d6878ef7fa3ee114aa554adc385ff85b44c	24438	lihevhatîbûyî	lihevhatîbûyî	adjective	AN	po:adj					pending
985	09fb5971ecb41e4f4be09733c6867ca4a9de4eaaf75e1adf62f7abdb8cd5fb43	kurdish-hunspell-kmr	88131d6878ef7fa3ee114aa554adc385ff85b44c	9423	bişoşî	bişoşî	noun_fem	F	po:noun_fem					pending
986	09ff3c9484dcdff6893dfcc3d57c516d1527f6df17a25d2af4d9e8e081b84418	kurdish-hunspell-kmr	88131d6878ef7fa3ee114aa554adc385ff85b44c	14629	dezgeh	dezgeh	noun_fem	F	po:noun_fem					pending
987	0a0000dce71611dcd3c48e539f7678cde1a48981d48043f82b23faffc8069476	kurdish-hunspell-kmr	88131d6878ef7fa3ee114aa554adc385ff85b44c	31933	qurnazbûyî	qurnazbûyî	adjective	AN	po:adj					pending
988	0a003520e90027212796b7eb312932c3dec9349043ac3e1f5c7ba6f41f58210b	kurdish-hunspell-kmr	88131d6878ef7fa3ee114aa554adc385ff85b44c	24809	lûsî	lûsî	noun_fem	F	po:noun_fem					pending
989	0a008c511775cb7dd6238bfaa6b67736a2f95efe7e8c7ef22b4e1aef286acfba	kurdish-hunspell-kmr	88131d6878ef7fa3ee114aa554adc385ff85b44c	1918	aviskî	aviskî	noun_fem	F	po:noun_fem					pending
990	0a011db393959678f6657ed141b447404cd1d1c746e4dfaa7014a60cd31aa637	kurdish-hunspell-kmr	88131d6878ef7fa3ee114aa554adc385ff85b44c	25872	mibarekkirin	mibarekkirin	noun_fem	F	po:noun_fem					pending
991	0a017f8da7b051dee88dd69159103db43863b9861b500498c7b9bd938cacde5e	kurdish-hunspell-kmr	88131d6878ef7fa3ee114aa554adc385ff85b44c	29109	pelixîbûn	pelixîbûn	noun_fem	F	po:noun_fem					pending
992	0a02c73a49166a0fc7569e61b77771b5291d806cc2bbb26c7017ef664f86bd2d	kurdish-hunspell-kmr	88131d6878ef7fa3ee114aa554adc385ff85b44c	17773	gefkirin	gefkirin	noun_fem	F	po:noun_fem					pending
993	0a04aec53dafc08a72db97cc714b86ca7a2c08cada5812293c5480efa61adf04	kurdish-hunspell-kmr	88131d6878ef7fa3ee114aa554adc385ff85b44c	1269	aqilkêm	aqilkêm	adjective	AN	po:adj					pending
994	0a07fe117855652a788871720516f2bf924eb98ec7933fd495cb4868d974eef9	kurdish-hunspell-kmr	88131d6878ef7fa3ee114aa554adc385ff85b44c	4673	bersî	bersî	adjective	AN	po:adj					pending
995	0a0919550dc3ed509123ad91a294fc7bec0b9ab7b7d323929269d8735a2d66bb	kurdish-hunspell-kmr	88131d6878ef7fa3ee114aa554adc385ff85b44c	5791	bideyn	bideyn	adjective	AN	po:adj					pending
996	0a0a8ab29801a5fab7dd5709a62dd07a9f26bf624bb64a59ba6175b74a73bdbb	kurdish-hunspell-kmr	88131d6878ef7fa3ee114aa554adc385ff85b44c	20969	hêlîzank	hêlîzank	noun_fem	F	po:noun_fem					pending
997	0a0d7e79c037721cd2f3e1807b571fce77de801c99a8f09b2db0bfc7728f35f5	kurdish-hunspell-kmr	88131d6878ef7fa3ee114aa554adc385ff85b44c	6855	bikêmbûyî	bikêmbûyî	adjective	AN	po:adj					pending
998	0a0fa4f66ba45a3d5a1eacaa12ea54981e8ae1ad480fc29b86800ff944c98fbf	kurdish-hunspell-kmr	88131d6878ef7fa3ee114aa554adc385ff85b44c	11871	bêqap	bêqap	adjective	AN	po:adj					pending
999	0a1184da445e281601834a5bfe7eb0bbb37bceca133703106980e9e96d5cc834	kurdish-hunspell-kmr	88131d6878ef7fa3ee114aa554adc385ff85b44c	5481	bibinyat	bibinyat	adjective	AN	po:adj					pending
1000	0a15e55ba4f910953f447617c0c0327be69f681c36225e94be70b4266ba3c97b	kurdish-hunspell-kmr	88131d6878ef7fa3ee114aa554adc385ff85b44c	6823	bikulavî	bikulavî	noun_fem	F	po:noun_fem					pending
