104	48244	27609	6880
105	37	27	3760
106	64	40	4000
107	10	7	3190
108	1	1	2190
112	1	1	2190
119	3	3	2670
120	46	30	3860
121	15	6	3370
122	1	1	2190
124	374	199	4770
125	1	1	2190
127	8	5	3100
130	12	5	3270
141	2	2	2490
145	4	3	2790
151	2	2	2490
159	464	298	4860
160	193	160	4480
161	1	1	2190
168	1384	814	5330
170	16	15	3400
171	5	5	2890
172	2	2	2490
181	3	2	2670
182	1	1	2190
184	4	4	2790
187	2	2	2490
189	1	1	2190
191	18	10	3450
202	104	87	4210
211	1	1	2190
212	1	1	2190
214	4	4	2790
219	29	18	3660
225	22	16	3540
228	1	1	2190
233	20	17	3490
235	15	15	3370
236	6	6	2970
237	22	20	3540
240	28	27	3640
241	1	1	2190
242	3	3	2670
243	222	180	4540
244	776	559	5080
246	1	1	2190
247	612	355	4980
256	1	1	2190
259	11	10	3230
263	1	1	2190
264	73	52	4060
265	1	1	2190
269	1	1	2190
277	3	3	2670
278	1	1	2190
284	30	12	3670
290	21	7	3510
295	1	1	2190
301	1	1	2190
304	2	2	2490
309	7	1	3040
311	148	147	4360
313	1	1	2190
316	2	2	2490
317	1	1	2190
318	1	1	2190
320	2	2	2490
321	59	53	3960
322	366	298	4760
323	170	143	4420
324	7	6	3040
325	4	4	2790
326	9	9	3150
331	5	5	2890
332	2	2	2490
335	91	56	4150
336	8	8	3100
344	1	1	2190
345	1	1	2190
346	1	1	2190
347	5	5	2890
349	212	161	4520
351	334	201	4720
352	101	56	4200
356	3	3	2670
357	12	5	3270
358	7	7	3040
361	4	4	2790
363	12	9	3270
365	4	4	2790
371	1	1	2190
373	6	3	2970
374	8	5	3100
375	127	93	4300
376	3	3	2670
377	9	8	3150
379	66	53	4010
380	412	339	4810
385	354	305	4740
389	46	36	3860
392	1	1	2190
395	2	2	2490
407	382	254	4770
418	1	1	2190
419	42	19	3820
420	1	1	2190
428	2	2	2490
429	1	1	2190
430	1	1	2190
432	1	1	2190
434	2	2	2490
435	3	3	2670
436	2	2	2490
443	598	405	4970
445	1	1	2190
448	3	2	2670
452	1	1	2190
457	1	1	2190
461	3	3	2670
470	1	1	2190
473	1	1	2190
490	213	139	4520
491	278	180	4640
493	12	11	3270
495	9	7	3150
498	3	3	2670
504	30	24	3670
505	22	13	3540
508	24	21	3570
510	7	5	3040
515	2	1	2490
521	15	14	3370
528	1	1	2190
536	41	22	3810
537	345	337	4730
538	1821	641	5450
539	15	11	3370
540	126	89	4290
541	351	245	4740
544	19	18	3470
549	4	4	2790
552	259	173	4610
553	4	4	2790
554	11	9	3230
555	3	3	2670
557	25	16	3590
567	1	1	2190
572	2	2	2490
577	2	1	2490
595	1	1	2190
599	1	1	2190
600	30	25	3670
601	32	28	3700
602	11	9	3230
605	2	2	2490
614	521	363	4910
615	34	25	3720
616	209	155	4510
618	159	54	4390
620	2	2	2490
624	12	10	3270
631	1	1	2190
633	3	2	2670
649	2	2	2490
650	1	1	2190
652	16	11	3400
653	145	113	4350
654	398	220	4790
655	2	2	2490
656	66	55	4010
657	9	6	3150
658	1462	405	5360
659	1	1	2190
660	6	6	2970
661	52	39	3910
663	64	55	4000
664	1	1	2190
666	6	3	2970
668	1	1	2190
670	1	1	2190
672	3	3	2670
673	1	1	2190
681	2	1	2490
682	9	9	3150
685	2	2	2490
688	8	6	3100
689	1100	489	5230
690	259	146	4610
695	1	1	2190
699	1	1	2190
700	215	122	4530
701	1	1	2190
702	5	4	2890
704	4	3	2790
705	10	6	3190
708	7	5	3040
712	37	32	3760
717	2	2	2490
721	8	5	3100
725	1	1	2190
726	1	1	2190
728	2	2	2490
733	80	51	4100
734	63	40	3990
735	157	60	4390
736	1	1	2190
737	2	2	2490
741	5	3	2890
742	2	2	2490
744	353	249	4740
745	539	297	4920
746	280	214	4640
747	1	1	2190
748	1	1	2190
749	6	5	2970
753	4	4	2790
754	3	3	2670
755	1	1	2190
757	15	14	3370
764	6	6	2970
765	156	156	4390
766	5	3	2890
768	2	2	2490
775	74	50	4060
776	527	356	4910
780	3	2	2670
781	362	263	4750
782	3	2	2670
789	1	1	2190
790	3	3	2670
793	203	165	4500
794	179	144	4450
795	12378	6195	6290
796	470	354	4860
805	43	32	3830
808	4	4	2790
809	1355	671	5320
812	1193	563	5270
813	7810	6514	6090
814	1122	644	5240
821	1	1	2190
823	27	5	3620
824	1	1	2190
830	114	77	4250
841	63	56	3990
845	1785	784	5440
848	5	5	2890
849	51	37	3900
850	3	3	2670
851	1	1	2190
852	1	1	2190
854	1	1	2190
860	49	31	3880
863	723	417	5050
865	29	27	3660
866	1	1	2190
867	201	140	4500
870	238	162	4570
873	997	687	5190
874	1	1	2190
879	249	183	4590
891	1	1	2190
893	4	4	2790
903	1	1	2190
906	1	1	2190
907	1	1	2190
909	2	2	2490
916	3	2	2670
923	4	4	2790
924	1	1	2190
925	680	526	5030
929	6	5	2970
932	11	11	3230
935	36	31	3750
936	18	14	3450
937	341	287	4730
938	154	138	4380
939	12	11	3270
942	178	151	4440
943	41	37	3810
946	10	10	3190
949	2	2	2490
951	1	1	2190
957	24	15	3570
958	1923	1917	5480
960	5	5	2890
961	13	8	3310
962	1	1	2190
964	66	51	4010
966	16	16	3400
967	74	43	4060
968	2	1	2490
969	4	2	2790
973	1	1	2190
976	3	2	2670
977	3	3	2670
978	3	3	2670
980	500	321	4890
982	53	37	3920
985	1	1	2190
988	1	1	2190
990	305	203	4680
991	252	202	4590
992	595	294	4970
994	3	2	2670
995	4	4	2790
996	2	2	2490
997	6	6	2970
998	3	1	2670
1001	3	3	2670
1007	2	2	2490
1015	9	6	3150
1022	8	5	3100
1027	3	1	2670
1031	2	1	2490
1032	69	42	4030
1037	181	148	4450
1038	81	43	4100
1039	4	3	2790
1040	1	1	2190
1044	2	2	2490
1045	1	1	2190
1046	12	10	3270
1047	1	1	2190
1048	448	79	4840
1053	107	49	4220
1054	75	60	4070
1061	304	208	4680
1062	10	5	3190
1064	16856	7398	6420
1066	1	1	2190
1075	64	26	4000
1082	1	1	2190
1087	32	22	3700
1088	57	52	3950
1090	12	12	3270
1092	2	2	2490
1093	10	7	3190
1095	10	6	3190
1096	4	1	2790
1097	13	12	3310
1098	211	145	4520
1099	64	60	4000
1101	41	40	3810
1102	26	13	3610
1103	17	6	3420
1105	4	3	2790
1107	3	3	2670
1109	10	7	3190
1121	64	59	4000
1123	4	4	2790
1126	1	1	2190
1128	2241	1230	5540
1129	17	14	3420
1130	10	6	3190
1132	49	42	3880
1135	10	1	3190
1136	2	2	2490
1137	3	3	2670
1138	382	291	4770
1139	1	1	2190
1141	3	3	2670
1147	1	1	2190
1149	453	404	4850
1150	143	79	4350
1153	1	1	2190
1154	2	1	2490
1155	8	7	3100
1156	12	10	3270
1157	1	1	2190
1159	36	29	3750
1160	6	5	2970
1164	28	15	3640
1170	35	23	3740
1171	9	4	3150
1174	3	3	2670
1177	1	1	2190
1178	124	101	4290
1180	8	8	3100
1181	2	2	2490
1182	1	1	2190
1183	11	7	3230
1185	1	1	2190
1187	2	2	2490
1191	51	35	3900
1193	770	537	5080
1194	18	17	3450
1195	36	33	3750
1196	1	1	2190
1197	1036	652	5210
1200	267	200	4620
1202	1	1	2190
1205	4	4	2790
1206	36	28	3750
1207	4	3	2790
1209	3	2	2670
1221	3	3	2670
1222	5	4	2890
1223	1	1	2190
1236	1	1	2190
1237	1	1	2190
1241	170	118	4420
1243	102	60	4200
1244	2	2	2490
1250	1	1	2190
1265	1	1	2190
1269	15	11	3370
1274	8	7	3100
1281	1	1	2190
1285	5	4	2890
1292	401	401	4800
1293	1	1	2190
1295	110	78	4230
1296	17	14	3420
1297	5	4	2890
1299	5	4	2890
1300	9	6	3150
1302	206	127	4510
1312	1	1	2190
1313	172	96	4430
1317	20	14	3490
1327	12	7	3270
1331	2	2	2490
1334	1	1	2190
1341	57	48	3950
1342	1	1	2190
1343	12	8	3270
1346	1	1	2190
1349	11	11	3230
1351	10	9	3190
1352	1	1	2190
1358	1	1	2190
1364	122	87	4280
1365	24	17	3570
1367	9	7	3150
1370	1	1	2190
1371	6	6	2970
1374	23	23	3550
1378	1	1	2190
1388	1	1	2190
1392	4	4	2790
1393	5	5	2890
1394	2	2	2490
1397	95	63	4170
1398	1	1	2190
1402	1	1	2190
1405	7	7	3040
1406	23	19	3550
1409	2	2	2490
1416	5	4	2890
1417	93	59	4160
1418	35	27	3740
1419	328	211	4710
1421	48	32	3870
1423	3	2	2670
1426	4	4	2790
1427	423	281	4820
1428	897	568	5150
1430	3	3	2670
1431	1	1	2190
1432	9	5	3150
1433	9	8	3150
1434	14	14	3340
1437	253	206	4600
1438	5	5	2890
1443	2	2	2490
1444	1	1	2190
1446	3	3	2670
1447	1	1	2190
1463	13	10	3310
1466	1	1	2190
1472	24	12	3570
1473	4	3	2790
1474	7	4	3040
1476	133	90	4320
1479	2	2	2490
1482	104	77	4210
1483	1433	618	5350
1486	238	153	4570
1487	5	5	2890
1489	2	2	2490
1490	6	2	2970
1492	91	85	4150
1493	2	2	2490
1497	14	13	3340
1498	11	5	3230
1499	5	5	2890
1503	9	9	3150
1505	38	19	3770
1508	89	59	4140
1513	1	1	2190
1518	32	17	3700
1519	14	7	3340
1520	13	13	3310
1526	6	5	2970
1530	2	2	2490
1534	1	1	2190
1535	3	3	2670
1538	3	2	2670
1539	1	1	2190
1540	32	31	3700
1544	8	7	3100
1545	1	1	2190
1548	5	4	2890
1549	360	122	4750
1550	24	15	3570
1553	1	1	2190
1554	25	20	3590
1560	2	2	2490
1565	3	3	2670
1569	3	1	2670
1570	466	244	4860
1575	12	9	3270
1578	6	4	2970
1579	24	24	3570
1580	1	1	2190
1581	5	5	2890
1582	1	1	2190
1583	1	1	2190
1585	1	1	2190
1586	1	1	2190
1587	9	9	3150
1588	4	1	2790
1591	4	3	2790
1594	4	4	2790
1600	1	1	2190
1602	2	2	2490
1603	2	2	2490
1605	3	2	2670
1606	14	12	3340
1609	1	1	2190
1615	9	6	3150
1618	2	2	2490
1619	22	19	3540
1620	1643	1206	5410
1621	14	12	3340
1622	2	2	2490
1626	148	108	4360
1629	21	11	3510
1631	55	52	3930
1633	17	12	3420
1635	15	15	3370
1639	2	2	2490
1640	41	28	3810
1641	13	11	3310
1643	24	8	3570
1645	100	99	4190
1648	2	2	2490
1649	5	5	2890
1655	253	208	4600
1656	421	264	4820
1657	850	593	5120
1659	148	98	4360
1663	1	1	2190
1664	1	1	2190
1666	1	1	2190
1671	31	24	3680
1675	41	30	3810
1681	2	2	2490
1682	50	27	3890
1684	37	33	3760
1686	58	53	3960
1688	2	2	2490
1690	25	20	3590
1691	1	1	2190
1693	1	1	2190
1695	1	1	2190
1696	1	1	2190
1705	284	126	4650
1706	1276	341	5300
1719	10	6	3190
1725	3	3	2670
1726	3	2	2670
1729	5	5	2890
1730	32	17	3700
1731	6	5	2970
1732	2	2	2490
1733	3	3	2670
1734	28	19	3640
1735	107	64	4220
1736	2	2	2490
1738	80	39	4100
1739	705	354	5040
1740	340	340	4720
1741	702	347	5040
1742	345	345	4730
1747	788	465	5090
1748	3516	1613	5740
1749	28	28	3640
1750	2070	1882	5510
1751	13	13	3310
1752	1	1	2190
1756	8	7	3100
1766	244	163	4580
1767	338	217	4720
1768	216	161	4530
1772	16	14	3400
1773	8	7	3100
1774	37	37	3760
1776	2528	1785	5600
1777	872	524	5130
1779	24	22	3570
1780	1	1	2190
1781	25	23	3590
1783	2	1	2490
1786	4	4	2790
1787	2	2	2490
1791	1	1	2190
1796	4	3	2790
1798	1	1	2190
1799	1	1	2190
1804	4	2	2790
1811	20	19	3490
1814	25	21	3590
1816	9	6	3150
1823	1	1	2190
1824	1	1	2190
1825	1	1	2190
1826	1	1	2190
1831	2	2	2490
1832	2	1	2490
1837	1	1	2190
1851	265	126	4620
1852	39	28	3780
1854	1	1	2190
1857	2	2	2490
1858	1	1	2190
1860	3	3	2670
1862	1	1	2190
1867	1	1	2190
1875	12	11	3270
1876	1	1	2190
1892	2	2	2490
1893	8	5	3100
1904	1	1	2190
1915	3	3	2670
1916	1	1	2190
1925	1	1	2190
1929	36	30	3750
1938	5	5	2890
1949	9	3	3150
1956	7	5	3040
1959	1	1	2190
1961	1	1	2190
1974	1818	913	5450
1975	1	1	2190
1977	110	78	4230
1978	417	339	4810
1979	9	7	3150
1981	271	146	4630
1985	9	8	3150
1990	15	11	3370
1991	71	56	4040
1992	1	1	2190
2000	3	3	2670
2001	21	16	3510
2007	201	154	4500
2013	12	10	3270
2018	228	163	4550
2019	208	145	4510
2020	1495	908	5370
2021	862	521	5130
2022	184	151	4460
2023	54	39	3930
2032	2	2	2490
2033	2	2	2490
2036	3	2	2670
2038	1	1	2190
2042	9	4	3150
2043	2	2	2490
2048	176	115	4440
2049	46	42	3860
2050	1	1	2190
2057	6	5	2970
2071	199	155	4490
2072	1582	723	5390
2075	356	233	4740
2084	1	1	2190
2087	2	1	2490
2089	1	1	2190
2090	24	13	3570
2094	37	29	3760
2101	2	2	2490
2102	20	19	3490
2105	12	12	3270
2109	1	1	2190
2110	4	4	2790
2111	1	1	2190
2112	6	6	2970
2114	42	31	3820
2115	24	20	3570
2117	1	1	2190
2119	1	1	2190
2120	3	3	2670
2123	2	1	2490
2131	3	2	2670
2144	4	4	2790
2146	1	1	2190
2152	1	1	2190
2153	435	234	4830
2154	10	9	3190
2155	14	13	3340
2160	12	6	3270
2161	14	13	3340
2165	2	2	2490
2170	42	38	3820
2171	2	2	2490
2173	41	32	3810
2175	1	1	2190
2177	1	1	2190
2190	4	1	2790
2192	1	1	2190
2195	13	13	3310
2201	1	1	2190
2204	1	1	2190
2205	20	17	3490
2208	31	27	3680
2209	42	32	3820
2210	13	10	3310
2215	1000	599	5190
2217	4	3	2790
2220	1	1	2190
2222	4	4	2790
2224	573	343	4950
2225	219	161	4530
2226	9	9	3150
2227	2	2	2490
2228	393	228	4790
2229	1	1	2190
2235	34	33	3720
2236	1	1	2190
2246	1	1	2190
2250	17	12	3420
2262	1	1	2190
2265	1	1	2190
2272	160	124	4400
2273	4672	4437	5860
2274	505	217	4900
2275	2	2	2490
2277	1	1	2190
2281	275	164	4630
2286	1	1	2190
2288	2	1	2490
2290	1	1	2190
2291	1	1	2190
2298	2	2	2490
2310	9	9	3150
2322	1	1	2190
2326	4	4	2790
2327	3	3	2670
2329	4	4	2790
2331	3	3	2670
2332	2	2	2490
2334	2	2	2490
2339	20	16	3490
2340	1	1	2190
2348	35	27	3740
2354	61	46	3980
2365	1	1	2190
2373	14	12	3340
2374	1	1	2190
2379	3	2	2670
2380	2	2	2490
2382	23	23	3550
2395	38	31	3770
2400	4	4	2790
2402	1	1	2190
2403	39	35	3780
2405	1	1	2190
2408	1	1	2190
2409	6	6	2970
2416	4	3	2790
2430	1	1	2190
2439	1	1	2190
2441	50	36	3890
2446	3	3	2670
2447	3	3	2670
2452	102	74	4200
2453	457	305	4850
2456	1	1	2190
2458	123	96	4280
2460	1	1	2190
2463	7	3	3040
2468	27	25	3620
2470	1	1	2190
2471	2	2	2490
2472	7	7	3040
2475	1	1	2190
2481	8	6	3100
2482	2	1	2490
2486	2	2	2490
2492	3	3	2670
2494	34	23	3720
2498	1926	822	5480
2499	552	368	4930
2500	1	1	2190
2501	26	20	3610
2502	1	1	2190
2503	1	1	2190
2513	24	21	3570
2520	4	4	2790
2524	1	1	2190
2527	4	3	2790
2529	1	1	2190
2532	4	3	2790
2534	2	2	2490
2536	1	1	2190
2538	10	7	3190
2540	69	37	4030
2542	3	3	2670
2543	1	1	2190
2544	73	57	4060
2545	32	25	3700
2550	1	1	2190
2553	1	1	2190
2557	1	1	2190
2562	3	3	2670
2564	12	8	3270
2565	1	1	2190
2571	77	26	4080
2572	6	6	2970
2582	4	4	2790
2584	1	1	2190
2589	1	1	2190
2590	1	1	2190
2591	4	4	2790
2592	3	3	2670
2593	2	1	2490
2595	42	1	3820
2596	23	15	3550
2599	1	1	2190
2603	18	18	3450
2610	3	1	2670
2611	6	6	2970
2616	53	13	3920
2617	19	16	3470
2618	5	2	2890
2629	98	55	4180
2632	1	1	2190
2633	16	10	3400
2634	1	1	2190
2636	1	1	2190
2637	1	1	2190
2639	1	1	2190
2640	7320	6539	6060
2641	510	508	4900
2642	373	215	4760
2647	168	153	4420
2648	2761	2680	5630
2650	1	1	2190
2653	7	4	3040
2654	305	259	4680
2655	794	790	5090
2656	181	135	4450
2657	7105	6968	6040
2658	13	7	3310
2669	20	17	3490
2676	14098	9733	6340
2677	6069	4629	5980
2678	951	742	5170
2679	7	7	3040
2680	1	1	2190
2685	1	1	2190
2692	2664	888	5620
2697	1	1	2190
2698	7	6	3040
2700	1	1	2190
2704	1	1	2190
2705	351	88	4740
2706	37	9	3760
2707	3058	1748	5680
2709	18561	17140	6460
2710	73	57	4060
2715	7	7	3040
2717	2	2	2490
2719	201	136	4500
2720	400	341	4790
2721	8	8	3100
2722	1	1	2190
2723	184	163	4460
2724	640	485	5000
2725	10	6	3190
2729	1	1	2190
2730	42	28	3820
2732	69	37	4030
2742	2	1	2490
2747	1	1	2190
2751	1	1	2190
2755	1	1	2190
2756	2	1	2490
2759	34	34	3720
2764	43	40	3830
2767	17	15	3420
2768	2	2	2490
2771	2	2	2490
2774	12	11	3270
2775	2	1	2490
2776	1	1	2190
2791	1	1	2190
2795	1	1	2190
2797	314	258	4690
2804	2	2	2490
2811	3	3	2670
2812	2	2	2490
2814	5	5	2890
2818	1	1	2190
2820	64	38	4000
2822	80	6	4100
2823	1	1	2190
2824	1	1	2190
2825	1	1	2190
2826	4	3	2790
2827	6	6	2970
2831	1	1	2190
2834	17	1	3420
2835	52	7	3910
2837	1	1	2190
2845	6	4	2970
2847	40	15	3790
2848	57	42	3950
2849	153	92	4380
2853	1	1	2190
2854	8	6	3100
2861	763	472	5080
2862	29	28	3660
2866	199	147	4490
2870	4	4	2790
2872	144	120	4350
2873	198	131	4490
2874	29	9	3660
2886	1	1	2190
2888	1	1	2190
2889	6	2	2970
2891	197	153	4490
2892	3	2	2670
2900	1	1	2190
2902	4	4	2790
2908	6	6	2970
2910	18	11	3450
2911	4	3	2790
2914	1	1	2190
2915	18	6	3450
2923	24	20	3570
2924	2	2	2490
2926	1	1	2190
2927	54	37	3930
2930	2	1	2490
2934	1	1	2190
2939	6	3	2970
2942	1	1	2190
2951	4	1	2790
2955	42	29	3820
2959	1	1	2190
2962	1	1	2190
2969	39	29	3780
2976	27	23	3620
2977	9	8	3150
2979	1	1	2190
2980	4	4	2790
2986	43	26	3830
2989	4361	361	5830
2990	4	4	2790
2992	2	1	2490
2993	308	186	4680
2995	12	9	3270
2996	9	9	3150
3002	3	2	2670
3003	10	9	3190
3004	20	11	3490
3006	5	5	2890
3014	12	10	3270
3017	1	1	2190
3019	1	1	2190
3020	15	11	3370
3025	1	1	2190
3027	1	1	2190
3029	7	6	3040
3030	1	1	2190
3031	1	1	2190
3032	2	2	2490
3033	2	1	2490
3034	10	8	3190
3035	15	10	3370
3036	1	1	2190
3050	42	37	3820
3051	33	27	3710
3053	12	11	3270
3056	21	9	3510
3058	15	8	3370
3059	6	4	2970
3060	30	28	3670
3061	1	1	2190
3062	1	1	2190
3065	3	2	2670
3066	30	5	3670
3069	82	28	4110
3071	3	3	2670
3075	4	4	2790
3076	556	157	4940
3078	272	214	4630
3081	15	5	3370
3082	1	1	2190
3085	7	6	3040
3088	8	7	3100
3091	1	1	2190
3096	1308	478	5310
3099	1	1	2190
3100	86	39	4130
3101	2	2	2490
3102	12	10	3270
3107	7	5	3040
3121	1	1	2190
3123	1	1	2190
3127	7	7	3040
3128	11	8	3230
3129	1	1	2190
3131	2	2	2490
3132	3	3	2670
3136	1	1	2190
3139	10	8	3190
3141	1	1	2190
3142	1	1	2190
3143	7	5	3040
3145	1	1	2190
3146	3	3	2670
3152	84	56	4120
3153	374	243	4770
3156	3	3	2670
3159	2	2	2490
3160	18	10	3450
3162	435	305	4830
3165	8	8	3100
3166	25	12	3590
3170	3292	1665	5710
3171	2278	1276	5550
3172	1	1	2190
3174	3	3	2670
3175	3	3	2670
3180	555	376	4940
3182	2	2	2490
3187	1	1	2190
3188	1	1	2190
3189	2	2	2490
3190	1	1	2190
3196	496	325	4890
3197	178	137	4440
3198	162	119	4400
3201	132	115	4310
3203	33	25	3710
3204	3	2	2670
3205	10	6	3190
3210	211	160	4520
3213	1	1	2190
3218	1	1	2190
3223	1	1	2190
3235	43	33	3830
3239	1	1	2190
3241	1	1	2190
3242	1	1	2190
3244	59	40	3960
3248	6	4	2970
3254	1	1	2190
3260	1	1	2190
3264	5	3	2890
3265	3	3	2670
3266	123	74	4280
3267	25	18	3590
3269	29	26	3660
3273	1	1	2190
3274	2	2	2490
3276	5	2	2890
3278	2	2	2490
3280	47	24	3860
3285	6	6	2970
3286	2	2	2490
3289	12	10	3270
3293	3	1	2670
3299	8	7	3100
3301	1	1	2190
3306	44	28	3840
3307	83	57	4110
3308	212	147	4520
3310	433	303	4830
3312	12	9	3270
3314	13	6	3310
3315	6	4	2970
3318	6	5	2970
3319	42	30	3820
3321	25	21	3590
3322	6	4	2970
3331	3	3	2670
3334	4	4	2790
3337	1707	1091	5420
3342	4	4	2790
3345	2	2	2490
3347	17	16	3420
3352	2	2	2490
3354	7	3	3040
3357	1	1	2190
3358	6	3	2970
3359	232	191	4560
3363	1	1	2190
3365	204	121	4500
3370	40	35	3790
3372	3016	1648	5670
3375	11658	10171	6260
3376	132	93	4310
3378	2847	1533	5650
3383	1	1	2190
3384	25	23	3590
3385	1	1	2190
3391	1	1	2190
3393	1	1	2190
3403	1	1	2190
3411	28	19	3640
3416	3	2	2670
3418	20	19	3490
3420	133	101	4320
3421	8	7	3100
3429	1	1	2190
3435	44	30	3840
3447	530	170	4920
3448	2	1	2490
3462	8	7	3100
3466	4	3	2790
3471	3	1	2670
3476	2	2	2490
3480	1	1	2190
3481	2	1	2490
3488	5	3	2890
3491	1	1	2190
3492	1	1	2190
3493	1	1	2190
3494	1076	258	5220
3498	11	9	3230
3502	4	4	2790
3505	12	9	3270
3510	7	6	3040
3512	2	2	2490
3520	4	4	2790
3522	3	3	2670
3531	2	2	2490
3533	3	3	2670
3535	2	2	2490
3536	6	1	2970
3541	31	24	3680
3542	190	131	4470
3544	7	6	3040
3550	1	1	2190
3553	4	4	2790
3565	20	17	3490
3571	10	10	3190
3574	125	98	4290
3575	868	567	5130
3577	41	39	3810
3578	2	2	2490
3583	3	3	2670
3590	4	4	2790
3592	29	22	3660
3593	2	1	2490
3596	23	16	3550
3597	13	10	3310
3598	95	66	4170
3599	16	14	3400
3601	2	2	2490
3602	2	2	2490
3608	1	1	2190
3609	20	17	3490
3610	94	69	4170
3612	12	8	3270
3613	1	1	2190
3616	3	2	2670
3619	1	1	2190
3622	3	1	2670
3627	1	1	2190
3628	14	12	3340
3630	92	63	4160
3631	1	1	2190
3634	74	70	4060
3635	62	55	3990
3636	1	1	2190
3641	8	6	3100
3646	15	5	3370
3652	63	39	3990
3653	4	2	2790
3658	1245	894	5290
3661	99	99	4190
3662	265	210	4620
3663	7	2	3040
3664	70	62	4040
3667	12	10	3270
3673	251	212	4590
3674	172	139	4430
3675	11	11	3230
3676	15	11	3370
3681	40	38	3790
3682	10	10	3190
3686	1	1	2190
3697	3	3	2670
3698	6	6	2970
3700	7	5	3040
3704	8	7	3100
3710	1	1	2190
3713	62	41	3990
3721	5	5	2890
3722	3	1	2670
3726	2	1	2490
3727	36	29	3750
3733	5	5	2890
3735	1	1	2190
3738	1	1	2190
3739	14	11	3340
3740	5	4	2890
3741	1	1	2190
3744	116	89	4260
3746	2	2	2490
3747	1	1	2190
3749	7	5	3040
3753	38	32	3770
3754	21	19	3510
3755	3	3	2670
3756	3	3	2670
3757	1	1	2190
3759	1	1	2190
3761	7	6	3040
3764	38	13	3770
3780	1	1	2190
3782	1	1	2190
3784	7	7	3040
3785	171	117	4430
3787	8	6	3100
3788	282	272	4640
3790	1	1	2190
3791	8	7	3100
3793	1	1	2190
3794	2	2	2490
3801	3	3	2670
3806	1	1	2190
3809	6	1	2970
3810	3	3	2670
3811	150	105	4370
3812	806	524	5100
3813	1	1	2190
3816	10	10	3190
3820	1	1	2190
3823	17	13	3420
3824	5	4	2890
3826	5	4	2890
3827	3	1	2670
3828	31	12	3680
3829	35	17	3740
3833	9	9	3150
3834	154	113	4380
3836	2	2	2490
3839	102	62	4200
3840	247	131	4590
3841	27	21	3620
3843	68	32	4030
3852	5	5	2890
3856	2	2	2490
3857	70	51	4040
3858	3	3	2670
3864	1	1	2190
3867	3	3	2670
3873	2	2	2490
3878	21	16	3510
3882	1	1	2190
3886	3	3	2670
3887	31	19	3680
3895	5	5	2890
3896	1	1	2190
3900	19	10	3470
3906	2	1	2490
3909	9	7	3150
3914	56	41	3940
3924	2	1	2490
3927	12	7	3270
3930	3	3	2670
3933	1	1	2190
3934	44	32	3840
3935	8	6	3100
3945	1	1	2190
3947	14477	4764	6350
3951	3	3	2670
3956	2	1	2490
3960	4	4	2790
3962	1	1	2190
3963	5	4	2890
3964	5	1	2890
3966	6	6	2970
3967	7	5	3040
3972	22	19	3540
3974	19	18	3470
3979	34	30	3720
3981	6	6	2970
3985	1	1	2190
3990	1	1	2190
3994	9	9	3150
3997	43	40	3830
3999	15	11	3370
4000	6	6	2970
4007	2	2	2490
4021	42	28	3820
4022	2	2	2490
4035	1	1	2190
4036	1	1	2190
4037	1	1	2190
4044	154	128	4380
4047	3	3	2670
4048	1	1	2190
4049	4	4	2790
4052	1	1	2190
4054	3	3	2670
4055	23	15	3550
4057	1	1	2190
4059	43	25	3830
4065	1	1	2190
4069	2	2	2490
4079	2	2	2490
4099	40	36	3790
4100	6	5	2970
4103	2	2	2490
4104	4	2	2790
4107	1	1	2190
4110	314	247	4690
4112	3	3	2670
4117	2	2	2490
4118	1	1	2190
4119	203	185	4500
4124	453	319	4850
4128	27	22	3620
4133	5	4	2890
4135	6	6	2970
4141	134	117	4320
4143	1	1	2190
4152	44	38	3840
4154	3	3	2670
4158	4	4	2790
4162	1376	806	5330
4164	177	145	4440
4168	120	95	4270
4170	2	2	2490
4173	290	171	4660
4174	1	1	2190
4179	10	8	3190
4180	5	1	2890
4181	1	1	2190
4182	10	6	3190
4199	1	1	2190
4201	9	9	3150
4209	50	40	3890
4212	1	1	2190
4213	3	3	2670
4215	37	35	3760
4217	60	18	3970
4218	21	11	3510
4221	312	229	4690
4223	6	6	2970
4226	8	6	3100
4228	21	18	3510
4229	1	1	2190
4236	159	119	4390
4237	1	1	2190
4238	10	7	3190
4245	2	1	2490
4246	21	20	3510
4254	4	4	2790
4255	1	1	2190
4257	1052	599	5210
4258	161	139	4400
4263	1	1	2190
4270	1	1	2190
4271	31	23	3680
4274	136	85	4330
4275	2	2	2490
4282	9	8	3150
4286	2	1	2490
4292	2	2	2490
4293	3	2	2670
4299	38	31	3770
4311	1	1	2190
4312	5	4	2890
4321	992	764	5190
4322	460	340	4860
4324	1	1	2190
4325	67	50	4020
4327	5	5	2890
4331	2	2	2490
4332	1	1	2190
4335	1609	1096	5400
4336	1	1	2190
4338	253	222	4600
4341	6	6	2970
4349	8	6	3100
4351	146	121	4360
4352	19	19	3470
4354	23	13	3550
4358	9	7	3150
4359	3	3	2670
4371	1	1	2190
4379	3	3	2670
4387	1	1	2190
4388	730	562	5060
4392	18	17	3450
4394	12	11	3270
4396	1	1	2190
4397	22	21	3540
4403	5	4	2890
4404	12	2	3270
4405	2	1	2490
4408	2	2	2490
4409	15	13	3370
4412	1	1	2190
4413	1	1	2190
4419	4	4	2790
4420	716	241	5050
4421	2	2	2490
4424	3	2	2670
4425	3	2	2670
4426	1	1	2190
4428	2	2	2490
4429	3	3	2670
4432	16	15	3400
4434	8	5	3100
4436	4	3	2790
4438	49	20	3880
4443	14	9	3340
4445	177	114	4440
4451	3	3	2670
4454	1	1	2190
4455	4	2	2790
4456	356	236	4740
4457	4	4	2790
4459	8	7	3100
4462	19	13	3470
4465	29	28	3660
4466	24	18	3570
4478	3	2	2670
4485	1	1	2190
4489	123	97	4280
4491	158	132	4390
4492	14	14	3340
4499	2	2	2490
4503	1	1	2190
4518	1	1	2190
4522	3	3	2670
4525	1	1	2190
4530	131	109	4310
4531	172	124	4430
4532	6	6	2970
4534	3	3	2670
4540	2	1	2490
4541	1	1	2190
4544	8	8	3100
4549	81	57	4100
4556	5	4	2890
4571	28	25	3640
4574	4	2	2790
4575	33	30	3710
4587	2	2	2490
4588	13	11	3310
4589	8	5	3100
4590	233	123	4560
4591	3	3	2670
4592	15	14	3370
4594	2	2	2490
4597	6	4	2970
4598	132	76	4310
4599	311	182	4690
4600	3	2	2670
4609	1	1	2190
4615	53	42	3920
4616	12	10	3270
4623	6	5	2970
4625	1	1	2190
4626	1	1	2190
4631	2	2	2490
4633	6	5	2970
4635	1	1	2190
4636	1	1	2190
4637	1	1	2190
4639	4	3	2790
4640	1	1	2190
4641	1	1	2190
4644	1	1	2190
4648	117	96	4260
4652	4	4	2790
4655	7	7	3040
4659	3	3	2670
4668	20	16	3490
4669	2	2	2490
4671	4177	2480	5810
4675	2	1	2490
4679	3	2	2670
4681	2190	1314	5530
4687	2	2	2490
4693	4	3	2790
4694	5	5	2890
4695	1	1	2190
4698	37	28	3760
4699	1	1	2190
4713	2	2	2490
4715	2	2	2490
4718	22	11	3540
4726	8	7	3100
4730	234	94	4560
4732	17	15	3420
4734	6	6	2970
4738	3	1	2670
4740	1	1	2190
4741	6	3	2970
4745	8	5	3100
4747	2	2	2490
4748	1	1	2190
4753	1	1	2190
4754	21	17	3510
4755	2	2	2490
4756	1	1	2190
4759	6	6	2970
4765	142	107	4340
4775	1	1	2190
4780	4	3	2790
4789	1	1	2190
4792	1	1	2190
4798	2	2	2490
4803	3	3	2670
4804	1	1	2190
4805	8	6	3100
4810	19	16	3470
4811	1	1	2190
4813	2	2	2490
4818	1	1	2190
4824	209	119	4510
4825	483	273	4880
4826	3	2	2670
4827	72	51	4050
4830	14	13	3340
4837	1	1	2190
4839	48	43	3870
4840	6	6	2970
4845	2	2	2490
4847	43	22	3830
4852	125	69	4290
4857	3	3	2670
4863	3	2	2670
4865	1	1	2190
4875	27	26	3620
4876	343	208	4730
4877	7	6	3040
4878	3	3	2670
4879	11	9	3230
4880	1	1	2190
4892	1	1	2190
4895	1	1	2190
4897	2	2	2490
4899	1	1	2190
4900	9	4	3150
4901	2	2	2490
4903	5	4	2890
4909	8	5	3100
4910	36	29	3750
4918	1	1	2190
4921	15	13	3370
4922	12	11	3270
4937	13	11	3310
4938	1	1	2190
4940	1	1	2190
4944	1	1	2190
4954	4	4	2790
4958	61	41	3980
4960	2	2	2490
4963	1	1	2190
4965	1	1	2190
4969	87	74	4130
4970	9	7	3150
4976	1	1	2190
4978	1	1	2190
4979	1	1	2190
4986	1	1	2190
4990	365	247	4750
4991	2659	1627	5620
4992	253	221	4600
4998	251	209	4590
4999	8	5	3100
5000	1	1	2190
5007	1033	704	5210
5012	1098	744	5230
5013	183	151	4460
5014	1	1	2190
5015	7	6	3040
5017	2	2	2490
5024	5	4	2890
5025	1	1	2190
5031	287	219	4650
5032	1043	668	5210
5033	22	20	3540
5040	117740	27165	7260
5077	14	14	3340
5082	1	1	2190
5111	4	4	2790
5126	3	3	2670
5131	2	2	2490
5142	2	2	2490
5144	1	1	2190
5150	15	14	3370
5177	100	88	4190
5183	14	12	3340
5226	2	1	2490
5232	5	3	2890
5236	3	2	2670
5238	1	1	2190
5240	1	1	2190
5257	1	1	2190
5289	1087	656	5230
5325	2	2	2490
5332	1	1	2190
5333	2	2	2490
5356	9	7	3150
5358	1	1	2190
5416	713	685	5050
5417	190	160	4470
5418	32	31	3700
5424	5	5	2890
5459	273	191	4630
5461	16	15	3400
5462	12	11	3270
5465	130	104	4310
5466	4	4	2790
5476	1	1	2190
5494	1	1	2190
5502	12	12	3270
5503	1	1	2190
5504	169	131	4420
5510	5	5	2890
5524	26	25	3610
5525	1	1	2190
5531	197	179	4490
5532	1	1	2190
5535	23	20	3550
5546	1086	703	5230
5558	8	8	3100
5563	1	1	2190
5567	2	2	2490
5573	1	1	2190
5587	1	1	2190
5588	1	1	2190
5595	1	1	2190
5609	144	123	4350
5610	172	138	4430
5620	8	4	3100
5640	7	6	3040
5667	690	483	5030
5671	1	1	2190
5679	1	1	2190
5681	1	1	2190
5692	55	34	3930
5693	326	244	4710
5696	1	1	2190
5726	1	1	2190
5731	2	1	2490
5742	1	1	2190
5749	1	1	2190
5751	6	5	2970
5764	2	2	2490
5797	1	1	2190
5825	2	2	2490
5841	1	1	2190
5903	22	20	3540
5913	1	1	2190
5923	4	1	2790
5948	1	1	2190
5974	12	10	3270
5977	499	402	4890
5981	278	220	4640
5996	10	9	3190
5999	1	1	2190
6002	10	9	3190
6008	5	1	2890
6011	1	1	2190
6039	4	4	2790
6042	2	2	2490
6084	2	2	2490
6086	5	4	2890
6095	1	1	2190
6109	103	89	4210
6110	143	121	4350
6111	2	2	2490
6113	4	4	2790
6114	193	132	4480
6172	3	3	2670
6176	5	5	2890
6182	5	4	2890
6198	21	19	3510
6218	2	1	2490
6235	1	1	2190
6239	1	1	2190
6240	1	1	2190
6280	1	1	2190
6284	1	1	2190
6285	1	1	2190
6287	3	3	2670
6299	3	2	2670
6300	3	3	2670
6322	27	19	3620
6325	30	21	3670
6326	1	1	2190
6342	45	38	3850
6343	2	2	2490
6354	341	219	4730
6358	4	3	2790
6359	1	1	2190
6365	1	1	2190
6370	102	78	4200
6375	1	1	2190
6407	3	2	2670
6409	4	3	2790
6411	1	1	2190
6413	8	7	3100
6415	7	2	3040
6416	11	11	3230
6417	30	26	3670
6421	1	1	2190
6431	8	8	3100
6432	45	38	3850
6439	2	1	2490
6463	1	1	2190
6464	2	2	2490
6475	130	104	4310
6477	20	19	3490
6479	121	108	4280
6489	162	128	4400
6494	188	137	4470
6496	2	2	2490
6504	2	2	2490
6509	1	1	2190
6511	1211	658	5280
6512	39	38	3780
6513	2927	1507	5660
6514	814	579	5100
6519	74	49	4060
6522	1	1	2190
6523	1	1	2190
6525	3	1	2670
6529	3	2	2670
6578	307	241	4680
6579	132	118	4310
6588	2	2	2490
6597	3000	1337	5670
6643	6	5	2970
6645	1	1	2190
6649	1	1	2190
6664	1	1	2190
6672	1	1	2190
6683	103	91	4210
6685	1	1	2190
6689	4	4	2790
6690	2	2	2490
6700	413	267	4810
6706	2	1	2490
6707	3	2	2670
6716	48	31	3870
6719	1	1	2190
6724	8	6	3100
6735	276	209	4630
6750	1	1	2190
6768	2811	1614	5640
6769	416	347	4810
6770	86	84	4130
6773	7	7	3040
6774	163	127	4400
6780	21	19	3510
6782	158	124	4390
6803	1	1	2190
6815	1	1	2190
6822	12	4	3270
6831	1	1	2190
6837	1	1	2190
6839	90	81	4150
6844	812	607	5100
6845	2	2	2490
6852	21	18	3510
6856	49	30	3880
6929	3	2	2670
6977	1	1	2190
7056	236	195	4570
7064	3	3	2670
7068	5317	2588	5920
7094	1	1	2190
7102	411	326	4810
7103	3	3	2670
7104	2	1	2490
7111	1249	970	5290
7112	26	21	3610
7113	44	40	3840
7114	12	12	3270
7116	59	57	3960
7117	1	1	2190
7121	11	10	3230
7126	15	15	3370
7129	2	1	2490
7143	1	1	2190
7161	2	1	2490
7163	96	77	4170
7165	8	8	3100
7166	2	2	2490
7174	31	26	3680
7188	13	10	3310
7189	59	24	3960
7196	10	9	3190
7197	4	3	2790
7205	38	31	3770
7206	30	25	3670
7237	4	2	2790
7238	230	192	4550
7239	983	720	5190
7246	137	118	4330
7247	152	131	4370
7248	1052	630	5210
7249	1	1	2190
7250	1	1	2190
7253	1	1	2190
7258	2	2	2490
7274	1	1	2190
7275	15	14	3370
7280	1	1	2190
7289	8	8	3100
7293	1	1	2190
7303	1	1	2190
7314	30	28	3670
7315	2	2	2490
7317	7	4	3040
7328	7	6	3040
7330	1	1	2190
7331	10	6	3190
7332	10	8	3190
7333	1	1	2190
7334	11	7	3230
7338	1	1	2190
7342	14	10	3340
7346	9	9	3150
7352	39	31	3780
7353	127	104	4300
7354	2	2	2490
7356	8	4	3100
7359	3	2	2670
7360	47	16	3860
7362	472	344	4870
7365	10886	10849	6230
7366	3	2	2670
7367	129	105	4300
7372	1	1	2190
7373	4	2	2790
7412	1	1	2190
7421	176	142	4440
7447	2	2	2490
7455	1	1	2190
7463	1	1	2190
7485	1	1	2190
7488	2	2	2490
7520	1	1	2190
7534	1	1	2190
7574	3	3	2670
7578	3	3	2670
7599	1	1	2190
7629	1	1	2190
7646	1	1	2190
7688	1	1	2190
7712	10	10	3190
7720	508	353	4900
7721	188	137	4470
7730	2	2	2490
7733	7	5	3040
7734	21	15	3510
7738	2	2	2490
7746	1	1	2190
7747	24	24	3570
7749	17	17	3420
7752	2	2	2490
7753	49	40	3880
7759	9	8	3150
7762	683	406	5030
7763	312	211	4690
7764	3	3	2670
7765	2	2	2490
7768	17	14	3420
7769	39	29	3780
7770	97	57	4180
7773	76	49	4070
7777	20	19	3490
7783	1	1	2190
7785	4	4	2790
7788	8	6	3100
7793	3	3	2670
7798	13	7	3310
7817	1	1	2190
7820	2	1	2490
7823	5	5	2890
7827	6	6	2970
7831	1	1	2190
7833	280	229	4640
7835	94	73	4170
7836	2	2	2490
7837	2	2	2490
7838	1	1	2190
7843	2	2	2490
7844	3	3	2670
7845	3	2	2670
7859	1	1	2190
7860	1	1	2190
7862	1	1	2190
7865	16	14	3400
7869	2	2	2490
7876	3	3	2670
7885	2	2	2490
7893	2	1	2490
7895	4	4	2790
7901	66	56	4010
7912	1	1	2190
7913	564	379	4940
7914	419	276	4810
7916	6	6	2970
7917	22	17	3540
7919	2	2	2490
7922	1	1	2190
7925	2	2	2490
7926	6	6	2970
7928	1	1	2190
7929	66	42	4010
7930	36	28	3750
7933	2	2	2490
7944	1	1	2190
7945	3	3	2670
7947	1	1	2190
7949	104	88	4210
7952	1	1	2190
7954	3	3	2670
7956	207	156	4510
7958	6	6	2970
7959	26	25	3610
7960	330	216	4710
7961	1	1	2190
7964	59	46	3960
7965	3	3	2670
7966	9	6	3150
7967	57	37	3950
7978	1	1	2190
7982	39	33	3780
7983	1	1	2190
7986	2	2	2490
7987	5	3	2890
7988	193	144	4480
7990	468	260	4860
7991	11	11	3230
7992	14	14	3340
8002	4	4	2790
8008	19	18	3470
8012	3	1	2670
8017	36	25	3750
8021	1	1	2190
8030	8	4	3100
8031	2	2	2490
8032	1	1	2190
8045	2	1	2490
8053	17	9	3420
8067	1	1	2190
8125	3	3	2670
8132	6	6	2970
8133	2	2	2490
8156	1	1	2190
8158	3	3	2670
8195	4	2	2790
8199	2	2	2490
8218	3	2	2670
8223	337	187	4720
8238	11	10	3230
8242	1	1	2190
8251	1	1	2190
8252	7	1	3040
8275	3	3	2670
8291	3	3	2670
8341	1	1	2190
8349	1	1	2190
8362	1	1	2190
8372	2	1	2490
8375	3	2	2670
8378	2	2	2490
8396	3	3	2670
8399	1	1	2190
8404	4	4	2790
8413	4	2	2790
8438	2	2	2490
8448	2	2	2490
8462	1	1	2190
8463	1	1	2190
8475	1	1	2190
8482	8	8	3100
8494	7	7	3040
8516	16	12	3400
8517	4	4	2790
8519	3	3	2670
8561	3	3	2670
8564	4	1	2790
8595	214	172	4520
8614	2	2	2490
8642	409	319	4800
8643	1	1	2190
8645	10	8	3190
8663	1	1	2190
8674	3	3	2670
8678	258	235	4600
8679	1	1	2190
8681	6	6	2970
8701	2	2	2490
8702	26	23	3610
8705	1	1	2190
8707	554	373	4940
8708	3	3	2670
8710	2	2	2490
8728	1	1	2190
8733	23	20	3550
8734	2	2	2490
8735	24	24	3570
8736	431	416	4830
8738	14	14	3340
8740	19	16	3470
8746	1	1	2190
8749	12	4	3270
8758	4	4	2790
8760	4	1	2790
8765	2	1	2490
8771	37	34	3760
8783	2	1	2490
8794	1	1	2190
8808	1	1	2190
8827	1	1	2190
8839	66	62	4010
8846	1	1	2190
8848	19	17	3470
8865	1	1	2190
8866	4	4	2790
8872	31	19	3680
8877	1	1	2190
8883	1	1	2190
8884	1	1	2190
8901	2	2	2490
8904	6	5	2970
8905	1	1	2190
8910	4	4	2790
8929	2	1	2490
8939	182	146	4450
8940	6	6	2970
8942	2	2	2490
8979	1	1	2190
8985	1	1	2190
8989	1	1	2190
8999	1473	1027	5360
9001	1	1	2190
9002	3	3	2670
9006	8	7	3100
9007	2	1	2490
9008	3	3	2670
9017	4	4	2790
9034	4	2	2790
9060	1	1	2190
9061	1	1	2190
9071	22	19	3540
9085	1	1	2190
9092	2	2	2490
9098	1	1	2190
9105	1	1	2190
9108	1	1	2190
9122	3	3	2670
9132	3	3	2670
9150	3	3	2670
9151	4	2	2790
9152	5	3	2890
9163	3	3	2670
9187	1	1	2190
9205	2	2	2490
9211	1	1	2190
9222	33	26	3710
9223	12	9	3270
9224	52	21	3910
9225	21990	6450	6530
9227	1	1	2190
9238	1	1	2190
9239	1	1	2190
9242	6	6	2970
9244	5	5	2890
9246	2	2	2490
9247	1	1	2190
9248	27	21	3620
9253	44	37	3840
9254	1	1	2190
9255	76	49	4070
9256	22	13	3540
9257	1	1	2190
9258	17	14	3420
9260	29	25	3660
9264	316	177	4690
9265	2	2	2490
9275	32	20	3700
9276	4	4	2790
9277	4	4	2790
9278	1	1	2190
9287	1	1	2190
9292	4	3	2790
9293	2	2	2490
9300	260	260	4610
9302	1	1	2190
9303	1	1	2190
9304	1	1	2190
9306	2	2	2490
9308	132	101	4310
9309	6	1	2970
9312	2	2	2490
9316	17	12	3420
9317	1	1	2190
9318	11	11	3230
9322	67	44	4020
9330	31	24	3680
9331	415	184	4810
9332	99	96	4190
9333	5	5	2890
9334	5	5	2890
9336	3	2	2670
9339	19	12	3470
9351	2	2	2490
9352	36	27	3750
9362	16	15	3400
9364	1	1	2190
9367	15	13	3370
9368	1	1	2190
9376	18	11	3450
9378	2	2	2490
9380	5	4	2890
9381	1	1	2190
9383	8	8	3100
9392	12	10	3270
9394	1	1	2190
9395	48	38	3870
9396	1	1	2190
9397	32	26	3700
9398	7	7	3040
9402	9	4	3150
9403	28	15	3640
9404	14	11	3340
9405	2	2	2490
9406	5	5	2890
9407	2	2	2490
9408	38	25	3770
9409	346	173	4730
9410	255	160	4600
9411	4	4	2790
9412	9	8	3150
9414	3	3	2670
9415	56	40	3940
9416	48	27	3870
9419	5	5	2890
9420	37	19	3760
9422	2	1	2490
9424	450	253	4850
9425	423	259	4820
9426	1371	700	5330
9428	16	11	3400
9430	19	6	3470
9431	1	1	2190
9432	1	1	2190
9433	34	26	3720
9438	10	10	3190
9439	1	1	2190
9441	5	3	2890
9442	2	2	2490
9444	99	70	4190
9445	84	57	4120
9446	2	2	2490
9447	11	9	3230
9452	2	2	2490
9454	9	6	3150
9455	5	4	2890
9456	10	10	3190
9458	7	7	3040
9459	46	30	3860
9460	7	6	3040
9467	3	3	2670
9471	13	10	3310
9473	3	2	2670
9486	6	6	2970
9487	2555	1415	5600
9510	5	3	2890
9531	2	2	2490
9539	4	4	2790
9545	2	2	2490
9566	1	1	2190
9574	10	9	3190
9584	3	3	2670
9606	1	1	2190
9626	26	23	3610
9628	4	3	2790
9632	4	3	2790
9634	3	3	2670
9635	1	1	2190
9646	4	4	2790
9654	12	10	3270
9673	1	1	2190
9679	5	5	2890
9684	1	1	2190
9693	5	2	2890
9695	1	1	2190
9696	1	1	2190
9715	1	1	2190
9729	5	4	2890
9730	13	10	3310
9747	2	2	2490
9763	8	7	3100
9796	1	1	2190
9825	1	1	2190
9838	4	4	2790
9866	10	7	3190
9873	1	1	2190
9879	2	1	2490
9935	3	3	2670
9941	1	1	2190
9945	4	4	2790
9947	7	4	3040
9951	4	3	2790
9957	3	3	2670
9959	1	1	2190
9960	2	1	2490
9969	10	7	3190
9974	163	108	4400
9979	3	3	2670
9983	19	17	3470
9992	1	1	2190
10005	3	3	2670
10017	1	1	2190
10026	1	1	2190
10027	6	5	2970
10044	63	3	3990
10060	6	3	2970
10112	1	1	2190
10127	4	4	2790
10131	1	1	2190
10139	1	1	2190
10157	3	2	2670
10169	5	5	2890
10186	2	2	2490
10200	1	1	2190
10210	2	2	2490
10211	9	8	3150
10301	1	1	2190
10319	2	2	2490
10320	3	3	2670
10329	1	1	2190
10372	15	14	3370
10404	77	66	4080
10431	2	1	2490
10448	5	3	2890
10454	1	1	2190
10459	1	1	2190
10462	1	1	2190
10466	1	1	2190
10490	1	1	2190
10507	2	2	2490
10521	210	178	4510
10539	4	4	2790
10541	2	2	2490
10542	2	2	2490
10554	1	1	2190
10579	1	1	2190
10609	1	1	2190
10621	19	19	3470
10634	2	2	2490
10635	39	35	3780
10638	8	6	3100
10649	1	1	2190
10654	1	1	2190
10657	11	7	3230
10658	1	1	2190
10660	10	10	3190
10662	5	5	2890
10663	1	1	2190
10665	3	3	2670
10666	7	7	3040
10667	6	6	2970
10677	351	291	4740
10689	2	2	2490
10692	1	1	2190
10706	2	2	2490
10708	2	2	2490
10713	24	23	3570
10723	1	1	2190
10781	3	3	2670
10782	403	296	4800
10788	1	1	2190
10790	1	1	2190
10791	41	40	3810
10794	1	1	2190
10796	165	127	4410
10797	2	2	2490
10802	3	3	2670
10808	37	6	3760
10829	9	8	3150
10830	3	3	2670
10847	9	8	3150
10864	17	16	3420
10905	70	37	4040
10955	2	2	2490
10956	1	1	2190
10959	1	1	2190
10985	1	1	2190
10989	71	56	4040
11001	1	1	2190
11003	1	1	2190
11009	20	5	3490
11010	1	1	2190
11013	2	2	2490
11047	4	3	2790
11065	7	6	3040
11075	1	1	2190
11083	1	1	2190
11088	23	20	3550
11138	1	1	2190
11149	3	2	2670
11150	1	1	2190
11207	1	1	2190
11215	2	2	2490
11216	2	2	2490
11217	1	1	2190
11253	3	3	2670
11274	8	6	3100
11288	393	302	4790
11289	4	4	2790
11300	2	1	2490
11303	1	1	2190
11307	20	12	3490
11308	40	36	3790
11310	2	1	2490
11323	5	4	2890
11342	1	1	2190
11409	1	1	2190
11442	18	11	3450
11455	6	5	2970
11478	43	39	3830
11485	7	5	3040
11487	1	1	2190
11499	2	2	2490
11524	4	4	2790
11560	2	2	2490
11573	2	2	2490
11580	1	1	2190
11587	1	1	2190
11600	5	5	2890
11604	1	1	2190
11606	2	2	2490
11609	2	2	2490
11611	1	1	2190
11612	7	7	3040
11633	1	1	2190
11671	8	8	3100
11676	28	27	3640
11677	1	1	2190
11678	13	13	3310
11687	4	4	2790
11688	8	8	3100
11691	1	1	2190
11693	5	5	2890
11696	28	23	3640
11707	5	4	2890
11712	1	1	2190
11731	4	4	2790
11738	1	1	2190
11739	2	2	2490
11740	3	3	2670
11745	2	2	2490
11746	1	1	2190
11751	22	17	3540
11754	1	1	2190
11758	50	30	3890
11759	1	1	2190
11761	5	2	2890
11763	1	1	2190
11765	11	11	3230
11768	2	2	2490
11769	1	1	2190
11771	5	5	2890
11784	1	1	2190
11807	2	2	2490
11816	2	2	2490
11821	44	30	3840
11845	5	5	2890
11850	1	1	2190
11855	12	11	3270
11864	10	9	3190
11868	3	1	2670
11877	2	2	2490
11882	3	3	2670
11885	1	1	2190
11890	1	1	2190
11894	1	1	2190
11910	13	7	3310
11916	1	1	2190
11926	2	2	2490
11934	3	3	2670
11935	440	321	4840
11940	1	1	2190
11942	1	1	2190
11947	22	10	3540
11951	1	1	2190
11953	10	6	3190
11960	15	12	3370
11963	5	5	2890
11972	12	9	3270
11976	2	1	2490
11978	16	15	3400
11979	1	1	2190
11985	5	5	2890
11999	1	1	2190
12010	4	4	2790
12022	1	1	2190
12025	3	3	2670
12042	2	2	2490
12054	5	5	2890
12065	7	4	3040
12077	8	7	3100
12078	437	315	4830
12082	26	23	3610
12125	3	1	2670
12131	5	5	2890
12149	1	1	2190
12151	23	21	3550
12154	2	2	2490
12156	17	16	3420
12159	4	3	2790
12182	5	2	2890
12203	12	7	3270
12204	3	3	2670
12211	1	1	2190
12214	1	1	2190
12219	1	1	2190
12221	6	5	2970
12232	5	5	2890
12257	122	90	4280
12259	10	10	3190
12260	85	85	4120
12262	2	2	2490
12266	4	4	2790
12267	1	1	2190
12275	6	6	2970
12280	1	1	2190
12284	2	2	2490
12290	2	2	2490
12291	1	1	2190
12292	18	11	3450
12294	3	3	2670
12295	1	1	2190
12297	1	1	2190
12298	1	1	2190
12307	1	1	2190
12311	100	44	4190
12312	10	10	3190
12313	4	4	2790
12316	3	2	2670
12317	397	314	4790
12318	7	3	3040
12326	375	301	4770
12329	302	230	4670
12330	267	189	4620
12331	2	2	2490
12332	105	81	4210
12335	3	2	2670
12338	14	12	3340
12343	6	5	2970
12345	22	18	3540
12346	5	5	2890
12347	9	9	3150
12353	13	7	3310
12354	4	4	2790
12355	1	1	2190
12357	28	21	3640
12359	4	4	2790
12360	1	1	2190
12363	1	1	2190
12365	6	1	2970
12368	5	3	2890
12370	2	2	2490
12371	116	61	4260
12372	1	1	2190
12374	194	157	4480
12375	50	40	3890
12377	1	1	2190
12378	1	1	2190
12380	1	1	2190
12382	1	1	2190
12386	1	1	2190
12392	1	1	2190
12398	1	1	2190
12399	4	3	2790
12400	7	1	3040
12401	10	8	3190
12402	24024	7093	6570
12403	2	2	2490
12404	197	167	4490
12405	96	88	4170
12409	67	33	4020
12410	2	2	2490
12413	23	15	3550
12415	6663	3663	6020
12416	273	200	4630
12418	2096	1128	5510
12420	1	1	2190
12424	1	1	2190
12427	7	7	3040
12429	27	16	3620
12430	1	1	2190
12432	8	5	3100
12433	222	125	4540
12435	5599	2960	5940
12436	777	708	5080
12437	222	141	4540
12440	308	203	4680
12441	734	579	5060
12442	14	10	3340
12443	2	2	2490
12445	1	1	2190
12446	1224	593	5280
12448	2	2	2490
12449	4	4	2790
12450	3	3	2670
12452	1	1	2190
12462	9	5	3150
12463	1424	713	5350
12465	9	8	3150
12466	8	4	3100
12467	417	417	4810
12468	830	415	5110
12470	56	39	3940
12473	104	71	4210
12477	13	11	3310
12479	2	2	2490
12480	1	1	2190
12481	1	1	2190
12487	21	13	3510
12493	7	6	3040
12497	1	1	2190
12498	240	178	4570
12499	12	8	3270
12500	16	9	3400
12502	1	1	2190
12503	4	3	2790
12512	1	1	2190
12518	7	7	3040
12519	12	5	3270
12523	25	14	3590
12524	22	12	3540
12525	11	8	3230
12531	116	83	4260
12532	892	661	5140
12533	1158	907	5260
12534	3	2	2670
12535	2629	1593	5610
12539	7	5	3040
12540	10	5	3190
12541	74	59	4060
12544	186	154	4460
12545	285	213	4650
12546	285	231	4650
12547	426	316	4820
12548	7	5	3040
12551	1	1	2190
12553	1	1	2190
12554	151	110	4370
12555	147	119	4360
12556	190	153	4470
12560	6	4	2970
12561	17	11	3420
12567	16	8	3400
12569	8	8	3100
12570	1	1	2190
12571	1	1	2190
12573	3	3	2670
12574	1	1	2190
12579	1	1	2190
12585	14	10	3340
12586	1	1	2190
12590	36	32	3750
12593	11	10	3230
12596	3	3	2670
12598	4	4	2790
12599	7	6	3040
12600	24	18	3570
12601	1	1	2190
12606	3	3	2670
12608	2	1	2490
12609	1	1	2190
12614	19	17	3470
12615	9	7	3150
12621	2	1	2490
12623	1	1	2190
12625	6	4	2970
12628	101	82	4200
12629	2	1	2490
12630	3	3	2670
12631	1	1	2190
12639	2	2	2490
12640	2	2	2490
12641	11	10	3230
12644	8	3	3100
12645	341	323	4730
12647	295	282	4660
12649	131	84	4310
12650	189	105	4470
12655	100	64	4190
12656	6	4	2970
12658	101	36	4200
12659	701	482	5040
12663	155	110	4380
12664	6	5	2970
12665	26	6	3610
12666	17	13	3420
12667	2	2	2490
12672	6	6	2970
12673	1	1	2190
12675	7	7	3040
12677	21	20	3510
12685	15	8	3370
12688	6	6	2970
12689	2	2	2490
12690	186	73	4460
12691	9	4	3150
12692	40	32	3790
12693	22	18	3540
12697	5	5	2890
12698	3	1	2670
12700	44	35	3840
12701	3	3	2670
12704	2	2	2490
12706	4	2	2790
12707	13	10	3310
12711	868	851	5130
12712	3	2	2670
12713	6	5	2970
12714	1	1	2190
12718	1	1	2190
12720	4	4	2790
12723	9	6	3150
12728	7	6	3040
12729	5	1	2890
12731	10	7	3190
12732	13	12	3310
12733	123	95	4280
12734	5	5	2890
12738	2	2	2490
12741	2	2	2490
12745	2	2	2490
12746	27	25	3620
12757	2	2	2490
12758	8	4	3100
12760	6	6	2970
12761	33	8	3710
12762	17	16	3420
12763	1	1	2190
12765	2	2	2490
12769	1	1	2190
12772	21	15	3510
12773	6	6	2970
12774	1	1	2190
12775	176	145	4440
12779	95	82	4170
12782	32	24	3700
12783	3	2	2670
12788	7	6	3040
12790	11	2	3230
12791	7	4	3040
12792	4	4	2790
12793	1	1	2190
12794	9	9	3150
12795	6	5	2970
12796	1	1	2190
12797	5	4	2890
12806	4	4	2790
12809	3762	2621	5770
12810	151	124	4370
12811	170	135	4420
12814	333	268	4720
12816	6	6	2970
12818	2	2	2490
12826	12	12	3270
12829	1932	1255	5480
12830	3	3	2670
12831	14	12	3340
12832	1	1	2190
12833	1688	1496	5420
12834	526	375	4910
12837	10	10	3190
12839	3	3	2670
12841	1	1	2190
12848	85	66	4120
12851	185	125	4460
12854	67	40	4020
12881	6	1	2970
12883	1	1	2190
12886	1	1	2190
12887	34	15	3720
12892	148	100	4360
12893	2	2	2490
12894	162	82	4400
12895	1	1	2190
12902	4	3	2790
12903	1	1	2190
12908	4	3	2790
12909	1	1	2190
12911	4	3	2790
12927	8	6	3100
12930	379	255	4770
12931	1	1	2190
12932	254	192	4600
12933	954	622	5170
12934	3	3	2670
12938	43	35	3830
12939	95	68	4170
12940	441	268	4840
12941	704	512	5040
12942	1608	801	5400
12947	8	8	3100
12948	17	16	3420
12949	78	41	4080
12950	342	224	4730
12957	1	1	2190
12961	1	1	2190
12962	67	42	4020
12966	756	532	5070
12967	6	5	2970
12968	245	171	4580
12969	1	1	2190
12974	10	8	3190
12975	227	165	4550
12976	29	29	3660
12984	12	10	3270
12989	16	14	3400
12994	2	2	2490
12997	1	1	2190
13000	75	54	4070
13001	18	9	3450
13002	426	182	4820
13003	370	233	4760
13004	1	1	2190
13005	5	3	2890
13007	4291	4291	5830
13008	41	38	3810
13009	9	8	3150
13013	1	1	2190
13017	86	67	4130
13018	450	269	4850
13021	3620	1988	5750
13023	7	5	3040
13029	6	4	2970
13031	14	11	3340
13033	4	2	2790
13034	3	3	2670
13035	6	5	2970
13036	146	86	4360
13037	1	1	2190
13040	4	3	2790
13042	62	51	3990
13043	38	29	3770
13044	4	4	2790
13046	51	39	3900
13047	389	279	4780
13049	4	3	2790
13050	12	12	3270
13051	7	5	3040
13052	20	17	3490
13054	1	1	2190
13058	2	1	2490
13062	3	3	2670
13067	2	2	2490
13068	2	2	2490
13069	2	2	2490
13071	1673	1039	5420
13072	6	6	2970
13075	46	43	3860
13077	1	1	2190
13078	29	28	3660
13079	3	3	2670
13084	4	3	2790
13085	2	2	2490
13086	6	3	2970
13088	397	199	4790
13089	8	7	3100
13091	6	6	2970
13092	721	319	5050
13093	1	1	2190
13094	175	138	4440
13095	1346	842	5320
13105	181	142	4450
13106	33	18	3710
13108	11	7	3230
13109	319	228	4700
13111	394	321	4790
13112	33	27	3710
13115	621	590	4990
13116	560	384	4940
13117	1	1	2190
13121	3547	1827	5740
13122	924	579	5160
13123	2	2	2490
13129	1	1	2190
13130	191	167	4470
13132	16	2	3400
13138	1	1	2190
13139	19	10	3470
13141	288	233	4650
13142	1	1	2190
13147	3	3	2670
13148	48	44	3870
13149	1	1	2190
13150	2	2	2490
13156	452	353	4850
13157	84	37	4120
13158	5	2	2890
13159	1	1	2190
13160	4	3	2790
13162	273	217	4630
13164	1	1	2190
13167	5579	3005	5940
13168	8268	3225	6110
13169	26	25	3610
13173	3	3	2670
13176	1	1	2190
13187	159	120	4390
13188	53	53	3920
13189	1	1	2190
13190	8	5	3100
13196	187	96	4460
13199	53	45	3920
13201	211	175	4520
13202	114	91	4250
13203	11	9	3230
13207	55	44	3930
13208	21	20	3510
13209	173	127	4430
13210	43	33	3830
13218	4	4	2790
13219	8	6	3100
13221	28	25	3640
13222	4	4	2790
13223	1	1	2190
13224	13	9	3310
13226	114	90	4250
13232	59	27	3960
13233	1	1	2190
13234	6	3	2970
13235	1	1	2190
13246	7	6	3040
13249	510	299	4900
13251	85	68	4120
13252	30	25	3670
13253	218	158	4530
13254	365	230	4750
13255	47	31	3860
13256	58	31	3960
13257	70	59	4040
13264	9	5	3150
13265	2	2	2490
13268	16	10	3400
13269	2	2	2490
13270	15	11	3370
13274	4	2	2790
13275	10	9	3190
13276	8	6	3100
13277	4	3	2790
13280	5	2	2890
13286	2	1	2490
13287	17	3	3420
13288	3	3	2670
13289	32	28	3700
13290	4	3	2790
13291	1	1	2190
13294	8	1	3100
13295	71	54	4040
13298	10	4	3190
13305	4	4	2790
13306	13	11	3310
13311	26	23	3610
13318	1	1	2190
13319	267	225	4620
13320	146	120	4360
13321	1350	898	5320
13322	453	337	4850
13323	25	22	3590
13325	21	20	3510
13326	159	129	4390
13327	158	150	4390
13337	1008	728	5200
13338	117	85	4260
13339	32	24	3700
13340	74	71	4060
13341	164	145	4410
13342	3	2	2670
13345	671	464	5020
13346	2	2	2490
13347	1	1	2190
13349	16	4	3400
13350	2333	2214	5560
13351	10	8	3190
13353	4	3	2790
13358	1	1	2190
13359	1	1	2190
13360	3	3	2670
13363	76	63	4070
13364	2	2	2490
13366	3	1	2670
13367	7	5	3040
13368	193	159	4480
13369	106	73	4220
13370	385	318	4780
13371	1	1	2190
13373	56	45	3940
13374	2	2	2490
13376	5	5	2890
13383	2	2	2490
13385	18	16	3450
13391	6	6	2970
13392	4	4	2790
13395	490	366	4880
13396	387	210	4780
13398	178	136	4440
13402	238	146	4570
13407	11	10	3230
13411	4	4	2790
13414	1	1	2190
13415	56	38	3940
13416	402	402	4800
13418	24	22	3570
13419	6	5	2970
13422	124	24	4290
13427	59	51	3960
13429	1	1	2190
13430	2	2	2490
13431	128	102	4300
13436	1	1	2190
13437	6	4	2970
13439	1	1	2190
13441	21	18	3510
13443	149	23	4370
13444	23	21	3550
13445	332	228	4710
13448	258	155	4600
13449	74	42	4060
13450	1	1	2190
13451	41	35	3810
13452	330	150	4710
13453	11	5	3230
13454	8	6	3100
13456	1	1	2190
13460	5	5	2890
13461	5	5	2890
13468	6	6	2970
13469	18	12	3450
13480	2	2	2490
13483	35	33	3740
13484	3	3	2670
13485	2	2	2490
13488	71	45	4040
13489	7	6	3040
13491	1517	970	5370
13493	920	640	5160
13499	2360	1502	5570
13500	4	2	2790
13503	3	3	2670
13504	324	271	4700
13508	3	3	2670
13509	25	14	3590
13511	1	1	2190
13520	2	2	2490
13521	40	34	3790
13522	3	3	2670
13523	1	1	2190
13526	60	45	3970
13527	10	10	3190
13529	32	28	3700
13535	177	128	4440
13536	411	296	4810
13537	4	4	2790
13538	9	7	3150
13540	199	145	4490
13541	13	12	3310
13542	1112	721	5240
13543	1293	1137	5300
13544	428	325	4820
13546	12	9	3270
13548	1	1	2190
13549	296	115	4660
13550	21	17	3510
13551	12	8	3270
13553	2	2	2490
13556	296	282	4660
13557	814	559	5100
13558	1	1	2190
13559	3	3	2670
13560	26	7	3610
13566	14	11	3340
13573	1	1	2190
13574	1	1	2190
13577	122675	23102	7280
13581	9	9	3150
13584	2	2	2490
13599	1	1	2190
13602	54	25	3930
13603	1	1	2190
13608	41	36	3810
13613	9	9	3150
13615	1	1	2190
13616	1	1	2190
13618	8	6	3100
13622	1	1	2190
13623	1	1	2190
13625	524	420	4910
13626	6	6	2970
13627	256	208	4600
13629	1	1	2190
13631	2	1	2490
13636	38	36	3770
13637	2	2	2490
13639	3	3	2670
13648	11	10	3230
13652	2	2	2490
13666	2	2	2490
13667	9	9	3150
13671	11	10	3230
13673	3	1	2670
13674	1	1	2190
13675	2	2	2490
13681	6	3	2970
13682	2	2	2490
13684	389	240	4780
13685	106	76	4220
13691	1	1	2190
13694	1	1	2190
13696	1	1	2190
13699	85	60	4120
13704	1	1	2190
13705	726	487	5050
13706	8463	3551	6120
13707	1	1	2190
13710	158	125	4390
13711	1	1	2190
13715	1	1	2190
13716	159	60	4390
13724	2	2	2490
13729	121	105	4280
13730	651	414	5010
13731	497	393	4890
13732	556	458	4940
13736	23	22	3550
13737	36	29	3750
13739	1	1	2190
13740	251	162	4590
13741	1	1	2190
13742	84	83	4120
13743	134	85	4320
13744	434	231	4830
13749	765	357	5080
13750	1	1	2190
13753	2	2	2490
13755	2	2	2490
13756	1	1	2190
13757	41	34	3810
13758	1	1	2190
13760	4545	2349	5850
13761	776	505	5080
13762	63	49	3990
13768	68	57	4030
13772	32	7	3700
13773	1034	645	5210
13777	326	176	4710
13778	57	40	3950
13779	15	14	3370
13780	23	17	3550
13781	17	13	3420
13782	19	16	3470
13785	1	1	2190
13788	21	17	3510
13792	3	3	2670
13794	938	524	5160
13795	215	144	4530
13797	1	1	2190
13799	9	8	3150
13801	1	1	2190
13806	3344	2303	5720
13807	51228	21121	6900
13808	600	600	4970
13812	8	6	3100
13814	6	6	2970
13815	22	14	3540
13817	13	9	3310
13818	1	1	2190
13822	85	63	4120
13823	3	2	2670
13831	17	17	3420
13832	2589	1190	5610
13833	1	1	2190
13836	1	1	2190
13838	24	23	3570
13842	6	5	2970
13848	15	13	3370
13849	8	7	3100
13850	963	686	5180
13851	1693	1125	5420
13852	7	7	3040
13855	1	1	2190
13856	17	16	3420
13858	266	202	4620
13859	783	502	5090
13860	155	128	4380
13862	3	3	2670
13863	15	12	3370
13869	19	17	3470
13872	7	7	3040
13876	3	2	2670
13877	1	1	2190
13879	3	2	2670
13882	20	13	3490
13886	15	13	3370
13887	4	3	2790
13888	1	1	2190
13891	34	24	3720
13892	1	1	2190
13903	715	510	5050
13904	325	267	4700
13905	163	141	4400
13907	192	30	4480
13908	893	661	5140
13909	218	184	4530
13912	14	11	3340
13915	33	23	3710
13918	210	153	4510
13923	75	55	4070
13924	2	2	2490
13925	1	1	2190
13927	2	2	2490
13928	80	50	4100
13930	75	69	4070
13934	15	12	3370
13936	41	26	3810
13937	1	1	2190
13938	1	1	2190
13942	6	4	2970
13943	228	165	4550
13944	2	2	2490
13945	366	218	4760
13946	181	151	4450
13948	4	4	2790
13950	198	155	4490
13951	5	5	2890
13952	1	1	2190
13953	13	6	3310
13955	1221	915	5280
13956	399	319	4790
13957	395	303	4790
13958	277	220	4640
13959	509	423	4900
13960	81	54	4100
13961	206	185	4510
13962	22	19	3540
13969	3	3	2670
13972	190	147	4470
13975	3	3	2670
13978	46	40	3860
13982	1	1	2190
13984	5	5	2890
13988	7	3	3040
13989	3	3	2670
13993	7	4	3040
13994	123	95	4280
14000	2	2	2490
14001	1	1	2190
14005	32	30	3700
14006	42523	41732	6820
14008	892	608	5140
14009	2	2	2490
14010	101	37	4200
14013	382	310	4770
14014	686	501	5030
14015	177	147	4440
14018	4	4	2790
14019	2	2	2490
14020	224	135	4540
14021	1461	621	5360
14022	759	467	5070
14023	424	196	4820
14024	2	2	2490
14025	1	1	2190
14028	11	3	3230
14031	35	22	3740
14033	4	4	2790
14034	7	4	3040
14036	7	6	3040
14037	627	492	4990
14040	160	131	4400
14042	1	1	2190
14045	11	10	3230
14046	6	5	2970
14047	100	86	4190
14048	152	96	4370
14049	628	388	4990
14052	1	1	2190
14054	5	3	2890
14055	1	1	2190
14056	7494	3554	6070
14057	29	25	3660
14058	266	206	4620
14059	4	4	2790
14064	19	11	3470
14077	2	2	2490
14079	20	19	3490
14080	2	2	2490
14081	35	29	3740
14082	1	1	2190
14085	2	1	2490
14086	76	60	4070
14090	3	3	2670
14092	1	1	2190
14098	64	53	4000
14099	81	63	4100
14103	1	1	2190
14106	2	2	2490
14113	1	1	2190
14114	54	44	3930
14115	363	162	4750
14116	156	125	4390
14117	765	373	5080
14118	200	149	4490
14119	1	1	2190
14121	93	78	4160
14122	46	44	3860
14124	9	8	3150
14129	42	23	3820
14130	1	1	2190
14131	1	1	2190
14132	7	7	3040
14134	4	4	2790
14141	7	7	3040
14142	8	4	3100
14146	50	36	3890
14147	881	507	5140
14148	263	188	4610
14149	11	10	3230
14154	507	273	4900
14155	8	7	3100
14157	137	95	4330
14158	1719	1084	5430
14159	563	369	4940
14160	237	198	4570
14161	10	10	3190
14162	48	38	3870
14163	4	4	2790
14172	5	4	2890
14173	4	4	2790
14174	2	2	2490
14175	7	6	3040
14179	1	1	2190
14180	1678	933	5420
14181	272	199	4630
14182	50	43	3890
14183	303	214	4670
14184	443	246	4840
14190	11	11	3230
14192	12	10	3270
14194	665	237	5020
14195	517	370	4910
14197	11	3	3230
14199	4	4	2790
14204	18	16	3450
14206	135	126	4320
14207	475	289	4870
14208	234	196	4560
14212	289	179	4650
14213	1335	646	5320
14222	2	2	2490
14226	1	1	2190
14238	47	32	3860
14239	7	7	3040
14241	339	223	4720
14243	65	59	4010
14244	2	2	2490
14247	30	25	3670
14248	297	222	4670
14249	1	1	2190
14253	55	43	3930
14259	6	6	2970
14264	19	8	3470
14265	516	413	4910
14266	1	1	2190
14267	1	1	2190
14268	37	34	3760
14269	1471	936	5360
14270	4555	3446	5850
14271	362	189	4750
14272	2	2	2490
14273	257	193	4600
14275	4	2	2790
14276	1664	876	5410
14277	2897	1206	5650
14278	93	67	4160
14284	23	20	3550
14285	18	15	3450
14287	6	6	2970
14291	1	1	2190
14292	2	1	2490
14293	1	1	2190
14299	1	1	2190
14300	3	3	2670
14309	2	2	2490
14313	1	1	2190
14320	52	31	3910
14329	7	7	3040
14337	1	1	2190
14340	2	1	2490
14341	37	27	3760
14342	16	12	3400
14344	3	2	2670
14346	154	116	4380
14347	725	411	5050
14348	42	28	3820
14349	12	10	3270
14350	11	8	3230
14352	112892	18138	7250
14353	1	1	2190
14354	417	336	4810
14355	10937	3393	6230
14356	3373	1471	5720
14357	214	175	4520
14358	1365	851	5330
14359	438	277	4830
14360	238	174	4570
14361	2	2	2490
14362	235	142	4560
14363	1397	635	5340
14364	1543	1028	5380
14365	609	415	4980
14366	363	289	4750
14367	384	290	4780
14368	173	143	4430
14369	67	51	4020
14370	292	237	4660
14371	171	143	4430
14373	1569	996	5390
14374	12	10	3270
14375	205	148	4500
14376	189	171	4470
14377	14	13	3340
14378	5	5	2890
14379	50	23	3890
14380	827	583	5110
14382	236	192	4570
14383	308	240	4680
14384	3048	2243	5680
14385	1063	596	5220
14386	225	158	4540
14387	228	193	4550
14388	165	133	4410
14389	304	228	4680
14390	17	16	3420
14391	55	53	3930
14394	1491	974	5370
14395	745	468	5060
14396	275	168	4630
14398	179	98	4450
14400	3	3	2670
14401	433	275	4830
14402	1	1	2190
14403	192	155	4480
14405	260	146	4610
14408	19	14	3470
14411	2	2	2490
14413	76	66	4070
14418	124	119	4290
14419	230	186	4550
14421	2	2	2490
14423	116	84	4260
14424	7	7	3040
14425	18	17	3450
14428	508	379	4900
14432	1	1	2190
14433	51	46	3900
14434	1	1	2190
14435	4562	2066	5850
14436	1646	1109	5410
14437	5	5	2890
14438	6	6	2970
14439	27	24	3620
14440	2	2	2490
14441	2017	1173	5500
14442	1343	803	5320
14443	12083	4325	6270
14444	2198	1605	5530
14445	1	1	2190
14446	5215	2373	5910
14447	1671	970	5420
14448	2	2	2490
14449	852	517	5120
14450	200	181	4490
14453	3	3	2670
14454	165	120	4410
14455	735	332	5060
14456	24	16	3570
14457	25	19	3590
14458	3	3	2670
14460	19	10	3470
14461	5	4	2890
14463	24	15	3570
14466	2	2	2490
14469	9	4	3150
14472	64	35	4000
14475	11	10	3230
14484	19	19	3470
14493	19	16	3470
14498	9	9	3150
14503	1	1	2190
14516	2	2	2490
14518	3	3	2670
14520	1	1	2190
14523	13	9	3310
14526	5	3	2890
14546	1	1	2190
14547	3	2	2670
14551	1	1	2190
14552	1	1	2190
14554	2	2	2490
14561	32	30	3700
14563	1	1	2190
14565	18	11	3450
14566	16	7	3400
14569	50	40	3890
14570	203	181	4500
14572	29	25	3660
14573	30	17	3670
14574	4	4	2790
14581	1	1	2190
14584	2	1	2490
14586	1	1	2190
14587	9	2	3150
14592	1	1	2190
14593	3	3	2670
14594	4	3	2790
14597	3	3	2670
14600	3	3	2670
14605	1	1	2190
14606	6	5	2970
14607	2	2	2490
14609	84	71	4120
14613	22	16	3540
14638	31	29	3680
14639	1	1	2190
14640	58	53	3960
14643	1	1	2190
14644	1	1	2190
14645	17	15	3420
14650	8	8	3100
14652	2	2	2490
14654	639	388	5000
14655	4	2	2790
14656	4	3	2790
14658	5	5	2890
14659	1	1	2190
14663	260	205	4610
14664	18	14	3450
14665	37	28	3760
14667	7	7	3040
14674	11	11	3230
14679	2	2	2490
14680	52	44	3910
14681	174	80	4430
14682	166	133	4410
14684	26	18	3610
14689	7	7	3040
14690	903	644	5150
14691	328	271	4710
14692	11029	6182	6240
14696	7	5	3040
14699	247	193	4590
14701	4	3	2790
14703	156	100	4390
14705	1095	841	5230
14706	5	5	2890
14709	814	651	5100
14710	261	206	4610
14711	8	7	3100
14713	70	27	4040
14717	16	11	3400
14720	8	5	3100
14722	53	42	3920
14726	43	39	3830
14731	1	1	2190
14736	1	1	2190
14738	2	2	2490
14742	2	2	2490
14744	1	1	2190
14748	9	9	3150
14752	54	28	3930
14753	6	6	2970
14761	14	12	3340
14775	2218	1283	5540
14776	13	10	3310
14777	5	5	2890
14778	391	229	4780
14779	21	17	3510
14780	11	11	3230
14781	1	1	2190
14783	70	62	4040
14785	24	18	3570
14787	3	3	2670
14790	3	3	2670
14791	1	1	2190
14795	10	10	3190
14796	1	1	2190
14799	5	2	2890
14801	154	138	4380
14804	9	7	3150
14808	1786	907	5440
14809	5	3	2890
14813	59	55	3960
14816	4	3	2790
14818	478	371	4870
14819	447	384	4840
14820	174	146	4430
14821	288	192	4650
14822	485	341	4880
14823	305	220	4680
14824	169	138	4420
14826	222	180	4540
14827	179	131	4450
14828	182	158	4450
14829	583	419	4960
14830	5	4	2890
14831	2	2	2490
14832	13	4	3310
14835	30	25	3670
14836	6	6	2970
14838	1918	928	5480
14840	187	125	4460
14841	647	545	5000
14842	1	1	2190
14843	12	10	3270
14844	18	17	3450
14845	62	47	3990
14846	1448	1370	5350
14848	83	76	4110
14849	4	4	2790
14850	21	20	3510
14852	9	7	3150
14853	2	2	2490
14856	1	1	2190
14857	36	30	3750
14858	151	132	4370
14859	175	150	4440
14862	119	102	4270
14865	2	2	2490
14866	35	26	3740
14868	1277	809	5300
14869	342	261	4730
14870	199	154	4490
14871	1	1	2190
14872	300	220	4670
14873	173	139	4430
14874	175	125	4440
14875	293	134	4660
14876	3	1	2670
14883	2	2	2490
14890	83	67	4110
14891	28	28	3640
14892	5	5	2890
14893	7	7	3040
14894	3	3	2670
14895	5	5	2890
14897	1	1	2190
14898	22	16	3540
14899	3	3	2670
14905	1	1	2190
14907	4	3	2790
14908	18	11	3450
14910	3	3	2670
14911	1	1	2190
14918	175	150	4440
14919	4	4	2790
14920	3	2	2670
14921	150	124	4370
14922	66	61	4010
14925	222	150	4540
14927	1	1	2190
14929	8	7	3100
14932	1	1	2190
14933	1	1	2190
14935	14	4	3340
14936	5	5	2890
14937	219	119	4530
14939	1	1	2190
14941	3	3	2670
14943	19	12	3470
14947	271	203	4630
14948	1244	782	5290
14949	1	1	2190
14951	1	1	2190
14953	1	1	2190
14955	810	408	5100
14961	4	4	2790
14964	3	3	2670
14966	2	1	2490
14967	12	9	3270
14972	7	6	3040
14973	16	7	3400
14980	213	157	4520
14982	119	106	4270
14987	103	68	4210
14988	22	19	3540
14990	17	17	3420
15000	7	6	3040
15001	11	5	3230
15004	11	10	3230
15006	4	3	2790
15007	9	8	3150
15008	13	9	3310
15010	2	2	2490
15011	6	3	2970
15012	3	3	2670
15013	150	118	4370
15014	311	219	4690
15015	2	1	2490
15016	30	26	3670
15021	1	1	2190
15022	1	1	2190
15023	13	6	3310
15028	1	1	2190
15032	4	2	2790
15034	1	1	2190
15037	531	269	4920
15038	259	156	4610
15042	31	13	3680
15043	18	6	3450
15044	1	1	2190
15046	6967	3563	6040
15047	55	40	3930
15049	2	2	2490
15050	43	13	3830
15051	186	147	4460
15054	34	33	3720
15055	1	1	2190
15056	10	9	3190
15058	2	2	2490
15066	59	49	3960
15067	2	2	2490
15068	2	2	2490
15071	10	9	3190
15074	2	2	2490
15075	11	11	3230
15078	11	10	3230
15082	2	2	2490
15083	4	4	2790
15085	32	9	3700
15087	8	6	3100
15089	3	3	2670
15096	2	2	2490
15100	9	7	3150
15112	29	26	3660
15115	9	9	3150
15119	2	2	2490
15122	8	7	3100
15125	3	3	2670
15126	1	1	2190
15128	4	2	2790
15132	4	3	2790
15135	14	13	3340
15136	1	1	2190
15137	1	1	2190
15138	1	1	2190
15139	8	8	3100
15142	1910	1139	5470
15143	741	568	5060
15144	40	30	3790
15145	13	10	3310
15147	17	8	3420
15149	1	1	2190
15155	1012	572	5200
15156	1968	896	5490
15163	15	15	3370
15165	1	1	2190
15172	3	3	2670
15173	8	7	3100
15174	3	2	2670
15177	9	4	3150
15183	3	3	2670
15186	139	96	4340
15187	27	26	3620
15189	1	1	2190
15192	10	10	3190
15193	468	265	4860
15194	2	2	2490
15198	868	457	5130
15199	20	17	3490
15200	8	8	3100
15201	25	20	3590
15202	9	4	3150
15206	471	300	4870
15209	10	9	3190
15210	158	96	4390
15211	243	139	4580
15212	8	8	3100
15214	4	3	2790
15219	25	20	3590
15221	130	101	4310
15222	65	48	4010
15226	11	9	3230
15229	18	16	3450
15230	11	11	3230
15232	1	1	2190
15233	103	68	4210
15234	418	270	4810
15237	3	3	2670
15238	38	36	3770
15241	166	128	4410
15242	4	3	2790
15245	436	338	4830
15247	40	28	3790
15252	8	7	3100
15260	5	3	2890
15266	2	2	2490
15269	646	300	5000
15273	35	33	3740
15275	34	28	3720
15276	192	121	4480
15278	1	1	2190
15282	3	3	2670
15286	1430	1282	5350
15287	2702	1737	5620
15289	221	173	4540
15290	7	7	3040
15291	1	1	2190
15293	849	680	5120
15294	1523	1027	5380
15296	1	1	2190
15297	1931	1291	5480
15300	17	13	3420
15301	11	10	3230
15302	224	224	4540
15303	15	8	3370
15304	2	1	2490
15308	22	19	3540
15309	468	348	4860
15310	1	1	2190
15312	44	35	3840
15313	62	50	3990
15314	2749	1583	5630
15315	251	195	4590
15316	9	8	3150
15317	240	202	4570
15318	30	25	3670
15319	98	63	4180
15320	283	171	4640
15321	3	3	2670
15327	68	52	4030
15328	1	1	2190
15329	1	1	2190
15330	19	18	3470
15331	2	2	2490
15332	7	6	3040
15334	649	503	5000
15338	1	1	2190
15339	12	10	3270
15344	16	15	3400
15349	2	2	2490
15350	3	3	2670
15351	10	8	3190
15356	34	14	3720
15359	1	1	2190
15362	1	1	2190
15365	30	16	3670
15366	1264	908	5290
15367	6	5	2970
15369	8	8	3100
15370	105	85	4210
15373	4	4	2790
15376	12	11	3270
15377	4	4	2790
15379	161	122	4400
15380	317	242	4690
15381	2	2	2490
15383	387	301	4780
15385	3	3	2670
15393	15	11	3370
15394	9	7	3150
15396	2	1	2490
15401	14	12	3340
15403	1	1	2190
15404	2	1	2490
15406	3	3	2670
15409	1	1	2190
15410	32003	14667	6700
15416	7	6	3040
15417	1	1	2190
15421	88	60	4140
15422	5	4	2890
15423	5	5	2890
15425	2	2	2490
15426	4	2	2790
15428	3	2	2670
15439	3	2	2670
15441	1	1	2190
15442	16	16	3400
15446	4	3	2790
15450	1	1	2190
15451	1	1	2190
15452	50	37	3890
15455	1	1	2190
15456	1	1	2190
15457	1	1	2190
15459	3	3	2670
15460	6	3	2970
15466	11	8	3230
15467	5	5	2890
15468	26	24	3610
15469	1	1	2190
15473	1	1	2190
15474	1	1	2190
15480	73	58	4060
15482	3	3	2670
15494	7	6	3040
15496	7	7	3040
15501	23	18	3550
15503	28	24	3640
15504	55	47	3930
15506	203	137	4500
15507	5	4	2890
15508	1	1	2190
15511	55	50	3930
15512	1	1	2190
15513	2	2	2490
15515	4	4	2790
15519	1	1	2190
15521	44	26	3840
15522	27	13	3620
15525	9	6	3150
15527	29	16	3660
15532	3	3	2670
15535	161	66	4400
15541	2	1	2490
15543	180	65	4450
15544	198	198	4490
15545	479	303	4870
15547	2	2	2490
15548	69	50	4030
15554	14	11	3340
15558	1	1	2190
15559	27	24	3620
15560	99	77	4190
15561	6	3	2970
15562	33	27	3710
15566	10	10	3190
15573	5	5	2890
15575	1	1	2190
15576	565	312	4940
15586	11	9	3230
15587	1	1	2190
15590	1	1	2190
15591	9	7	3150
15592	19	13	3470
15594	1	1	2190
15596	1	1	2190
15599	2	2	2490
15601	6	5	2970
15602	781	440	5090
15603	390	211	4780
15604	1	1	2190
15612	1	1	2190
15614	21	11	3510
15616	71	39	4040
15617	9	8	3150
15618	14	8	3340
15619	17	7	3420
15623	6	6	2970
15624	30	25	3670
15625	7	7	3040
15626	21	17	3510
15629	5	5	2890
15630	4	4	2790
15631	1	1	2190
15634	1	1	2190
15636	1	1	2190
15639	2	2	2490
15640	8	7	3100
15641	15	9	3370
15642	1	1	2190
15647	6	5	2970
15648	1592	619	5390
15650	1	1	2190
15654	7	7	3040
15656	1	1	2190
15657	4	3	2790
15659	1	1	2190
15661	1	1	2190
15662	9	8	3150
15663	9	8	3150
15664	1	1	2190
15666	124	35	4290
15667	88	69	4140
15668	112	54	4240
15669	85	64	4120
15671	298	155	4670
15672	94	45	4170
15674	7	6	3040
15676	6	5	2970
15677	2	2	2490
15678	87	83	4130
15679	2	2	2490
15684	9	9	3150
15686	133	120	4320
15688	2	2	2490
15692	1	1	2190
15694	296	194	4660
15695	44	40	3840
15699	1	1	2190
15700	5	3	2890
15705	3	3	2670
15706	3	2	2670
15707	46	36	3860
15709	73	59	4060
15710	22	15	3540
15714	4	3	2790
15717	1	1	2190
15718	1172	497	5260
15719	11	8	3230
15721	4	4	2790
15722	1691	641	5420
15723	63	36	3990
15724	1	1	2190
15725	4	2	2790
15727	10	9	3190
15732	81	49	4100
15734	83	50	4110
15735	3	1	2670
15736	2	2	2490
15737	9	7	3150
15738	6	6	2970
15743	1	1	2190
15744	11	9	3230
15747	8	8	3100
15754	14	9	3340
15758	47	41	3860
15759	2	1	2490
15760	10	8	3190
15761	1	1	2190
15762	20	12	3490
15767	4	4	2790
15772	90	52	4150
15773	495	250	4890
15775	326	196	4710
15777	80	59	4100
15781	1312	1089	5310
15782	3	3	2670
15783	336	298	4720
15784	714	503	5050
15787	345	343	4730
15788	1	1	2190
15792	784	431	5090
15793	265	188	4620
15794	31	28	3680
15797	346	209	4730
15798	242	186	4580
15800	2	2	2490
15804	15	14	3370
15805	1306	851	5310
15806	2661	1365	5620
15807	1	1	2190
15809	12	12	3270
15811	2	2	2490
15814	34	21	3720
15815	6	5	2970
15821	7	7	3040
15825	495	125	4890
15826	145	78	4350
15828	21	14	3510
15829	2	1	2490
15831	5	3	2890
15832	1	1	2190
15852	2	2	2490
15860	180	137	4450
15861	515	282	4900
15865	6	5	2970
15867	20	15	3490
15868	548	310	4930
15869	7	6	3040
15870	13	10	3310
15871	4	4	2790
15872	33	27	3710
15874	3	3	2670
15876	2	2	2490
15878	15	10	3370
15881	3	3	2670
15884	8	8	3100
15885	1	1	2190
15891	1	1	2190
15892	52	40	3910
15893	12	12	3270
15895	1	1	2190
15902	3	2	2670
15903	1	1	2190
15904	3	3	2670
15905	1	1	2190
15906	2	2	2490
15908	1	1	2190
15910	1	1	2190
15916	1	1	2190
15917	2	2	2490
15922	45	39	3850
15923	8	4	3100
15926	3	3	2670
15928	1	1	2190
15929	233	165	4560
15932	35	13	3740
15933	25	13	3590
15934	8	6	3100
15935	132	78	4310
15938	19	17	3470
15939	8	8	3100
15940	941	805	5170
15942	1328	674	5320
15943	179	131	4450
15944	41	34	3810
15945	47	43	3860
15947	2	2	2490
15948	889	521	5140
15949	479	294	4870
15951	1	1	2190
15953	3	3	2670
15954	17	15	3420
15957	2185	1366	5530
15959	2	2	2490
15960	13	12	3310
15962	4	3	2790
15968	18	12	3450
15969	11	9	3230
15970	1	1	2190
15972	8	7	3100
15977	117	92	4260
15978	170	133	4420
15981	60	42	3970
15982	30	24	3670
15985	1	1	2190
15987	359	135	4750
15988	245	165	4580
15989	133	116	4320
15990	390	207	4780
15991	361	188	4750
15992	860	429	5130
15998	48	34	3870
16000	2	2	2490
16001	5	5	2890
16003	2	2	2490
16007	39	30	3780
16009	11	9	3230
16010	57	48	3950
16013	8	8	3100
16014	9	6	3150
16015	9	9	3150
16017	45	35	3850
16022	8	6	3100
16023	438	353	4830
16025	112	99	4240
16026	589	502	4960
16028	88	67	4140
16031	28	24	3640
16033	165	127	4410
16037	12	7	3270
16041	1	1	2190
16043	2	2	2490
16047	1	1	2190
16048	75	43	4070
16049	60	53	3970
16052	153	57	4380
16053	1	1	2190
16054	5	4	2890
16058	1	1	2190
16061	35	26	3740
16063	26	24	3610
16065	3	2	2670
16068	1	1	2190
16070	57	42	3950
16074	1219	978	5280
16080	17	15	3420
16081	32	27	3700
16082	3	2	2670
16083	3	2	2670
16085	36	30	3750
16093	2	2	2490
16094	12	6	3270
16095	4	3	2790
16101	9	7	3150
16105	344	344	4730
16106	40	29	3790
16110	67	40	4020
16111	48	27	3870
16113	2	1	2490
16114	2946	2946	5660
16116	4	1	2790
16126	1	1	2190
16129	8072	2944	6100
16134	35	26	3740
16136	11	8	3230
16137	16	10	3400
16140	442	239	4840
16141	25	18	3590
16142	1	1	2190
16143	1	1	2190
16144	22	19	3540
16145	8	6	3100
16147	146	145	4360
16148	2	2	2490
16152	1854	774	5460
16153	73	53	4060
16154	15379	6996	6380
16158	83	37	4110
16165	8	3	3100
16169	52	16	3910
16172	39	27	3780
16174	2	1	2490
16176	1	1	2190
16178	10	9	3190
16179	1	1	2190
16181	62	5	3990
16192	2	2	2490
16193	1	1	2190
16197	169	120	4420
16198	207	130	4510
16200	35	29	3740
16203	17	14	3420
16206	197	127	4490
16207	45	39	3850
16209	20109	6437	6500
16210	64	54	4000
16213	1	1	2190
16216	290	224	4660
16222	201	135	4500
16223	72	59	4050
16228	2	2	2490
16229	2	2	2490
16237	5	4	2890
16238	200	161	4490
16240	13	13	3310
16247	28	14	3640
16249	5	3	2890
16254	26	20	3610
16256	608	448	4980
16257	861	443	5130
16259	13	12	3310
16268	181	128	4450
16269	1	1	2190
16270	11	5	3230
16277	2	2	2490
16280	26	13	3610
16284	13	12	3310
16288	1	1	2190
16289	19	11	3470
16291	6	6	2970
16294	1	1	2190
16303	1	1	2190
16308	3	3	2670
16309	35	26	3740
16311	2	2	2490
16312	1	1	2190
16313	1	1	2190
16314	6	5	2970
16315	128	109	4300
16320	9	6	3150
16321	90	43	4150
16323	6	3	2970
16324	1563	557	5390
16325	2	2	2490
16329	1	1	2190
16330	1	1	2190
16332	10	9	3190
16333	2	2	2490
16334	2	2	2490
16335	1	1	2190
16337	4	4	2790
16343	1	1	2190
16346	6	5	2970
16351	29	23	3660
16353	1	1	2190
16355	49	38	3880
16357	25	24	3590
16360	1	1	2190
16373	116	55	4260
16374	6	6	2970
16380	1	1	2190
16381	116	85	4260
16384	2	2	2490
16385	9	8	3150
16389	467	329	4860
16392	33	32	3710
16393	10	8	3190
16394	24	18	3570
16397	2	2	2490
16403	295	228	4660
16404	855	488	5120
16405	168	143	4420
16406	10	9	3190
16408	940	472	5170
16409	121	47	4280
16410	5	5	2890
16412	1	1	2190
16414	1	1	2190
16415	10	9	3190
16418	1	1	2190
16419	50	28	3890
16420	3	3	2670
16421	2	2	2490
16424	12	11	3270
16425	13	9	3310
16426	3	3	2670
16427	1	1	2190
16435	45	43	3850
16441	23	18	3550
16442	52	46	3910
16446	3	3	2670
16448	3	3	2670
16449	3	1	2670
16453	14	11	3340
16454	7	5	3040
16455	16	13	3400
16456	295	197	4660
16461	1082	636	5230
16463	362	163	4750
16464	18	16	3450
16472	36	33	3750
16473	1	1	2190
16474	18	12	3450
16475	53	36	3920
16477	1	1	2190
16479	13	12	3310
16480	2	2	2490
16481	18	16	3450
16482	3	3	2670
16484	1	1	2190
16485	7	5	3040
16486	3	2	2670
16489	2	1	2490
16494	1	1	2190
16497	12	11	3270
16500	1	1	2190
16503	4	2	2790
16506	6	5	2970
16509	512	225	4900
16510	5	4	2890
16511	15	11	3370
16512	168	120	4420
16513	2	2	2490
16517	11	11	3230
16524	1	1	2190
16525	10	9	3190
16529	14	14	3340
16530	4	3	2790
16531	1	1	2190
16539	1	1	2190
16542	2	1	2490
16543	12	12	3270
16547	20	12	3490
16549	12	12	3270
16550	1	1	2190
16551	1	1	2190
16554	44	28	3840
16556	2	2	2490
16557	1	1	2190
16560	2	2	2490
16564	305	177	4680
16567	427	208	4820
16568	312	217	4690
16569	8	7	3100
16578	71	62	4040
16579	12	10	3270
16580	16	15	3400
16581	11	10	3230
16585	2	2	2490
16586	1	1	2190
16589	3	3	2670
16593	5	4	2890
16595	12	10	3270
16596	7	5	3040
16597	12	3	3270
16599	7	6	3040
16606	3	3	2670
16608	11	10	3230
16609	1	1	2190
16610	15	13	3370
16616	6	5	2970
16618	1	1	2190
16620	1	1	2190
16627	53	50	3920
16633	11	7	3230
16634	10	8	3190
16639	5	3	2890
16641	48	33	3870
16643	164	100	4410
16645	1	1	2190
16646	42	41	3820
16657	232	166	4560
16658	297	220	4670
16663	245	137	4580
16664	3	2	2670
16666	265	167	4620
16667	19	13	3470
16668	1	1	2190
16672	2	2	2490
16675	2518	1705	5590
16677	4	4	2790
16679	3	3	2670
16681	1	1	2190
16682	2	2	2490
16683	49	40	3880
16686	1	1	2190
16688	26	23	3610
16690	4	2	2790
16693	7	6	3040
16695	80	60	4100
16699	29	18	3660
16700	17	15	3420
16701	8	4	3100
16702	1	1	2190
16703	1	1	2190
16704	2	2	2490
16705	2	1	2490
16706	12	4	3270
16713	16	9	3400
16714	6	5	2970
16715	6	5	2970
16716	3	2	2670
16729	1	1	2190
16730	1	1	2190
16732	27	25	3620
16733	267	160	4620
16734	5	5	2890
16738	4	1	2790
16739	3	3	2670
16740	46	27	3860
16743	9	8	3150
16744	2	2	2490
16747	1	1	2190
16752	2	2	2490
16755	2	2	2490
16768	7	6	3040
16770	2	2	2490
16774	1	1	2190
16779	3	3	2670
16780	9	8	3150
16781	16	13	3400
16791	3	3	2670
16793	25	10	3590
16795	9	3	3150
16796	1	1	2190
16800	1	1	2190
16801	1	1	2190
16802	1	1	2190
16806	1	1	2190
16807	1	1	2190
16809	21	21	3510
16812	52	44	3910
16813	1	1	2190
16814	7	6	3040
16815	1	1	2190
16816	62	58	3990
16817	36	28	3750
16818	97	84	4180
16824	1	1	2190
16825	1	1	2190
16826	1	1	2190
16827	7	3	3040
16828	64	39	4000
16830	3	3	2670
16831	3	2	2670
16832	13	13	3310
16833	1	1	2190
16835	232	159	4560
16837	59	58	3960
16840	5	5	2890
16846	17	16	3420
16847	1	1	2190
16850	9	8	3150
16859	4	3	2790
16860	9	6	3150
16863	5	4	2890
16866	6	5	2970
16868	1	1	2190
16870	1	1	2190
16871	157	94	4390
16872	249	126	4590
16873	3	2	2670
16874	14	13	3340
16875	1	1	2190
16878	1	1	2190
16883	102	71	4200
16884	2	1	2490
16886	363	279	4750
16887	13	12	3310
16888	152	139	4370
16889	3	3	2670
16890	33	30	3710
16892	37	16	3760
16893	3	3	2670
16894	1	1	2190
16903	2	2	2490
16916	3	3	2670
16917	6	6	2970
16918	2	2	2490
16921	6	6	2970
16922	17	12	3420
16925	1	1	2190
16927	41	34	3810
16928	231	188	4560
16930	2	2	2490
16931	4	4	2790
16933	2	1	2490
16936	1	1	2190
16937	1	1	2190
16950	1	1	2190
16962	10	9	3190
16963	4	4	2790
16965	2	2	2490
16969	2	2	2490
16977	1	1	2190
16978	3	2	2670
16982	1	1	2190
16983	6	3	2970
16988	17	15	3420
16990	1	1	2190
16994	19	10	3470
16999	1	1	2190
17000	1	1	2190
17002	2	2	2490
17006	5	3	2890
17015	5	4	2890
17023	2	2	2490
17027	1	1	2190
17036	2	2	2490
17039	6	3	2970
17042	2	2	2490
17048	1	1	2190
17049	102	85	4200
17050	116	94	4260
17053	1	1	2190
17064	9	6	3150
17065	7	4	3040
17066	2	2	2490
17067	2	2	2490
17068	199	89	4490
17069	3	3	2670
17074	94	48	4170
17075	1	1	2190
17076	70	61	4040
17077	13	11	3310
17079	22	18	3540
17080	18	14	3450
17081	83	12	4110
17082	36	30	3750
17083	287	200	4650
17084	5	5	2890
17090	2	2	2490
17091	26	12	3610
17092	1	1	2190
17094	4	4	2790
17095	2	1	2490
17104	47	41	3860
17107	1	1	2190
17108	21	17	3510
17109	37	21	3760
17113	4	4	2790
17118	1	1	2190
17120	1	1	2190
17124	1	1	2190
17125	1	1	2190
17126	4	3	2790
17129	916	885	5150
17130	1227	1227	5280
17131	2	2	2490
17132	11	6	3230
17133	995	548	5190
17134	2	2	2490
17135	3	3	2670
17136	27	18	3620
17137	1905	1025	5470
17139	3	3	2670
17140	111	81	4240
17141	4	3	2790
17143	2832	388	5640
17148	2	2	2490
17154	80	70	4100
17156	753	325	5070
17158	8	8	3100
17161	43	36	3830
17162	193	121	4480
17163	2	2	2490
17165	2	2	2490
17170	3	3	2670
17174	155	109	4380
17175	53	49	3920
17176	2	1	2490
17182	180	132	4450
17184	22	21	3540
17187	1	1	2190
17191	1	1	2190
17194	10	9	3190
17196	133	117	4320
17209	2	2	2490
17211	8	6	3100
17212	6	4	2970
17215	13	10	3310
17219	2	2	2490
17222	1	1	2190
17224	699	460	5040
17225	556	258	4940
17226	677	488	5020
17227	6	4	2970
17228	237	237	4570
17229	523	256	4910
17230	2	2	2490
17231	17	17	3420
17233	140	120	4340
17238	6	5	2970
17239	2	2	2490
17240	42	35	3820
17241	19	18	3470
17242	2	2	2490
17243	86	53	4130
17244	57	32	3950
17246	6	5	2970
17249	1	1	2190
17252	1	1	2190
17256	20	15	3490
17259	11	8	3230
17260	2	2	2490
17270	1	1	2190
17280	54	49	3930
17281	23	21	3550
17282	276	146	4630
17286	7	6	3040
17288	2	2	2490
17289	2	1	2490
17298	585	333	4960
17299	116	82	4260
17300	1	1	2190
17301	25	21	3590
17305	5	2	2890
17307	2	2	2490
17308	25	17	3590
17309	11	6	3230
17310	63	44	3990
17312	2	2	2490
17315	345	342	4730
17318	4	3	2790
17319	1	1	2190
17321	1	1	2190
17322	1	1	2190
17325	12	12	3270
17327	8	7	3100
17329	12	11	3270
17330	22	21	3540
17342	4	4	2790
17343	3	3	2670
17344	1	1	2190
17346	14	6	3340
17347	23	20	3550
17349	1	1	2190
17350	27	25	3620
17353	9	7	3150
17355	1	1	2190
17356	7	3	3040
17357	20	12	3490
17358	2	1	2490
17359	51	39	3900
17360	4	4	2790
17369	1	1	2190
17371	1	1	2190
17372	4	4	2790
17374	327	195	4710
17375	1251	643	5290
17379	289	218	4650
17386	1	1	2190
17387	1	1	2190
17388	3	3	2670
17389	55	41	3930
17393	17	10	3420
17394	4	4	2790
17398	10	2	3190
17401	1	1	2190
17402	169	131	4420
17404	19	18	3470
17406	3	3	2670
17415	2	2	2490
17419	68	26	4030
17423	76	61	4070
17424	1	1	2190
17425	2	2	2490
17426	1	1	2190
17431	48	22	3870
17434	2936	1496	5660
17435	2	2	2490
17444	278	180	4640
17445	2	2	2490
17446	59	39	3960
17447	5	4	2890
17449	10325	4606	6210
17451	589	394	4960
17452	28	26	3640
17453	2115	1114	5520
17455	1	1	2190
17456	2	2	2490
17461	2278	2210	5550
17462	1482	1481	5360
17463	1481	1439	5360
17464	565	264	4940
17465	1	1	2190
17466	307	217	4680
17467	175	126	4440
17472	1606	962	5400
17473	770	449	5080
17474	340	223	4720
17475	133	97	4320
17477	3	2	2670
17480	8	8	3100
17484	1	1	2190
17487	2	2	2490
17495	4	4	2790
17498	188	49	4470
17500	17	16	3420
17503	5	4	2890
17504	1	1	2190
17507	23	16	3550
17511	25	21	3590
17513	93	58	4160
17514	10	10	3190
17515	153	126	4380
17518	2	2	2490
17519	9	8	3150
17520	3	3	2670
17521	1	1	2190
17522	247	180	4590
17524	2	2	2490
17527	9	4	3150
17528	11	8	3230
17531	347	245	4730
17532	3	2	2670
17536	364	249	4750
17537	6	6	2970
17538	23	22	3550
17539	52	46	3910
17540	5	5	2890
17541	1	1	2190
17545	8	7	3100
17551	2	2	2490
17557	1	1	2190
17560	50	20	3890
17561	343	172	4730
17562	1	1	2190
17567	8	8	3100
17572	1	1	2190
17581	2	2	2490
17582	20	6	3490
17588	504	349	4900
17589	64	35	4000
17590	370	156	4760
17591	110	80	4230
17595	9	5	3150
17596	5	5	2890
17597	81	36	4100
17598	11	9	3230
17599	2	2	2490
17600	4	3	2790
17603	1	1	2190
17604	1	1	2190
17607	1	1	2190
17608	24	15	3570
17609	2	2	2490
17612	23	17	3550
17621	4	4	2790
17636	386	381	4780
17639	1	1	2190
17642	2	1	2490
17644	4	4	2790
17645	8	8	3100
17646	83	66	4110
17647	17	15	3420
17649	7	7	3040
17652	1	1	2190
17653	1	1	2190
17656	1	1	2190
17659	71	60	4040
17660	353	225	4740
17668	1	1	2190
17669	9	7	3150
17671	1	1	2190
17673	6	6	2970
17677	144	94	4350
17680	167	121	4420
17686	30	23	3670
17687	56	25	3940
17692	1	1	2190
17694	1	1	2190
17696	1	1	2190
17699	10	10	3190
17703	2	2	2490
17704	12	9	3270
17707	3	3	2670
17709	7	5	3040
17711	1	1	2190
17715	179	148	4450
17716	4	4	2790
17717	2	2	2490
17718	127	39	4300
17719	8	8	3100
17720	2	2	2490
17722	2	2	2490
17723	17	17	3420
17727	27	21	3620
17728	2	2	2490
17731	6	6	2970
17734	1	1	2190
17738	5	2	2890
17739	22	22	3540
17740	31	27	3680
17741	2	2	2490
17742	6	2	2970
17747	5	5	2890
17748	5	5	2890
17751	30	22	3670
17752	19	19	3470
17754	10	9	3190
17759	180	143	4450
17760	100	83	4190
17761	1	1	2190
17773	2	2	2490
17774	6	5	2970
17776	1	1	2190
17783	33	25	3710
17784	1	1	2190
17785	1	1	2190
17788	1	1	2190
17792	12	9	3270
17796	11	2	3230
17798	4	4	2790
17807	2	2	2490
17817	1	1	2190
17820	1	1	2190
17827	3	3	2670
17829	1	1	2190
17834	1	1	2190
17836	12	10	3270
17851	13	12	3310
17857	306	193	4680
17858	2	2	2490
17866	853	533	5120
17867	41	36	3810
17874	316	205	4690
17875	1	1	2190
17876	4	4	2790
17879	732	527	5060
17881	37	23	3760
17883	170	96	4420
17884	1220	873	5280
17885	2	1	2490
17887	2	2	2490
17888	744	295	5060
17889	411	406	4810
17890	2	2	2490
17892	3	2	2670
17894	11	9	3230
17895	8	7	3100
17904	2	2	2490
17910	39	25	3780
17912	1	1	2190
17915	511	301	4900
17921	37	30	3760
17927	61	28	3980
17928	2	2	2490
17938	1	1	2190
17940	25	20	3590
17945	1	1	2190
17957	30	27	3670
17959	20	15	3490
17961	1	1	2190
17962	853	651	5120
17963	7	7	3040
17965	2170	1263	5530
17966	431	291	4830
17968	208	167	4510
17969	686	561	5030
17970	404	311	4800
17971	1	1	2190
17972	18	15	3450
17973	366	206	4760
17975	1	1	2190
17976	871	439	5130
17981	11	8	3230
17984	571	379	4950
17985	347	221	4730
17986	41363	41309	6810
17987	972	954	5180
17988	7085	5834	6040
18000	36	27	3750
18002	17	15	3420
18003	2156	1331	5530
18004	202	167	4500
18005	85	81	4120
18007	1	1	2190
18008	1	1	2190
18012	1	1	2190
18018	16	14	3400
18019	1	1	2190
18034	66	57	4010
18039	45	33	3850
18040	1	1	2190
18048	3	1	2670
18054	1	1	2190
18055	1	1	2190
18057	52	38	3910
18058	1	1	2190
18061	128	128	4300
18064	45	9	3850
18065	3387	1884	5720
18068	1	1	2190
18070	2	2	2490
18072	1	1	2190
18073	29	14	3660
18076	85	70	4120
18077	4	3	2790
18078	3	3	2670
18080	1	1	2190
18081	1	1	2190
18082	226	125	4550
18083	2	2	2490
18089	17	13	3420
18094	1	1	2190
18097	1	1	2190
18101	439	320	4840
18104	12	7	3270
18109	10	9	3190
18111	503	242	4890
18112	1233	583	5280
18114	21	15	3510
18119	19	13	3470
18120	1	1	2190
18121	5	5	2890
18122	1	1	2190
18125	316	149	4690
18126	9	5	3150
18127	1958	1270	5480
18128	306	205	4680
18129	162	66	4400
18131	89	52	4140
18133	22	17	3540
18135	2	2	2490
18136	1	1	2190
18137	37	28	3760
18138	164	137	4410
18141	9	8	3150
18143	2	2	2490
18147	8149	6193	6100
18151	3	3	2670
18154	972	485	5180
18155	253	198	4600
18161	12	10	3270
18164	3014	1835	5670
18165	526	352	4910
18166	186	150	4460
18168	301	194	4670
18169	475	338	4870
18173	323	211	4700
18175	38	34	3770
18176	42	37	3820
18177	12	11	3270
18178	288	212	4650
18179	2	2	2490
18185	64	47	4000
18188	2	2	2490
18193	15	11	3370
18194	9	9	3150
18195	3	2	2670
18198	6	6	2970
18199	15	11	3370
18205	11	9	3230
18209	261	164	4610
18210	5	5	2890
18211	352	178	4740
18212	23	12	3550
18213	1	1	2190
18215	10	8	3190
18219	14	12	3340
18222	3814	3745	5770
18224	15	10	3370
18225	4	3	2790
18226	1	1	2190
18227	10	7	3190
18228	2	1	2490
18231	7	6	3040
18234	15	2	3370
18236	34	25	3720
18237	4	3	2790
18239	9	7	3150
18240	11	10	3230
18242	10	9	3190
18243	2	2	2490
18244	35	25	3740
18245	4	2	2790
18251	1	1	2190
18253	203	115	4500
18254	16	11	3400
18255	39	37	3780
18256	6	4	2970
18257	2	2	2490
18258	13	13	3310
18259	74	66	4060
18260	3	3	2670
18261	4	4	2790
18262	18	16	3450
18264	198	54	4490
18265	3	3	2670
18267	2	2	2490
18268	38	32	3770
18270	10	10	3190
18271	60	52	3970
18272	10	10	3190
18273	1	1	2190
18274	57	49	3950
18275	96	84	4170
18276	7	7	3040
18277	62	46	3990
18278	3	3	2670
18280	1	1	2190
18282	5	5	2890
18284	499	367	4890
18285	219	149	4530
18287	169	120	4420
18288	14	9	3340
18290	69	64	4030
18291	79	63	4090
18292	263	139	4610
18293	1	1	2190
18296	1	1	2190
18312	1	1	2190
18315	4	3	2790
18319	130	94	4310
18322	337	244	4720
18323	860	595	5130
18325	443	310	4840
18326	1	1	2190
18327	10	6	3190
18332	11	8	3230
18335	2	2	2490
18337	2	2	2490
18338	1	1	2190
18343	3	2	2670
18345	1	1	2190
18347	8	7	3100
18356	1	1	2190
18358	9	3	3150
18360	89	62	4140
18361	4	3	2790
18362	1	1	2190
18365	5	5	2890
18367	3	3	2670
18368	54	37	3930
18372	1	1	2190
18373	11	9	3230
18375	12	5	3270
18380	1	1	2190
18389	3	2	2670
18391	9	8	3150
18392	2	2	2490
18393	1	1	2190
18394	107	71	4220
18395	93	42	4160
18400	4	1	2790
18401	19	15	3470
18402	7	7	3040
18403	10	9	3190
18406	2	2	2490
18409	7	4	3040
18412	3	3	2670
18413	178	138	4440
18416	1	1	2190
18417	4	4	2790
18420	5	5	2890
18421	1	1	2190
18422	2	2	2490
18424	1	1	2190
18425	26	16	3610
18429	1	1	2190
18436	2	2	2490
18440	42	32	3820
18444	22	15	3540
18445	2	2	2490
18448	132	73	4310
18454	1	1	2190
18455	7904	3878	6090
18456	301	220	4670
18458	14628	14283	6360
18459	3	3	2670
18460	49	45	3880
18461	49	36	3880
18463	89	37	4140
18464	1310	698	5310
18465	170	126	4420
18467	3414	2123	5730
18468	16114	15043	6400
18469	1107	887	5240
18471	1	1	2190
18472	9	6	3150
18473	43	24	3830
18475	2	2	2490
18480	2	2	2490
18499	12	10	3270
18500	146	77	4360
18506	10	7	3190
18509	5	4	2890
18510	76	64	4070
18511	174	93	4430
18512	3	3	2670
18518	47	38	3860
18519	11	4	3230
18523	4	3	2790
18526	2	2	2490
18532	1	1	2190
18544	9	9	3150
18548	59	22	3960
18549	12	11	3270
18550	1	1	2190
18554	2	2	2490
18555	1	1	2190
18556	14	5	3340
18558	2	2	2490
18564	5	5	2890
18568	2	2	2490
18577	1	1	2190
18578	12	12	3270
18579	5	5	2890
18588	2	2	2490
18589	3	3	2670
18594	3	2	2670
18601	4	4	2790
18603	1	1	2190
18605	1	1	2190
18609	17	14	3420
18612	1	1	2190
18615	1	1	2190
18616	14	12	3340
18617	20	6	3490
18618	11	8	3230
18619	1	1	2190
18634	2	2	2490
18636	33	25	3710
18638	11	7	3230
18639	1	1	2190
18641	3	3	2670
18642	3	3	2670
18646	49	39	3880
18647	22	21	3540
18648	5	5	2890
18649	139	93	4340
18650	6	4	2970
18651	1	1	2190
18652	8	8	3100
18653	6	6	2970
18654	3	1	2670
18658	3	3	2670
18661	2	2	2490
18667	1	1	2190
18668	1	1	2190
18669	10	10	3190
18671	15	12	3370
18673	1	1	2190
18681	54	42	3930
18682	4	3	2790
18686	6	4	2970
18688	1	1	2190
18689	4	4	2790
18693	37	26	3760
18694	3	3	2670
18696	26	18	3610
18697	54	32	3930
18700	587	292	4960
18701	19	12	3470
18703	6	6	2970
18705	2	2	2490
18707	27	17	3620
18710	37	17	3760
18711	9	9	3150
18713	65	50	4010
18714	38	28	3770
18715	31	19	3680
18718	35	28	3740
18720	13	8	3310
18721	13	9	3310
18723	1	1	2190
18727	8	8	3100
18733	6196	3079	5980
18735	7044	2892	6040
18736	199	158	4490
18737	1360	878	5330
18738	461	322	4860
18739	3299	1442	5710
18740	550	342	4930
18741	6459	3269	6000
18743	1	1	2190
18744	14678	7289	6360
18745	841	556	5120
18747	309	233	4680
18749	2510	2507	5590
18750	1	1	2190
18753	5	5	2890
18758	3	1	2670
18763	2	1	2490
18765	84	72	4120
18766	101	78	4200
18767	141	119	4340
18768	9	6	3150
18769	252	188	4590
18770	160	84	4400
18774	2	2	2490
18776	37	31	3760
18788	12	12	3270
18789	1	1	2190
18794	74	58	4060
18796	65	53	4010
18800	3	3	2670
18801	5	5	2890
18807	46	40	3860
18808	3	3	2670
18810	4	4	2790
18813	1	1	2190
18819	16	13	3400
18820	2	2	2490
18821	2	2	2490
18830	28	18	3640
18831	281	227	4640
18832	203	154	4500
18833	15	10	3370
18837	10	9	3190
18839	9	9	3150
18842	6	4	2970
18845	214	186	4520
18847	1	1	2190
18849	31	18	3680
18850	2	2	2490
18851	930	655	5160
18853	1125	695	5240
18854	759	506	5070
18856	1	1	2190
18857	75	44	4070
18858	2	2	2490
18861	12	9	3270
18868	6	5	2970
18876	305	184	4680
18878	4	4	2790
18883	3	3	2670
18892	1	1	2190
18893	81	53	4100
18894	19	8	3470
18895	3	2	2670
18900	1	1	2190
18904	3	3	2670
18907	8	7	3100
18911	67	52	4020
18915	2	1	2490
18920	5	5	2890
18922	4	3	2790
18925	17	17	3420
18932	766	526	5080
18933	49	45	3880
18935	64	54	4000
18936	52	50	3910
18937	4	4	2790
18938	1	1	2190
18939	50	41	3890
18941	1	1	2190
18942	4	4	2790
18943	4	4	2790
18944	53	48	3920
18955	1	1	2190
18956	441	297	4840
18957	1	1	2190
18959	7	5	3040
18960	14	6	3340
18961	9	9	3150
18962	11	11	3230
18963	3	2	2670
18964	54	46	3930
18967	8	7	3100
18968	5	4	2890
18969	15	13	3370
18975	4	3	2790
18978	1320	1264	5310
18979	3395	2096	5720
18980	181	154	4450
18981	172	138	4430
18982	2	2	2490
18983	216	198	4530
18984	312	159	4690
18986	1	1	2190
18987	9	9	3150
18991	19	18	3470
18993	2	2	2490
18995	12	10	3270
18996	810	308	5100
18997	64	39	4000
18999	1	1	2190
19000	18	10	3450
19001	27	23	3620
19004	23	17	3550
19010	3	2	2670
19012	1	1	2190
19013	32	29	3700
19018	1	1	2190
19020	16	11	3400
19024	878	416	5140
19025	367	192	4760
19026	274	193	4630
19027	4	4	2790
19028	7	4	3040
19029	5	5	2890
19030	584	418	4960
19031	181	176	4450
19032	765	509	5080
19033	17	15	3420
19034	748	400	5070
19035	105	90	4210
19036	1	1	2190
19040	13	11	3310
19041	89	64	4140
19042	59	33	3960
19043	273	136	4630
19048	12	10	3270
19052	2	2	2490
19057	2	2	2490
19062	1	1	2190
19074	22	11	3540
19075	62	40	3990
19076	160	126	4400
19081	15	11	3370
19082	6	4	2970
19083	8	8	3100
19085	11	6	3230
19086	1	1	2190
19087	10	9	3190
19089	1897	717	5470
19090	836	457	5110
19092	24	20	3570
19095	3986	2128	5790
19096	5	5	2890
19097	8	8	3100
19100	1	1	2190
19101	594	395	4970
19104	178	129	4440
19105	500	338	4890
19106	18	17	3450
19108	8	7	3100
19115	42	23	3820
19116	12	12	3270
19118	3	3	2670
19127	4	3	2790
19135	10	10	3190
19136	12	9	3270
19137	2	1	2490
19141	1	1	2190
19142	24	21	3570
19143	7	7	3040
19147	70	38	4040
19149	3	3	2670
19150	1500	914	5370
19151	36	28	3750
19152	2	2	2490
19154	3133	1533	5690
19158	3	2	2670
19160	17	12	3420
19161	1	1	2190
19167	1	1	2190
19168	5862	3477	5960
19171	4	3	2790
19172	43	29	3830
19173	1	1	2190
19179	1	1	2190
19184	21	18	3510
19186	52	41	3910
19190	39	35	3780
19191	1	1	2190
19194	1	1	2190
19196	2	1	2490
19199	20	16	3490
19202	6	6	2970
19203	1	1	2190
19204	5	4	2890
19205	10606	3940	6220
19206	55	35	3930
19210	5	3	2890
19212	16	14	3400
19217	1	1	2190
19218	109	82	4230
19220	13	10	3310
19221	1071	590	5220
19223	3	1	2670
19224	186	146	4460
19225	215	164	4530
19226	1	1	2190
19227	50	37	3890
19229	1	1	2190
19230	15	13	3370
19234	5	5	2890
19240	31	26	3680
19242	9	9	3150
19245	2	2	2490
19249	1	1	2190
19252	2	2	2490
19253	1	1	2190
19254	5	3	2890
19255	1	1	2190
19256	4	4	2790
19257	21	17	3510
19258	2	2	2490
19259	5	4	2890
19260	13	13	3310
19261	13	13	3310
19265	1	1	2190
19266	1	1	2190
19267	86	75	4130
19268	2	1	2490
19270	8	6	3100
19271	4	3	2790
19272	1	1	2190
19273	1	1	2190
19274	29	19	3660
19275	12	6	3270
19284	1	1	2190
19295	3	3	2670
19296	1	1	2190
19297	157	114	4390
19299	3	2	2670
19301	274	184	4630
19303	235	218	4560
19305	112	80	4240
19306	3	3	2670
19308	1731	1199	5430
19309	896	701	5140
19310	10	8	3190
19311	7	5	3040
19312	3	3	2670
19315	1	1	2190
19317	105	44	4210
19318	6	4	2970
19319	76	61	4070
19320	18	14	3450
19321	1	1	2190
19323	776	519	5080
19324	37420	33860	6770
19325	259	198	4610
19327	798	728	5090
19328	1	1	2190
19330	2578	951	5600
19331	3033	1536	5670
19332	8000	3526	6100
19334	4	4	2790
19335	1	1	2190
19336	1	1	2190
19337	1	1	2190
19338	5	4	2890
19339	48	44	3870
19341	1	1	2190
19344	12	10	3270
19345	57	49	3950
19349	41	32	3810
19350	2	2	2490
19351	20	18	3490
19352	4	4	2790
19354	49	43	3880
19357	16	16	3400
19363	1	1	2190
19364	9	9	3150
19365	824	621	5110
19368	2	2	2490
19370	218	136	4530
19374	7	6	3040
19378	7	5	3040
19379	11	8	3230
19380	111	70	4240
19382	14	12	3340
19383	281	255	4640
19384	360	356	4750
19385	137	106	4330
19386	12	10	3270
19387	5	4	2890
19392	23	16	3550
19395	438	94	4830
19396	15	5	3370
19397	2	2	2490
19399	1	1	2190
19402	12	7	3270
19403	5	5	2890
19404	72	51	4050
19405	6	6	2970
19408	3	3	2670
19410	5906	2851	5960
19411	1	1	2190
19412	2	1	2490
19413	1	1	2190
19414	3	3	2670
19416	2	2	2490
19419	5	5	2890
19422	2	2	2490
19429	1	1	2190
19432	4	4	2790
19437	3650	1921	5750
19438	201	144	4500
19439	2	1	2490
19440	61	54	3980
19441	4	2	2790
19442	1	1	2190
19447	1	1	2190
19449	31	27	3680
19451	243	191	4580
19452	504	348	4900
19453	7	7	3040
19454	2	2	2490
19455	1	1	2190
19460	8	6	3100
19463	1	1	2190
19464	1	1	2190
19465	2	1	2490
19467	9	8	3150
19475	2	2	2490
19480	1	1	2190
19483	11	9	3230
19484	4	4	2790
19485	1	1	2190
19486	1	1	2190
19491	136	101	4330
19492	25	11	3590
19496	28	22	3640
19505	18	18	3450
19506	72	67	4050
19508	244	192	4580
19510	110	97	4230
19512	1	1	2190
19513	1	1	2190
19516	5	5	2890
19521	1	1	2190
19522	3	3	2670
19523	1	1	2190
19525	2	2	2490
19526	1	1	2190
19527	1	1	2190
19529	28	19	3640
19530	3	3	2670
19531	4	4	2790
19534	400	282	4790
19537	1	1	2190
19540	15	14	3370
19546	1	1	2190
19549	20	16	3490
19550	92	80	4160
19554	2	1	2490
19561	117	101	4260
19562	2	2	2490
19563	11	10	3230
19564	35	29	3740
19566	1	1	2190
19581	21	17	3510
19583	14	12	3340
19584	1	1	2190
19587	26	24	3610
19591	4	4	2790
19592	20	14	3490
19594	1	1	2190
19597	4	4	2790
19599	1	1	2190
19604	34	30	3720
19606	8	8	3100
19608	1	1	2190
19617	14	8	3340
19619	61	36	3980
19627	1	1	2190
19632	2	2	2490
19633	19	13	3470
19639	200	122	4490
19640	1	1	2190
19644	3	3	2670
19647	1	1	2190
19648	1	1	2190
19649	6	4	2970
19654	12	7	3270
19660	436	187	4830
19661	383	168	4780
19662	260	173	4610
19663	1	1	2190
19664	10	10	3190
19667	12	12	3270
19670	2	2	2490
19673	4	4	2790
19677	1	1	2190
19683	34	27	3720
19687	6	5	2970
19696	1	1	2190
19699	712	432	5050
19702	34	33	3720
19703	168	121	4420
19707	257	128	4600
19708	1448	803	5350
19709	12	9	3270
19710	5	3	2890
19711	3	1	2670
19712	122	62	4280
19716	9	6	3150
19717	1	1	2190
19721	12	10	3270
19723	1	1	2190
19732	5	4	2890
19734	132	84	4310
19735	2721	1607	5630
19736	4	3	2790
19737	10	9	3190
19738	1	1	2190
19739	12	11	3270
19741	25	23	3590
19744	4131	2338	5810
19745	11	10	3230
19748	6	6	2970
19749	13	12	3310
19759	8	8	3100
19763	39	27	3780
19765	2	2	2490
19766	2	1	2490
19767	9	7	3150
19769	4	4	2790
19771	1	1	2190
19774	29	22	3660
19778	88	52	4140
19779	4	4	2790
19784	2	2	2490
19785	6	4	2970
19786	97	83	4180
19794	325	233	4700
19795	25	17	3590
19796	370	307	4760
19800	1069	636	5220
19801	463	368	4860
19802	6	2	2970
19804	1	1	2190
19805	24	6	3570
19806	1	1	2190
19815	103	83	4210
19816	48	46	3870
19817	36	9	3750
19818	1	1	2190
19820	2	2	2490
19821	169	134	4420
19822	726	505	5050
19823	360	208	4750
19825	2	2	2490
19831	3	2	2670
19836	3	3	2670
19842	299	255	4670
19843	40	36	3790
19850	28	24	3640
19860	30	26	3670
19862	1	1	2190
19864	56	41	3940
19865	8	4	3100
19867	1	1	2190
19868	1	1	2190
19870	5	3	2890
19876	5	4	2890
19881	15	9	3370
19882	1	1	2190
19888	16	14	3400
19889	15	10	3370
19892	2	2	2490
19894	21	11	3510
19895	39	33	3780
19896	12	8	3270
19898	138	100	4330
19899	512	289	4900
19900	21	19	3510
19901	22	18	3540
19902	1	1	2190
19904	56	43	3940
19905	1	1	2190
19908	2	2	2490
19909	4	3	2790
19910	189	135	4470
19911	3	3	2670
19912	80	72	4100
19920	954	591	5170
19921	317	207	4690
19922	246	142	4580
19923	548	284	4930
19932	82	60	4110
19942	22	22	3540
19943	3	3	2670
19944	2	2	2490
19945	2	2	2490
19963	5	3	2890
19964	4	4	2790
19965	6	6	2970
19966	1	1	2190
19967	1	1	2190
19968	3	3	2670
19972	11	9	3230
19985	1	1	2190
19994	3	1	2670
19998	1	1	2190
20007	303	218	4670
20008	174	132	4430
20009	181	162	4450
20010	7	7	3040
20011	353	222	4740
20015	1	1	2190
20025	9	9	3150
20027	1	1	2190
20032	615	266	4980
20051	4963	2395	5890
20053	31	27	3680
20054	1	1	2190
20055	2	2	2490
20058	1	1	2190
20061	12	11	3270
20064	13	13	3310
20067	362	152	4750
20068	3	3	2670
20069	27	22	3620
20070	375	199	4770
20071	312	261	4690
20072	11	9	3230
20073	1	1	2190
20075	6	4	2970
20076	24	20	3570
20082	4	4	2790
20083	231	169	4560
20084	13	12	3310
20085	137	105	4330
20086	372	239	4760
20088	2359	1180	5570
20089	2	2	2490
20090	212	173	4520
20091	235	181	4560
20092	3	2	2670
20093	1	1	2190
20094	2	1	2490
20095	20	12	3490
20096	1	1	2190
20099	1	1	2190
20102	84	46	4120
20103	4	4	2790
20106	2	2	2490
20109	196	151	4480
20111	1	1	2190
20112	23	17	3550
20114	3	2	2670
20117	28	28	3640
20119	88	60	4140
20123	1	1	2190
20127	16	16	3400
20128	7	6	3040
20129	2	1	2490
20131	46	39	3860
20136	39	30	3780
20146	6	6	2970
20147	2	2	2490
20149	1	1	2190
20153	6	5	2970
20155	2	1	2490
20156	4	4	2790
20157	1	1	2190
20158	4	3	2790
20159	2	2	2490
20160	4	3	2790
20164	125	55	4290
20166	2	2	2490
20169	4	4	2790
20170	1	1	2190
20174	10	9	3190
20177	8	7	3100
20179	82	63	4110
20185	363	267	4750
20187	5	3	2890
20191	3	3	2670
20196	2	2	2490
20198	19	17	3470
20199	48	36	3870
20202	14	12	3340
20206	20	18	3490
20209	178	146	4440
20210	3	3	2670
20211	136	106	4330
20212	139	112	4340
20213	1	1	2190
20214	9	8	3150
20216	71	57	4040
20219	6	5	2970
20226	1	1	2190
20228	2	2	2490
20230	3	1	2670
20231	8	6	3100
20232	1	1	2190
20235	17	12	3420
20241	184	127	4460
20242	4	4	2790
20243	1251	738	5290
20244	2	2	2490
20245	1	1	2190
20250	17	15	3420
20252	27	15	3620
20253	9	9	3150
20255	2	2	2490
20256	51	33	3900
20257	3	2	2670
20258	28	24	3640
20260	6	6	2970
20263	129	63	4300
20264	5	5	2890
20266	10	5	3190
20269	3	3	2670
20274	5	4	2890
20276	3	2	2670
20279	1	1	2190
20284	40	39	3790
20285	83	75	4110
20291	2	2	2490
20292	14	14	3340
20293	13	11	3310
20296	10	10	3190
20298	1	1	2190
20299	1	1	2190
20300	1	1	2190
20301	1029	753	5210
20302	8	7	3100
20304	10	9	3190
20306	20	19	3490
20309	4	4	2790
20312	1	1	2190
20320	13	9	3310
20321	34	31	3720
20322	3	3	2670
20323	18	14	3450
20325	9	8	3150
20327	1	1	2190
20331	263	195	4610
20332	1	1	2190
20334	314	244	4690
20335	103	68	4210
20336	67	56	4020
20337	135	109	4320
20338	410	338	4810
20339	442	243	4840
20345	370	272	4760
20346	265	193	4620
20347	406	288	4800
20348	7	6	3040
20350	355	239	4740
20351	216	154	4530
20352	506	348	4900
20357	6	5	2970
20359	9	7	3150
20361	1	1	2190
20362	14	14	3340
20365	1	1	2190
20370	92	25	4160
20371	1	1	2190
20373	1	1	2190
20374	7	6	3040
20381	1	1	2190
20382	1	1	2190
20386	1313	816	5310
20388	1098	638	5230
20396	3	3	2670
20399	787	328	5090
20401	4	4	2790
20407	388	286	4780
20408	249	190	4590
20413	200	112	4490
20414	18	17	3450
20415	504	442	4900
20416	20	17	3490
20418	211	132	4520
20420	3	3	2670
20424	2	1	2490
20425	34	22	3720
20426	3880	1788	5780
20427	28	26	3640
20430	5	4	2890
20434	3	3	2670
20435	1	1	2190
20443	7	5	3040
20444	41	29	3810
20446	1	1	2190
20447	44	40	3840
20449	1	1	2190
20450	4	4	2790
20451	14	9	3340
20457	17	17	3420
20459	7	2	3040
20460	36	16	3750
20466	1	1	2190
20469	74	58	4060
20470	3	3	2670
20474	64	52	4000
20475	1	1	2190
20480	1	1	2190
20481	19	13	3470
20485	3	3	2670
20486	10	10	3190
20487	5	4	2890
20488	19	15	3470
20492	1	1	2190
20495	17	10	3420
20496	105	78	4210
20498	2	2	2490
20499	6	6	2970
20500	1	1	2190
20501	1	1	2190
20509	3	3	2670
20511	2	2	2490
20513	238	195	4570
20514	1	1	2190
20515	6	6	2970
20516	138	120	4330
20517	193	162	4480
20518	11	9	3230
20520	13	13	3310
20526	8	7	3100
20527	1	1	2190
20532	1	1	2190
20543	213	166	4520
20548	20	15	3490
20551	1	1	2190
20552	8	7	3100
20555	1	1	2190
20556	3	1	2670
20558	2	2	2490
20563	1	1	2190
20570	465	340	4860
20571	1305	644	5310
20573	95	72	4170
20576	1	1	2190
20578	2	2	2490
20579	1	1	2190
20580	183	139	4460
20581	2337	891	5560
20582	1	1	2190
20590	45	37	3850
20591	16	13	3400
20594	72	56	4050
20595	2	2	2490
20599	2	2	2490
20602	6	4	2970
20605	47	28	3860
20607	1	1	2190
20608	1	1	2190
20609	2	2	2490
20614	5	4	2890
20621	1	1	2190
20622	17	13	3420
20626	2	2	2490
20634	3	1	2670
20636	717	525	5050
20637	114	86	4250
20639	13	10	3310
20640	2	2	2490
20641	2	2	2490
20644	4	3	2790
20646	26	16	3610
20651	22	22	3540
20659	1	1	2190
20665	19	13	3470
20668	85	70	4120
20670	17	16	3420
20671	1	1	2190
20672	5	4	2890
20674	61	22	3980
20675	12	11	3270
20680	43	25	3830
20681	2	2	2490
20682	1	1	2190
20685	2	2	2490
20688	58	55	3960
20689	1	1	2190
20693	1	1	2190
20694	425	213	4820
20695	6	6	2970
20696	1	1	2190
20697	26	22	3610
20700	184	133	4460
20701	9	6	3150
20704	1	1	2190
20710	23	23	3550
20712	177	119	4440
20714	3	3	2670
20715	23	19	3550
20716	73	56	4060
20718	1	1	2190
20720	23	9	3550
20734	2	2	2490
20736	1	1	2190
20741	1	1	2190
20747	1	1	2190
20749	1	1	2190
20751	8	7	3100
20763	5	5	2890
20766	15	8	3370
20767	828	276	5110
20768	22	18	3540
20771	18	15	3450
20782	615	306	4980
20784	1	1	2190
20785	1	1	2190
20786	1	1	2190
20789	9107	4072	6150
20792	4	4	2790
20794	820	402	5110
20798	429	340	4830
20800	1	1	2190
20802	12	6	3270
20804	1	1	2190
20813	5	2	2890
20815	95	80	4170
20817	1	1	2190
20826	3	2	2670
20827	1	1	2190
20833	5	2	2890
20843	432	279	4830
20844	1905	570	5470
20848	7	5	3040
20864	1	1	2190
20865	1473	400	5360
20870	2	2	2490
20874	3	3	2670
20875	8	8	3100
20885	33	28	3710
20890	3	3	2670
20891	1	1	2190
20896	1	1	2190
20903	1	1	2190
20904	1	1	2190
20911	4	2	2790
20913	274	271	4630
20916	1	1	2190
20925	4	4	2790
20931	948	399	5170
20932	13	12	3310
20933	3	2	2670
20934	2	2	2490
20936	1	1	2190
20938	25	12	3590
20939	12	11	3270
20940	181	106	4450
20941	1	1	2190
20944	5	3	2890
20945	318	174	4700
20946	59	49	3960
20947	308	134	4680
20948	429	192	4830
20949	28	23	3640
20951	2	2	2490
20955	3831	2704	5780
20956	3	3	2670
20957	47	40	3860
20959	2	2	2490
20960	2	2	2490
20962	4	4	2790
20963	10	9	3190
20965	7	6	3040
20967	1	1	2190
20968	2	2	2490
20969	3	3	2670
20970	3	3	2670
20971	2	2	2490
20972	4	4	2790
20976	10	8	3190
20977	5	4	2890
20978	22	18	3540
20980	3	2	2670
20984	4	4	2790
20985	26	20	3610
20987	28	21	3640
20993	122381	28134	7280
20995	295	187	4660
20996	4	1	2790
21000	2	2	2490
21003	3	3	2670
21005	650	261	5010
21006	42	39	3820
21007	7	7	3040
21009	4127	3948	5810
21010	2	2	2490
21011	1	1	2190
21012	11	9	3230
21017	1	1	2190
21023	2	2	2490
21026	41	25	3810
21030	33	33	3710
21034	1864	1026	5460
21035	661	432	5010
21042	1	1	2190
21044	2	2	2490
21045	1	1	2190
21046	14	8	3340
21047	10	6	3190
21057	213	133	4520
21058	1018	701	5200
21074	3	3	2670
21076	5	5	2890
21078	1	1	2190
21079	317	187	4690
21082	4	3	2790
21088	1156	954	5260
21089	3539	2204	5740
21091	13	12	3310
21093	4	4	2790
21094	9	9	3150
21095	662	455	5010
21098	36	7	3750
21099	18	18	3450
21101	614	418	4980
21103	12	2	3270
21104	534	390	4920
21110	596	407	4970
21111	4	4	2790
21120	432	430	4830
21121	828	415	5110
21122	16	9	3400
21123	2345	1533	5560
21126	29	22	3660
21130	84	74	4120
21140	2	2	2490
21142	136	121	4330
21143	12	10	3270
21149	45	40	3850
21150	16	15	3400
21158	3	3	2670
21160	1	1	2190
21167	1	1	2190
21172	2	2	2490
21175	1917	1745	5480
21179	1	1	2190
21182	1	1	2190
21184	1	1	2190
21187	2	1	2490
21188	759	583	5070
21192	40118	10190	6800
21198	163	75	4400
21199	1	1	2190
21200	31	29	3680
21211	17	17	3420
21212	6	5	2970
21213	86	80	4130
21217	107	84	4220
21219	3	3	2670
21221	6	6	2970
21225	13	11	3310
21227	8	8	3100
21228	35	28	3740
21229	1	1	2190
21230	582	325	4960
21231	502	364	4890
21232	3	3	2670
21233	3	3	2670
21234	8	3	3100
21235	5	5	2890
21236	3	1	2670
21239	8	8	3100
21240	12	5	3270
21241	1	1	2190
21242	2	2	2490
21245	3	3	2670
21246	5	5	2890
21247	8	4	3100
21248	7	6	3040
21249	2	2	2490
21251	3	3	2670
21255	3	3	2670
21257	1	1	2190
21258	6	4	2970
21260	19	8	3470
21261	4	2	2790
21262	2	2	2490
21265	3	3	2670
21267	5	5	2890
21269	18	15	3450
21271	1	1	2190
21273	5	4	2890
21274	1	1	2190
21275	7	5	3040
21276	5	5	2890
21281	3	3	2670
21283	144	117	4350
21284	597	343	4970
21285	15	15	3370
21287	57	44	3950
21288	2	2	2490
21292	6	4	2970
21297	8	5	3100
21299	2	2	2490
21302	33	17	3710
21304	22	21	3540
21306	5	4	2890
21307	181	139	4450
21308	7	6	3040
21309	1	1	2190
21312	37	33	3760
21314	11	10	3230
21315	18	13	3450
21316	1	1	2190
21317	38	22	3770
21319	23	16	3550
21321	58	42	3960
21328	55	31	3930
21336	1	1	2190
21337	30	15	3670
21338	5	3	2890
21339	44	36	3840
21340	2	2	2490
21341	1	1	2190
21343	8	6	3100
21344	2	2	2490
21347	15	7	3370
21348	11	10	3230
21349	23	18	3550
21350	1	1	2190
21351	344	207	4730
21352	259	125	4610
21353	104	56	4210
21354	270	192	4620
21355	6	6	2970
21356	3	2	2670
21357	1	1	2190
21361	321	151	4700
21365	2	1	2490
21366	6	6	2970
21370	38	25	3770
21371	5	5	2890
21372	2	2	2490
21374	5	3	2890
21375	1	1	2190
21376	18	13	3450
21377	1	1	2190
21378	36	27	3750
21379	306	205	4680
21381	1	1	2190
21382	4	4	2790
21384	81	62	4100
21385	1662	1060	5410
21388	22	17	3540
21389	8	7	3100
21390	28	17	3640
21393	2	2	2490
21398	10	8	3190
21399	25	20	3590
21400	2840	1580	5650
21406	59	54	3960
21407	4	4	2790
21410	2	1	2490
21411	1	1	2190
21413	34	24	3720
21414	6	4	2970
21416	1	1	2190
21417	1	1	2190
21418	1	1	2190
21419	1	1	2190
21420	2	2	2490
21421	70	33	4040
21422	11	11	3230
21425	8	7	3100
21433	53	18	3920
21437	3	3	2670
21438	4	4	2790
21440	18	16	3450
21443	4	3	2790
21445	56	46	3940
21446	1	1	2190
21447	84	84	4120
21452	132	101	4310
21453	320	195	4700
21454	6	5	2970
21456	12	11	3270
21457	55	53	3930
21458	5	2	2890
21459	1	1	2190
21461	85	70	4120
21462	26	22	3610
21463	8	3	3100
21465	3	3	2670
21466	82	51	4110
21468	9	7	3150
21469	1	1	2190
21473	69	20	4030
21474	10	7	3190
21475	17	10	3420
21481	31	23	3680
21482	1	1	2190
21483	1	1	2190
21484	1	1	2190
21485	7	5	3040
21487	2	2	2490
21489	7	6	3040
21494	1	1	2190
21495	2	2	2490
21496	1389	978	5340
21497	724	535	5050
21498	205	158	4500
21499	10	9	3190
21500	4	4	2790
21503	5	4	2890
21506	29	23	3660
21512	1	1	2190
21513	2	2	2490
21515	19	17	3470
21516	314	232	4690
21517	2	1	2490
21518	6	6	2970
21520	25	18	3590
21521	1	1	2190
21525	2	2	2490
21535	14	12	3340
21537	14	13	3340
21538	8	8	3100
21539	1	1	2190
21540	2	1	2490
21541	1	1	2190
21542	1	1	2190
21545	11	7	3230
21546	126339	70862	7290
21548	20	18	3490
21549	8	4	3100
21550	41	34	3810
21552	300	166	4670
21559	7	3	3040
21562	16	15	3400
21569	3	2	2670
21570	1	1	2190
21571	8	6	3100
21572	1	1	2190
21574	2	2	2490
21575	14	12	3340
21577	8	8	3100
21581	28	24	3640
21582	1	1	2190
21584	2	2	2490
21586	35	24	3740
21590	4	3	2790
21595	9	9	3150
21597	2	2	2490
21598	3	2	2670
21600	7	7	3040
21601	6	3	2970
21602	39	24	3780
21607	8	5	3100
21610	1	1	2190
21611	19	14	3470
21612	39	37	3780
21614	6	6	2970
21615	27	21	3620
21619	3	3	2670
21622	76	47	4070
21625	7	7	3040
21626	2	2	2490
21629	1	1	2190
21630	3	2	2670
21633	1	1	2190
21637	3	2	2670
21644	1	1	2190
21646	12	5	3270
21648	2	1	2490
21649	2	1	2490
21653	10	7	3190
21657	2	1	2490
21660	2	1	2490
21661	3	3	2670
21662	4	1	2790
21663	10	5	3190
21667	4	4	2790
21668	15	6	3370
21669	15	11	3370
21670	6	5	2970
21671	17	8	3420
21672	43	39	3830
21673	228	137	4550
21676	2	2	2490
21677	84	64	4120
21678	2	2	2490
21679	2	1	2490
21681	5	4	2890
21684	35	25	3740
21686	6	6	2970
21688	5	5	2890
21691	1	1	2190
21694	75	49	4070
21695	322	140	4700
21696	189	162	4470
21697	10	7	3190
21698	31	22	3680
21699	6	5	2970
21700	3	3	2670
21702	21	19	3510
21705	1	1	2190
21711	3	3	2670
21712	3	3	2670
21713	3	3	2670
21714	3	3	2670
21716	4	2	2790
21718	4	3	2790
21719	1	1	2190
21724	1	1	2190
21727	2	2	2490
21729	2	2	2490
21744	1	1	2190
21745	96	43	4170
21749	15	13	3370
21750	21	20	3510
21752	32	32	3700
21753	8	8	3100
21756	545	258	4930
21757	13	12	3310
21759	35	20	3740
21761	15	12	3370
21762	9	8	3150
21763	2	2	2490
21769	10	9	3190
21770	1	1	2190
21773	11	9	3230
21777	1	1	2190
21778	1	1	2190
21784	1	1	2190
21794	1	1	2190
21800	1	1	2190
21801	9	8	3150
21804	1	1	2190
21805	5	5	2890
21808	45	35	3850
21811	2	2	2490
21812	6	5	2970
21816	8	7	3100
21817	30	21	3670
21820	52	26	3910
21822	3	3	2670
21824	1	1	2190
21825	14	10	3340
21826	3	2	2670
21827	2	2	2490
21828	40	33	3790
21829	47	45	3860
21838	45	28	3850
21839	4	4	2790
21840	4	3	2790
21841	3	3	2670
21849	3	3	2670
21851	2	2	2490
21855	3	3	2670
21857	87	59	4130
21859	13	11	3310
21864	4	4	2790
21866	27	15	3620
21868	7	3	3040
21871	2	2	2490
21872	1	1	2190
21873	63	40	3990
21877	28	13	3640
21880	1	1	2190
21897	1	1	2190
21905	128	79	4300
21906	567	361	4950
21910	4	3	2790
21911	1	1	2190
21912	11	9	3230
21913	44	28	3840
21918	3	3	2670
21926	2	2	2490
21928	6	4	2970
21929	4	3	2790
21930	4	2	2790
21931	37	31	3760
21932	1	1	2190
21933	133	68	4320
21938	5368	4212	5920
21939	1	1	2190
21941	1	1	2190
21942	1049	791	5210
21943	1	1	2190
21946	13	13	3310
21947	146	121	4360
21948	45	40	3850
21949	3	3	2670
21951	135	134	4320
21952	305	225	4680
21953	550	244	4930
21954	160	156	4400
21955	19	18	3470
21962	2	2	2490
21975	423	236	4820
21976	5	5	2890
21977	30	11	3670
21979	4	4	2790
21983	1	1	2190
21985	3	2	2670
21989	7	6	3040
21991	2	2	2490
21993	537	407	4920
21994	3774	2506	5770
21995	902	824	5150
21997	2	2	2490
21998	1	1	2190
21999	951	650	5170
22001	386	304	4780
22002	1	1	2190
22003	373	286	4760
22004	253	216	4600
22005	239	184	4570
22006	442	324	4840
22008	1	1	2190
22014	2	2	2490
22017	5	5	2890
22018	3	2	2670
22021	9	6	3150
22022	12	10	3270
22025	267	188	4620
22030	1	1	2190
22032	226	138	4550
22033	251	155	4590
22034	174	104	4430
22035	7	7	3040
22036	8	8	3100
22042	1141	816	5250
22043	777	484	5080
22046	500	354	4890
22050	3	3	2670
22051	25	21	3590
22054	21	18	3510
22055	176	138	4440
22056	520	339	4910
22061	2	2	2490
22065	4	3	2790
22069	24	20	3570
22071	24	17	3570
22078	133	63	4320
22080	11	9	3230
22081	3	2	2670
22085	2	2	2490
22086	48	38	3870
22088	2	2	2490
22089	8	6	3100
22093	2	2	2490
22094	3	1	2670
22095	1	1	2190
22104	8	7	3100
22107	2	1	2490
22109	1	1	2190
22110	8	5	3100
22111	1	1	2190
22112	1	1	2190
22114	1	1	2190
22116	470	229	4860
22117	51	25	3900
22118	53	45	3920
22120	69	50	4030
22121	2	2	2490
22122	4	2	2790
22124	1	1	2190
22125	7	4	3040
22127	365	226	4750
22128	1	1	2190
22131	74	37	4060
22133	1	1	2190
22138	5	3	2890
22141	8	8	3100
22145	3	2	2670
22146	215	142	4530
22147	691	471	5030
22149	2	2	2490
22151	35	12	3740
22158	59	35	3960
22159	1	1	2190
22160	1	1	2190
22163	1	1	2190
22168	220	172	4540
22169	17	8	3420
22172	96	81	4170
22173	36	31	3750
22176	28	24	3640
22180	15	7	3370
22181	2	2	2490
22185	2	2	2490
22187	86	43	4130
22190	4	4	2790
22197	4	4	2790
22198	1	1	2190
22199	2	2	2490
22205	6	4	2970
22208	1	1	2190
22216	141	96	4340
22217	1	1	2190
22218	88	64	4140
22220	8	6	3100
22221	13	10	3310
22222	90	52	4150
22225	5	4	2890
22228	2	2	2490
22232	2	1	2490
22238	43	35	3830
22240	6	4	2970
22247	2	1	2490
22250	1	1	2190
22251	2	1	2490
22253	35	19	3740
22254	9	8	3150
22257	148	64	4360
22260	315	247	4690
22262	3	3	2670
22263	25	22	3590
22276	3	1	2670
22277	9	9	3150
22278	2	1	2490
22279	7	6	3040
22283	23	9	3550
22284	2	2	2490
22288	3	3	2670
22290	11922	3521	6270
22293	19	14	3470
22298	19	6	3470
22299	44	31	3840
22304	708	500	5040
22305	281	209	4640
22306	11940	3962	6270
22307	419	306	4810
22309	2096	1274	5510
22312	5237	2261	5910
22314	1	1	2190
22320	1	1	2190
22321	150	81	4370
22322	42	42	3820
22327	1	1	2190
22332	1	1	2190
22336	1	1	2190
22343	4	4	2790
22344	9	8	3150
22352	41	37	3810
22360	1	1	2190
22362	12	11	3270
22363	10	6	3190
22364	24	21	3570
22371	287	228	4650
22372	5	5	2890
22373	76	65	4070
22374	1	1	2190
22381	17	15	3420
22382	16	8	3400
22383	2	2	2490
22384	6	6	2970
22386	6	6	2970
22390	1	1	2190
22394	2	2	2490
22395	131	99	4310
22396	2	2	2490
22397	1	1	2190
22401	3	3	2670
22404	8	8	3100
22410	2	2	2490
22411	1	1	2190
22412	2	2	2490
22416	2	2	2490
22421	4	4	2790
22422	8	8	3100
22424	237	201	4570
22425	279	215	4640
22427	9	9	3150
22428	3	2	2670
22433	2	2	2490
22434	1	1	2190
22440	1	1	2190
22442	11	5	3230
22445	9	6	3150
22447	460	321	4860
22452	9	5	3150
22453	10	8	3190
22460	13	13	3310
22461	2	2	2490
22462	1	1	2190
22463	5	2	2890
22465	16	9	3400
22466	23	19	3550
22467	2	2	2490
22468	107	54	4220
22469	3666	737	5760
22470	4	1	2790
22471	6	5	2970
22472	4	2	2790
22473	99	46	4190
22478	123	77	4280
22479	11	9	3230
22481	3	3	2670
22482	10	9	3190
22483	6	6	2970
22484	21	11	3510
22485	4	4	2790
22488	77	61	4080
22489	339	262	4720
22490	6	6	2970
22509	9	9	3150
22510	2	2	2490
22511	48	45	3870
22513	64	42	4000
22516	16	14	3400
22518	4	4	2790
22519	196	183	4480
22520	16	8	3400
22521	15	11	3370
22526	69	46	4030
22527	12	12	3270
22528	43	38	3830
22536	2	2	2490
22538	6	6	2970
22539	1	1	2190
22542	711	501	5040
22543	1837	958	5460
22547	65	53	4010
22548	1740	896	5430
22549	193	130	4480
22550	182	131	4450
22551	6	3	2970
22552	2	2	2490
22555	22	21	3540
22557	108	68	4230
22559	366	300	4760
22561	361	305	4750
22562	31	31	3680
22563	23	18	3550
22564	81	60	4100
22565	503	323	4890
22566	5	3	2890
22567	2	2	2490
22571	4	3	2790
22573	19	12	3470
22574	5	5	2890
22575	26	21	3610
22581	1	1	2190
22582	65	52	4010
22585	2	2	2490
22586	319	182	4700
22587	149	82	4370
22588	1	1	2190
22589	6	5	2970
22590	6	4	2970
22591	1	1	2190
22593	19	18	3470
22594	2	2	2490
22601	20	13	3490
22606	6259	6259	5990
22607	24220	23310	6580
22608	197	197	4490
22609	1928	1515	5480
22610	49495	23372	6890
22611	7	7	3040
22612	23	17	3550
22615	453	255	4850
22616	1472	739	5360
22617	22	16	3540
22624	14	12	3340
22625	320	194	4700
22626	137	128	4330
22627	47	23	3860
22629	1	1	2190
22630	3	3	2670
22636	5	1	2890
22637	14	10	3340
22639	18	16	3450
22641	53	39	3920
22643	1	1	2190
22644	25	22	3590
22646	347	216	4730
22651	9	7	3150
22654	2	2	2490
22660	8	5	3100
22661	37	34	3760
22662	8	8	3100
22664	1	1	2190
22665	3	3	2670
22667	16	8	3400
22669	3	3	2670
22670	82	33	4110
22671	43	23	3830
22673	4	3	2790
22680	1	1	2190
22682	4	3	2790
22688	1	1	2190
22692	1	1	2190
22693	311	225	4690
22695	117	93	4260
22697	5	3	2890
22698	2	2	2490
22701	3	2	2670
22702	3	3	2670
22703	40	32	3790
22704	23	13	3550
22705	2	2	2490
22706	53	41	3920
22708	28	13	3640
22709	183	113	4460
22710	2	1	2490
22711	3	3	2670
22712	3	3	2670
22714	1	1	2190
22715	32	28	3700
22718	3	3	2670
22719	1	1	2190
22722	3	3	2670
22727	2	2	2490
22729	23	9	3550
22730	55	14	3930
22732	67	17	4020
22734	2	2	2490
22735	180	180	4450
22736	4	4	2790
22737	13	9	3310
22738	4	2	2790
22742	4	4	2790
22745	2	2	2490
22747	14	14	3340
22750	1	1	2190
22752	7	6	3040
22753	23	20	3550
22754	7	2	3040
22755	10	3	3190
22757	7	6	3040
22758	13	9	3310
22759	3	3	2670
22760	6	6	2970
22762	2	2	2490
22764	4	3	2790
22768	21	5	3510
22774	6	6	2970
22775	31	22	3680
22783	384	243	4780
22784	1086	569	5230
22786	214	127	4520
22787	345	269	4730
22794	177	115	4440
22797	21	15	3510
22799	4	3	2790
22800	12	10	3270
22801	8	6	3100
22803	5	4	2890
22806	5	4	2890
22807	8	8	3100
22809	154	116	4380
22810	155	129	4380
22811	261	201	4610
22813	34	28	3720
22814	169	134	4420
22816	1	1	2190
22820	22	19	3540
22821	17	16	3420
22822	419	298	4810
22823	2	2	2490
22824	1	1	2190
22828	20	16	3490
22832	13	8	3310
22833	1	1	2190
22834	13	7	3310
22836	537	348	4920
22842	60	33	3970
22843	1	1	2190
22844	21	19	3510
22845	36	35	3750
22848	37	27	3760
22855	6	6	2970
22857	2	2	2490
22858	2	2	2490
22859	12	12	3270
22860	1	1	2190
22861	4	3	2790
22862	40	32	3790
22864	11	9	3230
22865	2	2	2490
22866	108893	39956	7230
22867	8	6	3100
22870	2	2	2490
22872	9	5	3150
22873	6	5	2970
22874	3	3	2670
22875	1	1	2190
22877	2	1	2490
22882	4	3	2790
22885	55	39	3930
22890	15	10	3370
22894	2	2	2490
22896	1	1	2190
22898	5	5	2890
22899	44	33	3840
22901	5	5	2890
22905	5	5	2890
22906	11	10	3230
22911	1	1	2190
22912	16	9	3400
22915	1	1	2190
22919	8	2	3100
22922	15	14	3370
22924	6	6	2970
22928	5	5	2890
22930	75	58	4070
22931	3	3	2670
22932	1	1	2190
22933	5	5	2890
22937	32	14	3700
22939	142	101	4340
22942	111	52	4240
22944	3	3	2670
22948	28	21	3640
22950	29	21	3660
22951	7	6	3040
22952	11	9	3230
22958	27	19	3620
22960	1	1	2190
22962	2	1	2490
22964	4	4	2790
22965	22	17	3540
22967	24	17	3570
22970	3	2	2670
22972	1	1	2190
22975	3	3	2670
22976	3	2	2670
22977	3	3	2670
22986	1	1	2190
22987	1	1	2190
22991	1	1	2190
22992	199	148	4490
22995	2	2	2490
22997	11758	3795	6260
22998	175	120	4440
22999	7011	4011	6040
23003	5	5	2890
23004	14	13	3340
23005	10	9	3190
23006	3	3	2670
23007	31	29	3680
23008	184	139	4460
23009	1883	1235	5470
23010	816	501	5100
23011	13891	6297	6340
23012	132	83	4310
23013	294	175	4660
23015	2	2	2490
23016	1	1	2190
23017	6	5	2970
23018	24	20	3570
23019	2736	1397	5630
23020	9569	3533	6170
23022	11	7	3230
23024	1	1	2190
23025	5	5	2890
23029	41	22	3810
23032	3	3	2670
23039	25	16	3590
23040	4	4	2790
23041	127	74	4300
23042	1091	599	5230
23046	11	10	3230
23051	3	3	2670
23059	9	8	3150
23061	62	42	3990
23062	930	673	5160
23066	1	1	2190
23068	187	179	4460
23069	13	10	3310
23071	58	51	3960
23078	1	1	2190
23079	2	2	2490
23080	2	2	2490
23091	115	62	4250
23092	1	1	2190
23093	33	33	3710
23095	176	158	4440
23100	2	2	2490
23101	1688	850	5420
23102	240	174	4570
23104	1	1	2190
23108	1	1	2190
23113	9	8	3150
23114	62	53	3990
23118	1	1	2190
23120	9	8	3150
23121	11	11	3230
23123	38	21	3770
23130	5	3	2890
23131	3	3	2670
23132	14	11	3340
23134	36	27	3750
23136	11	7	3230
23138	1	1	2190
23144	11	9	3230
23146	8	8	3100
23147	4	3	2790
23148	1	1	2190
23150	1	1	2190
23162	145	102	4350
23163	2	2	2490
23164	1637	844	5410
23165	544	326	4930
23167	65	54	4010
23169	2	2	2490
23170	3	3	2670
23176	183	144	4460
23180	42	35	3820
23187	3	3	2670
23188	56	52	3940
23192	19	17	3470
23195	20	12	3490
23196	3	3	2670
23199	6	6	2970
23205	6	5	2970
23208	2225	1283	5540
23210	78	74	4080
23211	70	61	4040
23218	19	19	3470
23219	222	164	4540
23220	5	5	2890
23226	63	41	3990
23228	6	4	2970
23230	3	3	2670
23232	372	287	4760
23233	1	1	2190
23240	65	62	4010
23241	1	1	2190
23245	55	49	3930
23246	12	12	3270
23252	3	3	2670
23253	1	1	2190
23256	4	4	2790
23257	1	1	2190
23266	20	4	3490
23269	26	19	3610
23270	34	30	3720
23271	3	2	2670
23272	2	2	2490
23273	3	3	2670
23275	35	25	3740
23276	11	11	3230
23277	15	14	3370
23283	268	202	4620
23284	36	9	3750
23286	1	1	2190
23287	275	211	4630
23288	2	2	2490
23289	1	1	2190
23292	1	1	2190
23294	31	25	3680
23296	26	22	3610
23297	277	194	4640
23298	127	119	4300
23299	373	143	4760
23300	20	19	3490
23303	12	10	3270
23304	1	1	2190
23305	2	2	2490
23308	5	4	2890
23309	1	1	2190
23310	3	3	2670
23313	3	3	2670
23314	38	35	3770
23316	6	6	2970
23318	3	3	2670
23319	2	2	2490
23322	12	6	3270
23323	5	5	2890
23326	12	3	3270
23328	14	4	3340
23329	2	2	2490
23331	273	190	4630
23332	60	41	3970
23334	4	3	2790
23335	23	14	3550
23336	416	303	4810
23337	28	26	3640
23338	12	9	3270
23339	2	2	2490
23341	7	6	3040
23343	1	1	2190
23344	1	1	2190
23345	1	1	2190
23346	1	1	2190
23348	14	11	3340
23349	8	8	3100
23353	1	1	2190
23354	34	24	3720
23358	4	3	2790
23359	49	37	3880
23362	1	1	2190
23363	2	2	2490
23367	1	1	2190
23368	4	1	2790
23369	5	3	2890
23371	2	2	2490
23373	1	1	2190
23375	20	8	3490
23379	7	5	3040
23382	3	1	2670
23386	47	32	3860
23390	19	14	3470
23394	29	22	3660
23395	2	2	2490
23400	34	23	3720
23406	183	126	4460
23407	546	273	4930
23408	2	1	2490
23409	1	1	2190
23410	1	1	2190
23413	2	2	2490
23414	4	3	2790
23415	41	18	3810
23416	6	5	2970
23419	4	4	2790
23422	1	1	2190
23428	96	54	4170
23429	1	1	2190
23432	19	13	3470
23434	5	5	2890
23435	33	27	3710
23437	1216	903	5280
23438	7	4	3040
23439	37	30	3760
23447	2	1	2490
23449	2	1	2490
23450	9	9	3150
23451	96	79	4170
23452	114	95	4250
23453	1	1	2190
23455	2	2	2490
23456	2	2	2490
23457	6	4	2970
23459	43	27	3830
23462	40	18	3790
23464	221	170	4540
23465	3	2	2670
23466	11	11	3230
23472	8	8	3100
23473	1	1	2190
23475	41	31	3810
23476	1	1	2190
23479	25	16	3590
23481	6	6	2970
23482	16	9	3400
23483	76	58	4070
23486	3	3	2670
23487	905	258	5150
23495	1915	1442	5470
23496	3	3	2670
23497	7	2	3040
23505	4	4	2790
23506	3	3	2670
23507	6	5	2970
23508	84	78	4120
23510	11	9	3230
23511	1	1	2190
23518	29	27	3660
23526	3	2	2670
23527	16	8	3400
23528	3	3	2670
23529	1	1	2190
23530	96	58	4170
23535	19	17	3470
23538	8	5	3100
23541	43	27	3830
23544	15	6	3370
23545	93	60	4160
23548	81	54	4100
23549	11	11	3230
23550	3	3	2670
23562	1	1	2190
23572	82	51	4110
23573	2	2	2490
23574	3	2	2670
23575	23	16	3550
23576	6	6	2970
23580	3	3	2670
23583	9	7	3150
23584	17	6	3420
23585	6	5	2970
23594	1	1	2190
23601	4	4	2790
23606	1	1	2190
23614	3	3	2670
23615	4	4	2790
23616	5	5	2890
23618	2	2	2490
23620	2	2	2490
23621	767	659	5080
23622	11	6	3230
23625	51	34	3900
23626	9	9	3150
23627	7	5	3040
23628	1	1	2190
23632	1	1	2190
23639	7	5	3040
23642	3	3	2670
23644	1	1	2190
23652	553	415	4940
23658	25	25	3590
23662	295	213	4660
23663	1	1	2190
23664	3	3	2670
23666	70	26	4040
23667	9	3	3150
23668	1	1	2190
23673	3	3	2670
23675	108	79	4230
23678	18	17	3450
23683	1	1	2190
23684	3	2	2670
23685	5	4	2890
23688	8	6	3100
23690	269	186	4620
23692	1	1	2190
23693	1979	756	5490
23694	1	1	2190
23695	9	8	3150
23696	3	3	2670
23699	13	6	3310
23700	190775	59383	7470
23701	30	22	3670
23707	3	3	2670
23709	1	1	2190
23713	35	8	3740
23714	1	1	2190
23720	99	68	4190
23723	6	2	2970
23724	332	70	4710
23726	335	239	4720
23727	2	2	2490
23730	25	14	3590
23732	490	365	4880
23735	282	141	4640
23739	9	7	3150
23740	26	25	3610
23745	20	19	3490
23746	51	46	3900
23747	2	2	2490
23752	6	6	2970
23753	7	7	3040
23757	6	6	2970
23758	1	1	2190
23759	2	2	2490
23764	2	2	2490
23769	80	47	4100
23772	3	3	2670
23777	1	1	2190
23782	15	11	3370
23785	3	3	2670
23788	83	53	4110
23789	22	20	3540
23790	9	9	3150
23792	4	4	2790
23793	2	2	2490
23798	35	17	3740
23805	13	9	3310
23806	1	1	2190
23807	22	17	3540
23816	627	180	4990
23817	9	4	3150
23818	1	1	2190
23820	3	3	2670
23824	342	98	4730
23830	6	6	2970
23834	26	12	3610
23836	3600	1686	5750
23837	1774	1206	5440
23839	2	2	2490
23840	2	2	2490
23841	12	11	3270
23842	8	6	3100
23844	3	2	2670
23845	30	21	3670
23848	1	1	2190
23849	822	332	5110
23850	2431	1222	5580
23851	4	4	2790
23853	1	1	2190
23854	402	257	4800
23860	3	3	2670
23864	11	8	3230
23866	6	5	2970
23870	23	12	3550
23872	358	214	4750
23874	10	9	3190
23877	1	1	2190
23880	500	250	4890
23881	1	1	2190
23884	307	154	4680
23886	3	3	2670
23892	10	8	3190
23896	1	1	2190
23897	65	36	4010
23898	6	6	2970
23899	3	3	2670
23900	31	21	3680
23901	5	3	2890
23903	5	4	2890
23906	8	2	3100
23907	3	2	2670
23909	1	1	2190
23910	13338	4955	6320
23915	1	1	2190
23917	1011	579	5200
23923	19	17	3470
23928	62	47	3990
23936	57	45	3950
23939	1	1	2190
23945	1	1	2190
23947	11	6	3230
23950	62	22	3990
23955	49	41	3880
23957	604	429	4970
23958	330	208	4710
23959	139	124	4340
23960	137	115	4330
23961	281	209	4640
23966	3	3	2670
23975	1	1	2190
23977	6	6	2970
23978	1	1	2190
23983	3	2	2670
23990	28	25	3640
24001	28	25	3640
24004	13	13	3310
24006	2	1	2490
24007	4	4	2790
24010	19	17	3470
24015	1	1	2190
24016	12	12	3270
24017	5	5	2890
24018	39	29	3780
24019	1	1	2190
24020	31	16	3680
24021	501	270	4890
24022	3	2	2670
24023	2	2	2490
24025	3	3	2670
24030	1	1	2190
24032	7	5	3040
24033	2	2	2490
24037	34	29	3720
24039	2	2	2490
24040	1	1	2190
24043	6	4	2970
24046	1	1	2190
24047	31	24	3680
24050	18	17	3450
24052	2	2	2490
24053	75	72	4070
24054	478	258	4870
24056	2	1	2490
24058	259	240	4610
24059	43	42	3830
24061	8327	8089	6110
24062	149	96	4370
24063	222	142	4540
24064	1	1	2190
24066	1	1	2190
24067	521	389	4910
24068	230	153	4550
24069	145	140	4350
24070	359	200	4750
24071	261	186	4610
24072	70	54	4040
24073	256	171	4600
24074	189	143	4470
24075	182	152	4450
24076	7	6	3040
24078	1	1	2190
24079	30	24	3670
24080	1	1	2190
24081	1	1	2190
24083	33	23	3710
24084	124	52	4290
24085	2	2	2490
24086	8	5	3100
24087	12	9	3270
24089	4	4	2790
24090	9	8	3150
24093	2	2	2490
24096	32	21	3700
24099	20	15	3490
24102	16	8	3400
24105	39	26	3780
24111	1	1	2190
24113	26	7	3610
24114	8	8	3100
24116	1135	733	5250
24118	1	1	2190
24119	5	4	2890
24120	3	3	2670
24121	2	2	2490
24125	45	27	3850
24126	2	2	2490
24127	28	18	3640
24128	74	57	4060
24129	1	1	2190
24130	3	3	2670
24131	27	22	3620
24132	381	172	4770
24133	26	22	3610
24134	49	39	3880
24141	211	126	4520
24144	29	23	3660
24148	11	9	3230
24149	735	363	5060
24151	1	1	2190
24152	13	9	3310
24153	15	13	3370
24154	57	34	3950
24159	2	2	2490
24165	1	1	2190
24171	37	20	3760
24174	46	33	3860
24175	99	64	4190
24176	1	1	2190
24177	5	5	2890
24178	17	8	3420
24179	8	5	3100
24180	12	12	3270
24182	1	1	2190
24186	28	20	3640
24189	426	319	4820
24190	1184	598	5270
24191	3	3	2670
24192	536	495	4920
24195	2	2	2490
24196	2222	2136	5540
24197	1674	1079	5420
24199	349	325	4740
24200	458	320	4850
24201	867	759	5130
24202	1	1	2190
24207	1	1	2190
24208	8	7	3100
24209	72	41	4050
24211	41	35	3810
24215	45	35	3850
24218	5	4	2890
24219	3	2	2670
24221	2	1	2490
24226	4	3	2790
24235	189	130	4470
24236	1379	1107	5330
24239	7	4	3040
24240	5	4	2890
24241	211	159	4520
24242	45	25	3850
24248	1	1	2190
24250	16	11	3400
24252	628	441	4990
24253	221	153	4540
24254	69	55	4030
24257	1	1	2190
24260	2	2	2490
24263	71	48	4040
24264	3	2	2670
24265	2	2	2490
24266	17	11	3420
24267	11	7	3230
24273	6	5	2970
24274	349	239	4740
24277	182	156	4450
24278	134	118	4320
24280	530	362	4920
24281	1	1	2190
24285	78	51	4080
24286	10	6	3190
24287	3	3	2670
24288	2	2	2490
24289	5	5	2890
24290	1	1	2190
24292	5	4	2890
24293	1	1	2190
24297	325	268	4700
24306	1	1	2190
24307	1	1	2190
24310	35	25	3740
24312	56	27	3940
24313	6	6	2970
24314	9	8	3150
24316	15	9	3370
24318	7	6	3040
24319	25	17	3590
24321	2	2	2490
24323	1	1	2190
24324	59	48	3960
24325	29	15	3660
24327	2	2	2490
24331	2	2	2490
24334	43	41	3830
24335	1	1	2190
24340	203	126	4500
24341	9	4	3150
24342	72	43	4050
24343	1	1	2190
24346	2	2	2490
24348	5	4	2890
24349	2	2	2490
24353	21	15	3510
24355	1	1	2190
24356	13	11	3310
24362	261	210	4610
24364	7	7	3040
24365	349	199	4740
24368	25	20	3590
24369	11	10	3230
24370	6	4	2970
24373	1	1	2190
24374	1303	1269	5310
24375	344	344	4730
24376	2152	1248	5530
24378	54	46	3930
24380	390	337	4780
24381	3	2	2670
24382	82	70	4110
24383	3	3	2670
24384	1	1	2190
24385	4	4	2790
24389	23	13	3550
24390	13	12	3310
24396	127	80	4300
24397	3	1	2670
24398	85	73	4120
24400	1	1	2190
24401	11	6	3230
24402	1	1	2190
24403	207	148	4510
24404	1	1	2190
24405	3	3	2670
24407	8	8	3100
24409	1	1	2190
24413	27	18	3620
24416	2	1	2490
24417	142	106	4340
24418	6	6	2970
24421	5	5	2890
24425	34	31	3720
24431	5	2	2890
24432	3	3	2670
24433	130	88	4310
24434	79	63	4090
24437	8	2	3100
24438	503	407	4890
24439	11	10	3230
24445	11	7	3230
24450	34	30	3720
24452	133	68	4320
24454	275	89	4630
24457	6	6	2970
24461	389	224	4780
24463	3	3	2670
24465	27	21	3620
24471	1	1	2190
24473	1	1	2190
24475	7	5	3040
24476	7	2	3040
24478	3	2	2670
24481	9	6	3150
24484	2559	980	5600
24485	3	3	2670
24490	46	40	3860
24491	1	1	2190
24493	4	4	2790
24494	3	2	2670
24495	9	9	3150
24496	168	140	4420
24499	110	86	4230
24501	1312	659	5310
24502	2	2	2490
24504	28	23	3640
24505	479	282	4870
24506	25	15	3590
24513	212	136	4520
24517	4	4	2790
24518	1	1	2190
24519	10	7	3190
24520	5	4	2890
24521	72	49	4050
24529	46	39	3860
24530	244	166	4580
24532	1	1	2190
24534	278	180	4640
24535	289	151	4650
24536	2	2	2490
24537	3	3	2670
24538	1	1	2190
24541	1	1	2190
24545	1	1	2190
24548	1	1	2190
24550	2	2	2490
24551	255	207	4600
24552	641	369	5000
24553	335	220	4720
24555	369	290	4760
24556	73	58	4060
24557	2	2	2490
24566	3	3	2670
24570	6	3	2970
24571	6	6	2970
24580	1	1	2190
24582	7	7	3040
24583	3	3	2670
24586	31	27	3680
24587	264	142	4610
24590	393	169	4790
24591	28	18	3640
24594	17	14	3420
24598	6	6	2970
24602	1	1	2190
24604	1	1	2190
24610	254	171	4600
24611	54	42	3930
24612	10	9	3190
24613	3	3	2670
24620	288	84	4650
24622	38	7	3770
24624	8	7	3100
24625	65	33	4010
24628	9	9	3150
24629	26	21	3610
24630	4	2	2790
24631	1	1	2190
24634	110	75	4230
24635	31	23	3680
24637	11	11	3230
24638	2	2	2490
24640	584	195	4960
24643	6	4	2970
24655	2	2	2490
24656	671	265	5020
24657	28	26	3640
24662	179	129	4450
24663	2	2	2490
24668	5	5	2890
24670	12	8	3270
24671	2	2	2490
24678	3	3	2670
24679	1	1	2190
24683	2	1	2490
24686	5	4	2890
24687	12	12	3270
24688	1	1	2190
24689	1	1	2190
24694	2	2	2490
24701	237	116	4570
24704	16	15	3400
24710	12	12	3270
24713	35	24	3740
24714	1	1	2190
24716	3	3	2670
24718	67	56	4020
24720	2	2	2490
24723	8	6	3100
24724	2	2	2490
24728	46	8	3860
24730	35	17	3740
24731	29	17	3660
24732	8	6	3100
24733	3	2	2670
24737	1	1	2190
24745	1	1	2190
24746	4	4	2790
24747	37	27	3760
24750	4	4	2790
24751	1	1	2190
24753	26	9	3610
24754	1	1	2190
24755	2	2	2490
24756	1	1	2190
24757	10	10	3190
24758	17	15	3420
24760	5	5	2890
24769	4	3	2790
24771	2	2	2490
24772	1	1	2190
24775	91	89	4150
24776	3	3	2670
24778	6	6	2970
24779	21	20	3510
24787	48	34	3870
24788	53	50	3920
24794	307	249	4680
24795	15	4	3370
24796	1	1	2190
24797	13	13	3310
24798	17	13	3420
24802	5	5	2890
24804	1	1	2190
24806	1	1	2190
24807	9	8	3150
24808	1	1	2190
24817	1	1	2190
24818	1	1	2190
24819	5	4	2890
24822	15	3	3370
24823	6	5	2970
24824	5	3	2890
24826	1	1	2190
24827	1	1	2190
24829	2	2	2490
24839	350	211	4740
24840	1	1	2190
24844	2	2	2490
24850	1	1	2190
24852	19	16	3470
24856	1	1	2190
24861	2	2	2490
24862	9	6	3150
24867	3	3	2670
24869	36	23	3750
24870	2	2	2490
24872	7	4	3040
24874	29	14	3660
24875	3	3	2670
24878	65	46	4010
24882	3	3	2670
24888	1	1	2190
24891	1	1	2190
24893	1	1	2190
24894	5	4	2890
24896	10	8	3190
24902	1	1	2190
24903	48	36	3870
24904	1	1	2190
24907	6	2	2970
24912	9	8	3150
24928	13	5	3310
24929	2	2	2490
24930	150	73	4370
24931	5	5	2890
24940	41	20	3810
24941	3	2	2670
24943	20	19	3490
24945	1	1	2190
24947	3	2	2670
24949	2	2	2490
24951	1	1	2190
24954	11	9	3230
24956	13	13	3310
24965	96	95	4170
24968	12	9	3270
24973	285	192	4650
24974	3	3	2670
24976	1	1	2190
24977	4	4	2790
24981	689	266	5030
24982	1451	728	5350
24983	1	1	2190
24984	3	2	2670
24985	39	30	3780
24986	442	414	4840
24987	792	396	5090
24990	1	1	2190
24991	6	5	2970
24995	1	1	2190
24999	19	16	3470
25002	2	2	2490
25003	1	1	2190
25005	1	1	2190
25008	1	1	2190
25011	1	1	2190
25016	3	3	2670
25018	2	2	2490
25022	12	12	3270
25029	6	5	2970
25031	2	2	2490
25032	50	34	3890
25034	4	4	2790
25037	77	74	4080
25043	24	19	3570
25044	3	3	2670
25046	3	3	2670
25051	4	3	2790
25052	4	2	2790
25064	2	2	2490
25066	3	3	2670
25067	1	1	2190
25070	4	3	2790
25071	1	1	2190
25078	21	11	3510
25079	9	8	3150
25081	2	2	2490
25085	38	28	3770
25086	45	33	3850
25087	25	14	3590
25088	8983	4103	6150
25089	225	158	4540
25090	66	51	4010
25092	19	17	3470
25093	215	146	4530
25095	29	28	3660
25096	374	278	4770
25097	443	320	4840
25098	160	125	4400
25100	1	1	2190
25101	1	1	2190
25102	277	184	4640
25103	486	263	4880
25104	147	115	4360
25106	1	1	2190
25110	159	146	4390
25111	1	1	2190
25115	24	20	3570
25116	8	2	3100
25117	33	30	3710
25118	163	144	4400
25120	1	1	2190
25121	11	10	3230
25129	9	9	3150
25131	1	1	2190
25133	1	1	2190
25134	1	1	2190
25142	5	5	2890
25143	6	6	2970
25149	1	1	2190
25166	2	2	2490
25174	2	2	2490
25188	1	1	2190
25194	2	1	2490
25195	178	125	4440
25196	3	3	2670
25202	1	1	2190
25211	7	7	3040
25212	30	24	3670
25222	2	2	2490
25230	1025	456	5200
25232	4	4	2790
25239	1	1	2190
25240	1	1	2190
25242	1	1	2190
25243	3	3	2670
25244	1	1	2190
25245	2	1	2490
25249	1	1	2190
25257	2	2	2490
25259	2	2	2490
25268	22	19	3540
25271	1	1	2190
25272	139	116	4340
25273	319	234	4700
25275	142	120	4340
25276	20772	20642	6510
25277	44	34	3840
25278	334	245	4720
25285	2	1	2490
25287	8	8	3100
25290	23	17	3550
25292	236	203	4570
25297	23	20	3550
25305	12	11	3270
25310	144	65	4350
25321	30	26	3670
25324	80	58	4100
25326	112	92	4240
25331	236	102	4570
25332	1018	476	5200
25334	254	155	4600
25338	13	12	3310
25343	13	13	3310
25346	5	2	2890
25347	2789	770	5640
25348	6	5	2970
25352	2	2	2490
25353	3	3	2670
25354	17	12	3420
25355	7	5	3040
25357	1	1	2190
25361	3	3	2670
25362	2	2	2490
25378	2	2	2490
25379	16	3	3400
25380	1	1	2190
25384	1	1	2190
25386	2	2	2490
25387	3	3	2670
25408	611	438	4980
25413	74	33	4060
25416	2	2	2490
25426	3	3	2670
25434	3159	2657	5690
25435	476	323	4870
25443	5	4	2890
25444	4768	1950	5870
25445	215	146	4530
25446	85	55	4120
25447	2346	1248	5560
25448	16	12	3400
25449	5	5	2890
25450	13	12	3310
25454	4	1	2790
25455	216	171	4530
25460	2	2	2490
25467	12	10	3270
25468	1	1	2190
25474	2	2	2490
25476	239	181	4570
25477	2516	2152	5590
25478	510	255	4900
25487	6	5	2970
25492	1	1	2190
25494	511	382	4900
25495	10	5	3190
25498	8	8	3100
25500	42	38	3820
25503	14	13	3340
25529	825	518	5110
25531	1	1	2190
25532	8	8	3100
25535	244	163	4580
25536	476	227	4870
25537	4	3	2790
25538	4	4	2790
25541	55	37	3930
25543	62	47	3990
25545	7	7	3040
25548	11	8	3230
25549	3	2	2670
25550	10	9	3190
25552	450	200	4850
25556	11	9	3230
25567	1	1	2190
25568	7	7	3040
25569	168	105	4420
25574	2	2	2490
25577	1	1	2190
25592	12	9	3270
25600	3	2	2670
25602	4	3	2790
25609	311	268	4690
25610	23	19	3550
25615	5	5	2890
25617	4	2	2790
25619	343	247	4730
25620	242	241	4580
25622	1	1	2190
25627	4	4	2790
25635	1	1	2190
25647	123	96	4280
25648	256	141	4600
25649	53	37	3920
25652	18	15	3450
25662	1	1	2190
25665	2	2	2490
25668	3	1	2670
25677	1	1	2190
25685	5	1	2890
25692	13	13	3310
25697	3	3	2670
25698	36	20	3750
25699	50	40	3890
25707	1	1	2190
25714	2	2	2490
25716	1	1	2190
25718	71	49	4040
25719	13	9	3310
25721	2	2	2490
25722	22	19	3540
25723	196	142	4480
25724	238	165	4570
25725	1	1	2190
25726	244	183	4580
25730	286	211	4650
25733	1	1	2190
25734	8	4	3100
25735	4	4	2790
25736	13	9	3310
25737	1	1	2190
25738	25	21	3590
25739	7	3	3040
25740	1	1	2190
25741	33	20	3710
25742	14	5	3340
25743	1	1	2190
25745	1	1	2190
25751	2	2	2490
25752	21	17	3510
25753	28	25	3640
25754	1	1	2190
25755	50	40	3890
25757	2	2	2490
25758	2	2	2490
25761	9	9	3150
25762	10	7	3190
25765	103	33	4210
25766	121	42	4280
25767	1	1	2190
25771	136	66	4330
25773	7	6	3040
25779	6	2	2970
25780	16	15	3400
25782	5	5	2890
25783	1	1	2190
25785	2	2	2490
25786	1	1	2190
25787	9	9	3150
25788	2	2	2490
25789	1	1	2190
25795	18	17	3450
25797	3229	1077	5700
25798	24	19	3570
25799	19	17	3470
25801	59	46	3960
25805	6	5	2970
25806	9	8	3150
25807	12	9	3270
25814	11	9	3230
25815	12	8	3270
25816	3	3	2670
25820	5	3	2890
25822	18	4	3450
25823	2	2	2490
25827	1	1	2190
25831	2	1	2490
25832	1	1	2190
25833	2	2	2490
25835	4	4	2790
25837	2	2	2490
25844	5	4	2890
25846	5	2	2890
25848	1	1	2190
25852	7	7	3040
25853	1	1	2190
25854	2	2	2490
25857	1	1	2190
25860	4	4	2790
25861	1	1	2190
25867	20	14	3490
25868	2	2	2490
25872	1	1	2190
25874	1	1	2190
25875	68	43	4030
25886	5	4	2890
25888	66	12	4010
25889	1	1	2190
25890	1	1	2190
25892	4	2	2790
25893	17	11	3420
25895	6	4	2970
25896	20	17	3490
25898	2	2	2490
25899	348	246	4730
25900	904	435	5150
25901	25	19	3590
25903	1	1	2190
25904	1	1	2190
25906	1060	567	5220
25913	1	1	2190
25916	25	19	3590
25917	274	157	4630
25918	2	1	2490
25923	12	8	3270
25924	1	1	2190
25925	1	1	2190
25928	1	1	2190
25929	63	41	3990
25930	1	1	2190
25931	21	16	3510
25936	1	1	2190
25937	4	3	2790
25939	1797	1161	5450
25941	1	1	2190
25943	3	1	2670
25944	18	17	3450
25949	216	183	4530
25950	1680	970	5420
25952	33	30	3710
25954	39	29	3780
25955	15	10	3370
25956	2	1	2490
25957	1	1	2190
25960	20	20	3490
25961	30	29	3670
25966	19	16	3470
25969	281	179	4640
25970	174	132	4430
25972	3	3	2670
25973	8	5	3100
25980	348	233	4730
25981	23	15	3550
25982	119	94	4270
25983	9	6	3150
25986	4	4	2790
25987	3	3	2670
25990	8	4	3100
25991	23	22	3550
25996	3	3	2670
25997	1	1	2190
26001	2	2	2490
26002	5	4	2890
26003	78	62	4080
26005	7	4	3040
26008	4	4	2790
26009	9	9	3150
26013	2	2	2490
26015	39	23	3780
26016	1	1	2190
26018	9	6	3150
26021	6	5	2970
26022	1	1	2190
26023	2	2	2490
26025	5	5	2890
26027	12	11	3270
26028	1	1	2190
26029	17	14	3420
26031	5	5	2890
26032	5	5	2890
26033	1	1	2190
26034	3	3	2670
26035	5	4	2890
26037	5	4	2890
26038	35	25	3740
26039	28	19	3640
26040	229	119	4550
26041	519	287	4910
26042	7	5	3040
26043	96	80	4170
26048	74	50	4060
26049	1712	1032	5430
26050	1596	837	5400
26055	178	145	4440
26056	110	66	4230
26057	9	7	3150
26059	50	34	3890
26062	3	2	2670
26063	6	4	2970
26065	747	285	5070
26066	6	5	2970
26067	1	1	2190
26068	51	45	3900
26069	11	11	3230
26074	26	23	3610
26075	9	7	3150
26076	1	1	2190
26081	11	5	3230
26084	3	3	2670
26086	140	72	4340
26088	494	221	4890
26089	17	16	3420
26090	5	5	2890
26093	8	8	3100
26094	34	15	3720
26095	8	5	3100
26096	72	61	4050
26097	1	1	2190
26099	2	2	2490
26104	54	13	3930
26106	1	1	2190
26108	3	3	2670
26110	2	2	2490
26114	28	9	3640
26118	36	26	3750
26124	3	3	2670
26125	2	2	2490
26132	4	1	2790
26133	34	33	3720
26136	1	1	2190
26141	6	5	2970
26143	121	71	4280
26144	505	302	4900
26149	1	1	2190
26150	15	12	3370
26151	2	2	2490
26156	138	100	4330
26157	734	481	5060
26158	633	351	4990
26159	570	362	4950
26160	344	251	4730
26161	169	137	4420
26163	214	177	4520
26164	75	46	4070
26166	7	4	3040
26168	135	102	4320
26172	320	254	4700
26173	235	186	4560
26175	3	3	2670
26177	195	159	4480
26178	145	130	4350
26179	7	6	3040
26180	6	1	2970
26183	1	1	2190
26185	1	1	2190
26189	1	1	2190
26191	42	19	3820
26192	1	1	2190
26193	10	9	3190
26194	10	8	3190
26195	200	156	4490
26198	1	1	2190
26199	9	3	3150
26201	11	3	3230
26206	16	9	3400
26207	18	15	3450
26209	149	97	4370
26212	17	13	3420
26214	9	7	3150
26215	1	1	2190
26223	2	1	2490
26228	39	22	3780
26229	87	81	4130
26230	27	15	3620
26234	12	12	3270
26235	6	4	2970
26237	8	7	3100
26239	1	1	2190
26240	6	6	2970
26243	2	2	2490
26244	4	4	2790
26245	72	32	4050
26249	852	623	5120
26250	2	2	2490
26251	98	94	4180
26257	1261	1027	5290
26258	158	124	4390
26259	279	241	4640
26260	84	66	4120
26262	383	245	4780
26263	18	17	3450
26265	6	5	2970
26266	2	2	2490
26272	7	2	3040
26273	13	11	3310
26274	837	689	5120
26280	1	1	2190
26281	11745	4191	6260
26282	3035	2001	5670
26283	1	1	2190
26284	4	4	2790
26285	94	82	4170
26286	2	2	2490
26289	91	75	4150
26290	5858	2767	5960
26294	180	143	4450
26296	7	5	3040
26297	24	20	3570
26304	3	3	2670
26305	1	1	2190
26306	18	15	3450
26307	3	3	2670
26308	2050	1615	5500
26309	2	2	2490
26310	255	236	4600
26311	7	7	3040
26316	100	67	4190
26317	39	20	3780
26318	140	118	4340
26320	43	39	3830
26321	195	151	4480
26322	840	709	5120
26323	9858	6711	6190
26324	421	149	4820
26325	1	1	2190
26326	188	162	4470
26327	317	224	4690
26328	5359	4845	5920
26329	1	1	2190
26330	1	1	2190
26331	1	1	2190
26334	102	39	4200
26335	142	135	4340
26336	227	173	4550
26337	1	1	2190
26339	2	1	2490
26341	13	12	3310
26342	77	39	4080
26343	35	25	3740
26345	1288	335	5300
26346	1	1	2190
26347	6	6	2970
26351	338	338	4720
26352	1959	988	5480
26353	166	132	4410
26356	33	30	3710
26357	15	15	3370
26358	1	1	2190
26359	4	4	2790
26361	4	4	2790
26362	38	26	3770
26363	1	1	2190
26365	4	4	2790
26366	2	1	2490
26369	3	3	2670
26375	2	1	2490
26378	1	1	2190
26379	34	30	3720
26380	682	393	5030
26383	4661	4083	5860
26384	14574	13705	6360
26385	172	150	4430
26386	173	168	4430
26387	981	688	5180
26388	2178	1312	5530
26389	9	9	3150
26390	13759	7034	6330
26391	1061	781	5220
26394	606	417	4980
26395	4	2	2790
26396	2879	1606	5650
26397	293	288	4660
26399	164	102	4410
26402	78	72	4080
26408	1	1	2190
26409	20	16	3490
26411	6	6	2970
26412	9	9	3150
26413	245	206	4580
26414	6	5	2970
26415	4	3	2790
26420	9	8	3150
26428	9	9	3150
26430	9	6	3150
26431	40	39	3790
26438	10	10	3190
26439	2	2	2490
26442	35	31	3740
26447	181	104	4450
26452	2	2	2490
26459	6	3	2970
26461	1	1	2190
26463	12788	4934	6300
26464	5	5	2890
26466	1	1	2190
26470	3	3	2670
26475	55	42	3930
26477	109	94	4230
26478	10	8	3190
26479	234	207	4560
26485	2	2	2490
26486	17	10	3420
26496	2	2	2490
26498	18	14	3450
26500	2	2	2490
26502	225	190	4540
26503	79	67	4090
26504	184	148	4460
26508	3	3	2670
26509	14	13	3340
26518	18	13	3450
26521	1	1	2190
26523	1	1	2190
26528	87	73	4130
26529	1	1	2190
26530	30	29	3670
26535	1	1	2190
26536	51	27	3900
26537	2	1	2490
26541	10	6	3190
26543	3	1	2670
26544	43	35	3830
26545	1	1	2190
26547	6	5	2970
26548	4	4	2790
26553	2	2	2490
26556	3	3	2670
26557	33	23	3710
26563	5	5	2890
26565	29	12	3660
26567	3	3	2670
26569	16	3	3400
26570	9	9	3150
26574	262	221	4610
26575	1	1	2190
26576	148	128	4360
26577	179	152	4450
26578	399	313	4790
26582	1	1	2190
26583	35	32	3740
26584	2	2	2490
26587	26	22	3610
26592	1	1	2190
26593	33	30	3710
26597	5	2	2890
26603	10	10	3190
26604	3	3	2670
26605	1	1	2190
26617	5	5	2890
26618	20	18	3490
26621	1	1	2190
26624	6	5	2970
26628	10	6	3190
26631	30	28	3670
26632	11	2	3230
26634	262	206	4610
26636	53	46	3920
26639	1	1	2190
26642	16	7	3400
26643	3	3	2670
26646	3	2	2670
26648	8	7	3100
26654	5	3	2890
26659	8	6	3100
26660	122	101	4280
26662	2	1	2490
26663	27	25	3620
26665	283	217	4640
26671	8	6	3100
26675	5	5	2890
26679	2	2	2490
26680	12	10	3270
26683	1	1	2190
26685	1	1	2190
26690	2	2	2490
26691	17	17	3420
26692	3	3	2670
26696	2	2	2490
26698	8	5	3100
26699	6	6	2970
26704	2	2	2490
26706	44	32	3840
26707	450	211	4850
26709	3	3	2670
26711	3	3	2670
26713	4	4	2790
26714	67	56	4020
26720	1	1	2190
26725	1	1	2190
26728	1	1	2190
26732	1	1	2190
26740	1	1	2190
26746	2	2	2490
26747	3	3	2670
26749	108	87	4230
26750	1	1	2190
26752	1	1	2190
26755	2	2	2490
26756	28	13	3640
26758	5	4	2890
26760	1	1	2190
26769	24	22	3570
26776	40	33	3790
26777	1	1	2190
26778	2	2	2490
26781	7	5	3040
26786	3	3	2670
26790	5	5	2890
26795	1	1	2190
26796	262	195	4610
26797	1	1	2190
26798	25	20	3590
26799	1	1	2190
26801	3	1	2670
26805	2	2	2490
26807	5	4	2890
26811	2	1	2490
26812	5	5	2890
26813	21	17	3510
26815	2	2	2490
26819	5	5	2890
26820	1	1	2190
26826	5	3	2890
26830	1	1	2190
26831	7	6	3040
26832	24	18	3570
26833	13	12	3310
26838	6	3	2970
26840	8	7	3100
26845	622	436	4990
26848	2	2	2490
26850	23	9	3550
26853	11	3	3230
26856	24	20	3570
26858	114	83	4250
26859	2	2	2490
26861	1	1	2190
26862	2	2	2490
26863	1	1	2190
26864	19	17	3470
26866	809	462	5100
26867	1947	1001	5480
26870	1	1	2190
26873	254	183	4600
26878	1	1	2190
26882	2	1	2490
26883	5	5	2890
26886	6	4	2970
26892	2	2	2490
26894	1	1	2190
26895	4	3	2790
26897	6	6	2970
26902	1175	630	5260
26903	33	13	3710
26906	27	24	3620
26908	13	2	3310
26910	8	5	3100
26924	161	94	4400
26926	1	1	2190
26927	281	195	4640
26933	1	1	2190
26938	16	15	3400
26947	3	3	2670
26948	2	2	2490
26950	22	18	3540
26951	2	2	2490
26953	2	2	2490
26954	9	9	3150
26955	301	188	4670
26957	589	302	4960
26958	558	184	4940
26959	403	209	4800
26961	39	38	3780
26962	294	171	4660
26967	3	3	2670
26968	8	7	3100
26970	17	16	3420
26971	4	4	2790
26973	31	27	3680
26974	1	1	2190
26976	1	1	2190
26977	3	3	2670
26978	2	2	2490
26981	1	1	2190
26982	9	8	3150
26984	13	13	3310
26986	1	1	2190
26987	6	5	2970
26988	4	4	2790
26989	1	1	2190
26993	179	157	4450
26996	207	139	4510
26999	1	1	2190
27000	3	3	2670
27002	26	21	3610
27005	3	3	2670
27009	12	8	3270
27012	5	4	2890
27014	1	1	2190
27016	2	2	2490
27027	487	336	4880
27029	2	2	2490
27030	46	36	3860
27036	6	6	2970
27040	2	1	2490
27048	7	5	3040
27051	1	1	2190
27052	6	2	2970
27053	2	1	2490
27055	1	1	2190
27063	17	14	3420
27065	1	1	2190
27068	3	1	2670
27071	36910	36881	6760
27072	5063	2546	5900
27073	8	4	3100
27076	26	19	3610
27077	6	6	2970
27078	3028	1991	5670
27083	3	3	2670
27084	7	5	3040
27085	8	6	3100
27086	1	1	2190
27088	6	5	2970
27091	2	1	2490
27092	2	2	2490
27093	37	34	3760
27094	1	1	2190
27098	2	2	2490
27105	1	1	2190
27106	1	1	2190
27108	54	34	3930
27109	12	11	3270
27110	2	1	2490
27116	351	252	4740
27117	249	201	4590
27118	1	1	2190
27119	5	5	2890
27130	1	1	2190
27133	3	2	2670
27134	1	1	2190
27136	4	4	2790
27138	10	9	3190
27141	40	27	3790
27143	2	2	2490
27147	227	168	4550
27153	84	76	4120
27154	2	2	2490
27156	1	1	2190
27162	1	1	2190
27170	73	62	4060
27171	13	13	3310
27172	120	98	4270
27174	1	1	2190
27179	1	1	2190
27182	3	3	2670
27183	134	114	4320
27184	266	187	4620
27188	1	1	2190
27190	1	1	2190
27192	1	1	2190
27196	1	1	2190
27204	17	11	3420
27205	230	186	4550
27206	216	132	4530
27207	258	200	4600
27208	1191	826	5270
27209	349	254	4740
27210	194	150	4480
27211	208	173	4510
27212	67	58	4020
27213	34	23	3720
27215	1	1	2190
27216	2	2	2490
27217	218	165	4530
27218	1330	933	5320
27220	343	328	4730
27221	833	603	5110
27222	2031	1193	5500
27223	46	41	3860
27225	1	1	2190
27228	182	141	4450
27229	288	199	4650
27230	8	4	3100
27239	1	1	2190
27248	3	3	2670
27250	51	44	3900
27251	20	9	3490
27253	10	10	3190
27257	3	3	2670
27258	1	1	2190
27260	20	15	3490
27264	228	151	4550
27268	1	1	2190
27275	12	8	3270
27277	3	3	2670
27278	10	9	3190
27282	1227	1162	5280
27283	3	2	2670
27284	9	6	3150
27287	15	15	3370
27290	2	2	2490
27291	3	3	2670
27293	3	3	2670
27297	6	5	2970
27301	1	1	2190
27303	438	243	4830
27309	307	223	4680
27310	774	468	5080
27311	10	10	3190
27312	25	21	3590
27314	7	7	3040
27318	80	59	4100
27319	7	7	3040
27321	9	4	3150
27324	5	3	2890
27327	10	8	3190
27334	600	585	4970
27335	4	4	2790
27336	4	3	2790
27337	15	13	3370
27338	155	122	4380
27346	1	1	2190
27347	551	550	4930
27348	309	308	4680
27349	414	414	4810
27350	7	5	3040
27351	6	3	2970
27352	10	8	3190
27353	11	6	3230
27354	100	77	4190
27355	1173	562	5260
27356	1	1	2190
27357	1	1	2190
27358	140	121	4340
27368	8	5	3100
27378	2442	2438	5580
27379	3	3	2670
27380	46	24	3860
27384	3	3	2670
27385	12	11	3270
27387	3	3	2670
27389	1	1	2190
27391	1	1	2190
27393	86	77	4130
27397	1	1	2190
27398	1	1	2190
27399	51	18	3900
27400	20	18	3490
27404	2	2	2490
27407	6	5	2970
27409	15	10	3370
27410	1	1	2190
27415	2	2	2490
27420	291	160	4660
27433	15	13	3370
27437	3	3	2670
27438	21	16	3510
27439	60	53	3970
27440	177	153	4440
27441	192	158	4480
27443	13	11	3310
27444	5	4	2890
27446	2	1	2490
27455	2	2	2490
27456	143	114	4350
27457	7	7	3040
27459	36	36	3750
27460	149	124	4370
27461	909	671	5150
27462	499	395	4890
27463	1	1	2190
27464	16	13	3400
27465	8	7	3100
27466	443	331	4840
27467	1774	1081	5440
27470	10	7	3190
27471	32	27	3700
27472	3	3	2670
27473	92	67	4160
27477	14	14	3340
27480	1	1	2190
27484	19	16	3470
27491	4	4	2790
27496	7	6	3040
27503	1	1	2190
27505	6	4	2970
27506	17	15	3420
27507	32	30	3700
27508	7	6	3040
27509	18	15	3450
27510	27	16	3620
27511	1	1	2190
27512	4	2	2790
27513	4	3	2790
27516	18	4	3450
27518	172	139	4430
27519	63	59	3990
27520	10	8	3190
27522	154	116	4380
27523	624	479	4990
27524	5	5	2890
27525	298	208	4670
27526	95	80	4170
27527	1	1	2190
27528	18	14	3450
27529	358	278	4750
27531	11	11	3230
27534	5	3	2890
27535	18	15	3450
27538	16	13	3400
27539	310	195	4680
27540	5	5	2890
27541	2	2	2490
27543	48	41	3870
27544	2	2	2490
27548	10	6	3190
27554	587	412	4960
27555	64	52	4000
27556	1	1	2190
27560	1	1	2190
27562	7	7	3040
27574	1625	867	5400
27575	311	217	4690
27576	255	219	4600
27579	49	40	3880
27583	15	15	3370
27584	74	66	4060
27585	1	1	2190
27587	1	1	2190
27590	1	1	2190
27592	4699	2091	5860
27593	11	8	3230
27594	54	24	3930
27595	7	7	3040
27596	1	1	2190
27598	111	77	4240
27599	1	1	2190
27600	8	7	3100
27601	2	2	2490
27606	1	1	2190
27607	1017	678	5200
27608	7	7	3040
27609	6	5	2970
27610	14	11	3340
27612	3	3	2670
27613	2	2	2490
27614	30	25	3670
27617	5	4	2890
27618	35	31	3740
27621	1	1	2190
27624	145	120	4350
27625	179	125	4450
27626	180	130	4450
27627	5	4	2890
27629	5	4	2890
27630	63	42	3990
27640	2	1	2490
27643	2	1	2490
27644	6	4	2970
27645	12	10	3270
27651	95	76	4170
27653	277	131	4640
27655	2	2	2490
27656	37	13	3760
27658	2	2	2490
27659	10	7	3190
27660	1	1	2190
27661	1	1	2190
27663	7	6	3040
27664	8	5	3100
27667	7	7	3040
27668	31	22	3680
27669	29	23	3660
27672	3937	1463	5790
27673	4	3	2790
27674	1	1	2190
27677	8	7	3100
27678	326	326	4710
27679	1586	714	5390
27681	18	12	3450
27683	177	75	4440
27685	348	347	4730
27686	627	627	4990
27687	1140	1138	5250
27688	311	296	4690
27690	28	14	3640
27691	467	211	4860
27692	225	176	4540
27695	56	45	3940
27696	1	1	2190
27697	58	53	3960
27698	2	2	2490
27699	6	1	2970
27701	1	1	2190
27702	589	365	4960
27703	11	9	3230
27704	1	1	2190
27705	32	30	3700
27706	13	6	3310
27709	201	144	4500
27711	3	3	2670
27716	297	88	4670
27717	41	35	3810
27718	12	9	3270
27719	3	2	2670
27728	34	24	3720
27731	2	2	2490
27737	1983	1120	5490
27738	10	10	3190
27739	142	56	4340
27742	5	5	2890
27745	60	52	3970
27746	8	5	3100
27747	4	2	2790
27755	47	29	3860
27765	4	3	2790
27770	9	9	3150
27772	1	1	2190
27776	41	22	3810
27778	15	12	3370
27779	1	1	2190
27780	45	21	3850
27781	1045	410	5210
27782	1673	582	5420
27783	1	1	2190
27784	8	7	3100
27785	1	1	2190
27787	9	7	3150
27789	1	1	2190
27790	1	1	2190
27792	6	6	2970
27793	1	1	2190
27794	35	22	3740
27797	38	27	3770
27800	36	29	3750
27801	1	1	2190
27804	12	6	3270
27805	40	24	3790
27806	1	1	2190
27809	8	7	3100
27810	3	3	2670
27811	12	1	3270
27812	73	59	4060
27813	92	61	4160
27814	12	5	3270
27815	1	1	2190
27817	28	18	3640
27821	5	3	2890
27824	7	7	3040
27825	1	1	2190
27829	8	8	3100
27830	13	13	3310
27832	5	3	2890
27835	2	2	2490
27837	1	1	2190
27839	53	44	3920
27841	2	1	2490
27842	2	1	2490
27843	2	1	2490
27844	3	2	2670
27845	1	1	2190
27847	104	80	4210
27848	5	5	2890
27851	6	3	2970
27852	14	10	3340
27853	5	1	2890
27854	9	8	3150
27858	1	1	2190
27859	43	38	3830
27860	1	1	2190
27862	2	1	2490
27863	1	1	2190
27864	15	10	3370
27865	17	13	3420
27866	1	1	2190
27869	3	2	2670
27871	20	17	3490
27873	6	5	2970
27874	14	11	3340
27876	1	1	2190
27878	1	1	2190
27879	2	2	2490
27886	9	9	3150
27887	1	1	2190
27888	5	5	2890
27891	2	2	2490
27893	25	25	3590
27894	157	86	4390
27895	35	26	3740
27898	6	4	2970
27901	14	13	3340
27906	3	3	2670
27914	2	1	2490
27915	33	25	3710
27919	1	1	2190
27920	1	1	2190
27921	5	4	2890
27922	40	39	3790
27923	2	2	2490
27929	1	1	2190
27930	4	3	2790
27932	1	1	2190
27933	4	3	2790
27935	2	2	2490
27939	131	107	4310
27941	2	2	2490
27942	26	23	3610
27944	21	21	3510
27946	1	1	2190
27947	86	71	4130
27949	1	1	2190
27951	9	8	3150
27953	8	1	3100
27955	1	1	2190
27957	74	60	4060
27958	462	354	4860
27959	1129	629	5250
27960	349	219	4740
27961	79	55	4090
27966	7	6	3040
27972	1	1	2190
27973	14	12	3340
27982	9	7	3150
27985	63	43	3990
27986	210	130	4510
27989	23	22	3550
27991	2	2	2490
27992	56	34	3940
27993	109	81	4230
27994	1	1	2190
27995	1	1	2190
27997	5	5	2890
28005	3	3	2670
28006	1	1	2190
28008	43	26	3830
28009	2	2	2490
28016	21	15	3510
28017	55	16	3930
28021	2589	949	5610
28022	557	259	4940
28023	356	194	4740
28026	308	233	4680
28027	111	93	4240
28030	1	1	2190
28036	58	30	3960
28037	114	79	4250
28040	1	1	2190
28041	1	1	2190
28045	37	18	3760
28047	208	132	4510
28048	34	31	3720
28049	11	11	3230
28052	181	140	4450
28053	1	1	2190
28056	13	11	3310
28058	141	128	4340
28059	692	433	5030
28060	25308	13340	6600
28061	790	525	5090
28062	667	488	5020
28067	8	8	3100
28072	1	1	2190
28073	1	1	2190
28074	211	136	4520
28075	557	319	4940
28076	2	2	2490
28077	353	353	4740
28078	2177	739	5530
28080	11	7	3230
28083	1	1	2190
28089	17	17	3420
28091	1	1	2190
28096	1	1	2190
28097	32	23	3700
28098	14	10	3340
28099	1	1	2190
28104	13	9	3310
28107	8	4	3100
28109	3	2	2670
28115	7	2	3040
28116	1	1	2190
28117	27	11	3620
28118	307	154	4680
28121	3	3	2670
28122	2	2	2490
28123	10	9	3190
28125	2	2	2490
28128	12	10	3270
28131	3	3	2670
28135	54	50	3930
28137	105	79	4210
28141	9	8	3150
28142	1	1	2190
28145	9	8	3150
28147	1	1	2190
28150	358	356	4750
28151	339	278	4720
28152	1110	764	5240
28153	1	1	2190
28154	177	158	4440
28155	311	285	4690
28156	2	2	2490
28159	66	58	4010
28160	38	36	3770
28161	70	65	4040
28162	5	5	2890
28163	9	9	3150
28164	2	2	2490
28169	1	1	2190
28172	2	2	2490
28178	346	252	4730
28179	1212	277	5280
28185	1	1	2190
28188	8	8	3100
28190	12	7	3270
28191	2	2	2490
28193	2	2	2490
28198	2	2	2490
28200	1	1	2190
28202	1	1	2190
28205	22	17	3540
28206	1	1	2190
28209	76	61	4070
28216	3	3	2670
28218	3	3	2670
28220	4	4	2790
28222	1	1	2190
28223	1919	1228	5480
28224	305	214	4680
28225	1807	1184	5450
28226	1	1	2190
28229	3	3	2670
28234	140	65	4340
28235	57	38	3950
28239	1	1	2190
28240	1	1	2190
28241	4	1	2790
28248	2	1	2490
28249	135	118	4320
28250	595	423	4970
28251	1	1	2190
28255	1	1	2190
28264	1	1	2190
28265	32	29	3700
28267	2	2	2490
28268	31	15	3680
28269	124	50	4290
28274	1	1	2190
28275	1	1	2190
28276	1	1	2190
28282	2	2	2490
28287	4	3	2790
28291	12	8	3270
28295	1	1	2190
28297	2	1	2490
28298	3	3	2670
28303	1	1	2190
28308	2	2	2490
28309	1	1	2190
28310	3	2	2670
28321	1	1	2190
28323	334	156	4720
28324	2	2	2490
28325	1	1	2190
28326	5	5	2890
28328	3	2	2670
28335	21	21	3510
28336	68	47	4030
28337	84	39	4120
28338	140	115	4340
28341	1	1	2190
28343	26	22	3610
28344	12	10	3270
28347	5	5	2890
28351	9	6	3150
28356	9	8	3150
28362	1	1	2190
28367	7	6	3040
28369	1	1	2190
28371	3	3	2670
28386	65	51	4010
28387	7	4	3040
28389	17	8	3420
28392	1	1	2190
28393	1	1	2190
28394	1	1	2190
28397	1	1	2190
28399	1	1	2190
28402	86	58	4130
28403	1	1	2190
28407	8	6	3100
28408	325	271	4700
28409	273	172	4630
28410	1	1	2190
28417	31	25	3680
28429	192	152	4480
28430	1	1	2190
28434	1	1	2190
28436	4	4	2790
28439	1	1	2190
28440	30	15	3670
28443	24	22	3570
28444	82	49	4110
28445	651	351	5010
28446	280	152	4640
28453	3	3	2670
28454	1	1	2190
28463	1	1	2190
28464	26	25	3610
28465	1	1	2190
28468	1	1	2190
28469	1	1	2190
28474	14	14	3340
28479	1	1	2190
28480	1	1	2190
28481	1	1	2190
28482	4	4	2790
28488	1	1	2190
28489	1	1	2190
28491	9	8	3150
28498	1	1	2190
28503	21	21	3510
28504	5	5	2890
28508	1	1	2190
28517	8	8	3100
28521	1	1	2190
28522	1	1	2190
28525	5	4	2890
28526	5	2	2890
28528	1	1	2190
28533	119	62	4270
28534	435	362	4830
28536	543	309	4930
28537	304	189	4680
28538	115	91	4250
28539	62	60	3990
28542	474	383	4870
28543	244	204	4580
28548	25	21	3590
28551	155	121	4380
28554	6	5	2970
28555	5	5	2890
28571	2	2	2490
28574	29	25	3660
28575	11	8	3230
28578	1	1	2190
28579	9	5	3150
28582	2	2	2490
28583	5	4	2890
28585	18	16	3450
28589	45	25	3850
28594	11	10	3230
28595	5	2	2890
28603	4	3	2790
28604	1	1	2190
28605	9	8	3150
28607	6	6	2970
28608	1	1	2190
28613	1	1	2190
28615	9	9	3150
28620	124	104	4290
28628	12	12	3270
28630	1	1	2190
28631	1	1	2190
28634	32	24	3700
28635	1	1	2190
28640	14	13	3340
28641	1	1	2190
28643	35	11	3740
28644	2	2	2490
28645	53	41	3920
28648	7	7	3040
28654	12	11	3270
28659	1	1	2190
28667	10	9	3190
28668	87	77	4130
28669	150	119	4370
28674	1	1	2190
28675	56	38	3940
28678	2	2	2490
28680	501	379	4890
28681	28	23	3640
28686	64	35	4000
28690	18	14	3450
28694	4	3	2790
28697	1442	723	5350
28699	5	5	2890
28700	3	3	2670
28701	36	34	3750
28702	1	1	2190
28704	5	5	2890
28706	2	2	2490
28712	1	1	2190
28713	17	11	3420
28716	12	12	3270
28717	25	19	3590
28718	9	8	3150
28721	56	46	3940
28726	135	105	4320
28727	2	1	2490
28729	1	1	2190
28730	1	1	2190
28734	4	4	2790
28735	4	1	2790
28736	311	235	4690
28737	1041	665	5210
28740	3	3	2670
28742	3	2	2670
28744	400	284	4790
28745	21	20	3510
28747	16	14	3400
28750	23	20	3550
28751	4	4	2790
28755	1	1	2190
28756	162	122	4400
28762	2	1	2490
28765	3	2	2670
28773	2	1	2490
28778	14	10	3340
28779	1123	1095	5240
28780	1143	1107	5250
28781	586	420	4960
28782	9	3	3150
28783	2	2	2490
28791	2	2	2490
28792	1	1	2190
28794	1	1	2190
28806	44	35	3840
28813	1	1	2190
28815	26	13	3610
28819	41	31	3810
28823	37	22	3760
28827	2	2	2490
28828	1	1	2190
28834	2	2	2490
28835	1	1	2190
28836	18	11	3450
28837	1	1	2190
28844	38	28	3770
28846	6	4	2970
28853	1	1	2190
28854	1	1	2190
28856	3	2	2670
28859	1	1	2190
28862	3979	1940	5790
28863	295	142	4660
28864	61	56	3980
28865	1921	1122	5480
28866	1066	788	5220
28871	4	3	2790
28872	2	2	2490
28876	58	50	3960
28878	2	2	2490
28880	29	27	3660
28883	17	8	3420
28887	63	50	3990
28888	2	2	2490
28893	1	1	2190
28895	25	25	3590
28901	11	8	3230
28906	1	1	2190
28915	1	1	2190
28917	9	9	3150
28924	74	64	4060
28925	175	120	4440
28927	140	104	4340
28928	267	179	4620
28929	399	288	4790
28931	2	2	2490
28933	1	1	2190
28935	31	25	3680
28936	42	34	3820
28937	2	2	2490
28941	7	6	3040
28942	14	12	3340
28954	330	216	4710
28957	2	2	2490
28967	877	615	5140
28968	1270	802	5300
28969	171	137	4430
28971	51	42	3900
28972	439	265	4840
28973	1124	739	5240
28976	3	2	2670
28979	39	35	3780
28981	19	18	3470
28984	22	20	3540
28999	31	26	3680
29002	14	13	3340
29003	15	12	3370
29009	159	129	4390
29010	1	1	2190
29012	17	17	3420
29015	6	4	2970
29016	1	1	2190
29019	2	2	2490
29027	28	25	3640
29032	7	5	3040
29036	24	18	3570
29041	4	4	2790
29047	6	3	2970
29048	1	1	2190
29051	3	3	2670
29053	50	24	3890
29057	11	8	3230
29060	4	3	2790
29064	3	2	2670
29066	1	1	2190
29074	2	2	2490
29076	2	2	2490
29077	2	2	2490
29083	89	63	4140
29084	5	5	2890
29091	837	583	5120
29092	55	25	3930
29094	21	10	3510
29095	10	9	3190
29099	3	3	2670
29114	497	414	4890
29115	186	146	4460
29125	12	10	3270
29126	1	1	2190
29128	15	15	3370
29130	547	312	4930
29131	1	1	2190
29132	1	1	2190
29134	485	331	4880
29135	1	1	2190
29137	40	37	3790
29142	1	1	2190
29151	225	143	4540
29153	34	29	3720
29156	1914	964	5470
29160	590	305	4960
29161	9029	3661	6150
29171	28	15	3640
29173	157	116	4390
29175	26	20	3610
29176	46	40	3860
29177	5	3	2890
29180	3	3	2670
29181	28	7	3640
29183	18	15	3450
29184	2	2	2490
29186	1	1	2190
29187	3	2	2670
29189	10	5	3190
29190	47	43	3860
29191	8	6	3100
29192	4	2	2790
29193	1	1	2190
29194	1	1	2190
29196	4	3	2790
29198	33	28	3710
29199	204	136	4500
29204	10	9	3190
29205	6	6	2970
29206	8	5	3100
29209	2	2	2490
29210	27	11	3620
29211	201	125	4500
29212	302	114	4670
29213	5	4	2890
29216	133	96	4320
29218	4	4	2790
29220	1	1	2190
29221	160	137	4400
29222	66	58	4010
29229	11	11	3230
29230	2	2	2490
29231	25	17	3590
29233	165	105	4410
29235	3	3	2670
29238	30	27	3670
29239	1	1	2190
29244	97	66	4180
29246	5	5	2890
29247	1	1	2190
29250	8	6	3100
29251	27	20	3620
29259	1	1	2190
29260	34	27	3720
29263	12	8	3270
29264	14	11	3340
29265	6	6	2970
29266	66	49	4010
29269	87	78	4130
29270	2	2	2490
29271	3	3	2670
29274	9	8	3150
29275	3	3	2670
29279	53	39	3920
29280	10	10	3190
29281	1	1	2190
29284	1	1	2190
29285	4	3	2790
29286	68	43	4030
29287	3	1	2670
29292	4	3	2790
29296	2	2	2490
29298	1	1	2190
29300	63	31	3990
29301	3	3	2670
29302	4	2	2790
29303	1	1	2190
29305	33	31	3710
29306	12	5	3270
29309	51	24	3900
29314	37	32	3760
29325	25	19	3590
29327	7	7	3040
29334	4	4	2790
29337	11	11	3230
29338	26	25	3610
29342	35	27	3740
29344	6	4	2970
29345	153	123	4380
29347	234	195	4560
29352	27	26	3620
29353	6	5	2970
29355	28	27	3640
29357	2	2	2490
29359	79	54	4090
29360	1	1	2190
29361	220	164	4540
29363	185	137	4460
29364	2	2	2490
29365	1	1	2190
29366	4	1	2790
29368	2	1	2490
29369	69	25	4030
29370	2	2	2490
29372	2	2	2490
29373	2	2	2490
29375	1	1	2190
29377	37	32	3760
29378	5	5	2890
29380	248	93	4590
29384	9	8	3150
29385	94	30	4170
29386	2	2	2490
29387	1	1	2190
29389	1	1	2190
29390	4	4	2790
29396	1	1	2190
29397	1	1	2190
29398	2	2	2490
29400	17	14	3420
29405	2	2	2490
29408	2	2	2490
29409	3	3	2670
29410	24	14	3570
29411	33	29	3710
29412	32	27	3700
29414	9	7	3150
29417	2	2	2490
29418	3	3	2670
29419	2	2	2490
29423	1	1	2190
29424	9	5	3150
29426	5	5	2890
29427	14	8	3340
29434	1144	395	5250
29435	5	5	2890
29436	3992	2153	5790
29437	38	33	3770
29440	7	6	3040
29442	1	1	2190
29449	1	1	2190
29450	1	1	2190
29460	271	172	4630
29468	6	4	2970
29469	2	1	2490
29471	4	4	2790
29476	7	5	3040
29478	1	1	2190
29479	1	1	2190
29481	1	1	2190
29485	3	3	2670
29491	1	1	2190
29492	6	6	2970
29493	1	1	2190
29495	2	1	2490
29498	1	1	2190
29499	6374	2969	6000
29500	63	44	3990
29503	32	20	3700
29504	127	101	4300
29505	181	147	4450
29511	22	18	3540
29514	4	3	2790
29516	99	79	4190
29517	384	194	4780
29518	280	175	4640
29519	21	20	3510
29520	42	36	3820
29527	2	2	2490
29528	1	1	2190
29530	13	12	3310
29532	19	14	3470
29538	81	50	4100
29539	1	1	2190
29540	17	14	3420
29542	1	1	2190
29544	5	3	2890
29545	3	3	2670
29549	1	1	2190
29551	8	3	3100
29553	1	1	2190
29556	11	10	3230
29561	4	4	2790
29562	13	11	3310
29563	126	102	4290
29564	68	57	4030
29565	845	621	5120
29566	1	1	2190
29567	4	3	2790
29568	103	93	4210
29569	1	1	2190
29574	9	9	3150
29575	60	54	3970
29585	9	8	3150
29588	16	15	3400
29589	2	2	2490
29590	27	24	3620
29591	20	16	3490
29594	2	2	2490
29596	2	2	2490
29601	5	5	2890
29608	7	5	3040
29616	9	5	3150
29617	4	4	2790
29619	3	3	2670
29623	51	40	3900
29624	429	275	4830
29626	2	2	2490
29627	17	15	3420
29628	12	7	3270
29631	3	3	2670
29633	3	3	2670
29637	45	35	3850
29638	15	15	3370
29643	1	1	2190
29645	63	54	3990
29646	11	10	3230
29648	251	208	4590
29651	25	23	3590
29652	454	236	4850
29653	17	12	3420
29655	9	5	3150
29658	4	4	2790
29660	2	2	2490
29661	19	17	3470
29662	64	45	4000
29665	5	4	2890
29668	9	4	3150
29669	9	9	3150
29671	1251	746	5290
29672	1	1	2190
29674	8	8	3100
29675	2	2	2490
29676	197	195	4490
29679	20	17	3490
29682	4	4	2790
29683	83	74	4110
29685	22	21	3540
29693	54	39	3930
29696	1	1	2190
29697	1	1	2190
29698	4	3	2790
29699	35	34	3740
29701	4	4	2790
29702	2	1	2490
29707	217	178	4530
29708	1	1	2190
29709	179	154	4450
29711	15	15	3370
29714	21	13	3510
29716	157	130	4390
29721	12	8	3270
29725	1	1	2190
29726	31	19	3680
29727	2	2	2490
29729	219	192	4530
29734	121	66	4280
29735	376	206	4770
29736	162	119	4400
29739	32	27	3700
29740	1	1	2190
29741	479	364	4870
29743	127	112	4300
29744	3	3	2670
29745	178	152	4440
29746	1	1	2190
29748	4	2	2790
29749	242	109	4580
29750	11	10	3230
29752	272	199	4630
29753	62	53	3990
29754	21	15	3510
29756	40	33	3790
29757	7	6	3040
29762	1	1	2190
29764	236	195	4570
29765	13	12	3310
29766	1	1	2190
29767	3	3	2670
29770	39	35	3780
29771	220	158	4540
29772	77	67	4080
29773	54	51	3930
29775	46	35	3860
29777	118	99	4260
29778	203	148	4500
29782	972	665	5180
29783	2	2	2490
29784	7	6	3040
29785	2456	1563	5580
29787	29	20	3660
29788	1	1	2190
29790	2	2	2490
29792	1	1	2190
29794	5	4	2890
29799	23	16	3550
29802	6	6	2970
29803	6	4	2970
29807	7	6	3040
29810	1	1	2190
29812	1	1	2190
29818	266	158	4620
29819	9	6	3150
29825	6	4	2970
29826	5	4	2890
29827	9	9	3150
29831	3	1	2670
29834	1	1	2190
29835	16	3	3400
29837	12	10	3270
29844	2	2	2490
29846	904	604	5150
29848	12	12	3270
29853	2	2	2490
29854	377	330	4770
29858	11	8	3230
29859	5	5	2890
29860	32	25	3700
29869	4	2	2790
29870	3	3	2670
29880	92	66	4160
29885	179	136	4450
29886	1	1	2190
29888	3	3	2670
29890	3	2	2670
29900	35	34	3740
29901	3	3	2670
29902	197	139	4490
29903	133	102	4320
29904	5	4	2890
29906	2	2	2490
29907	131	91	4310
29909	2	2	2490
29910	46	33	3860
29911	1	1	2190
29912	2	2	2490
29915	17	11	3420
29919	1	1	2190
29920	7	6	3040
29921	3	2	2670
29927	7	6	3040
29933	1	1	2190
29937	2	2	2490
29943	32	25	3700
29945	1	1	2190
29948	3	3	2670
29950	21	10	3510
29953	9	7	3150
29958	2	2	2490
29959	11	10	3230
29964	1	1	2190
29965	3	3	2670
29966	2	2	2490
29970	6	6	2970
29971	35	32	3740
29972	951	569	5170
29977	190	141	4470
29978	20	15	3490
29979	28	14	3640
29982	8	4	3100
29983	1	1	2190
29984	47	32	3860
29985	5	3	2890
29991	41	35	3810
29992	287	219	4650
29993	1	1	2190
29995	45	16	3850
30001	29	21	3660
30002	10	10	3190
30004	32	28	3700
30009	1	1	2190
30010	10	8	3190
30017	2	2	2490
30019	225	98	4540
30020	27	7	3620
30022	7	5	3040
30023	1	1	2190
30033	1	1	2190
30038	155	97	4380
30039	593	281	4970
30045	4	2	2790
30046	432	236	4830
30047	1	1	2190
30048	5	5	2890
30053	3	3	2670
30056	8	5	3100
30057	12	10	3270
30058	1	1	2190
30064	9	7	3150
30072	2035	1167	5500
30073	122	93	4280
30074	4	2	2790
30075	2	2	2490
30076	14	10	3340
30078	7	5	3040
30079	7	6	3040
30080	31	29	3680
30081	1	1	2190
30082	1	1	2190
30097	3	2	2670
30104	5	5	2890
30107	29	20	3660
30108	22	16	3540
30109	1	1	2190
30112	20	11	3490
30113	1	1	2190
30117	3	3	2670
30118	3	3	2670
30125	4	3	2790
30127	21	19	3510
30130	22	13	3540
30134	24	16	3570
30137	1	1	2190
30147	4	3	2790
30165	1	1	2190
30166	2	2	2490
30167	10	10	3190
30168	653	398	5010
30172	294	245	4660
30173	7	7	3040
30174	69	24	4030
30175	4	4	2790
30176	311	260	4690
30177	39	38	3780
30178	166	149	4410
30180	9	6	3150
30183	47	47	3860
30186	13	9	3310
30187	425	282	4820
30188	201	158	4500
30193	14	13	3340
30196	5	5	2890
30202	17	13	3420
30203	35	13	3740
30204	71	59	4040
30208	1	1	2190
30210	4	4	2790
30211	3	3	2670
30212	1	1	2190
30213	1	1	2190
30214	1	1	2190
30215	5	5	2890
30216	2	1	2490
30219	2	1	2490
30220	51	43	3900
30234	5	3	2890
30236	5	2	2890
30239	3	2	2670
30240	1	1	2190
30243	8	7	3100
30250	15	15	3370
30256	46	39	3860
30259	4	4	2790
30266	13	13	3310
30269	1	1	2190
30274	3	3	2670
30275	31	12	3680
30277	1	1	2190
30287	32	23	3700
30290	1	1	2190
30299	1	1	2190
30300	1	1	2190
30301	1	1	2190
30303	5	5	2890
30304	4	4	2790
30317	5	4	2890
30327	125	93	4290
30329	5	5	2890
30330	2	2	2490
30333	5	5	2890
30334	2	2	2490
30339	2	2	2490
30340	2	1	2490
30343	24	17	3570
30345	1	1	2190
30356	1	1	2190
30361	42	30	3820
30365	2	2	2490
30367	42	28	3820
30368	2	2	2490
30372	19	17	3470
30375	2	2	2490
30394	9	9	3150
30397	1	1	2190
30401	4	4	2790
30405	62	44	3990
30416	1	1	2190
30418	6	6	2970
30422	16	9	3400
30423	1	1	2190
30425	30	12	3670
30429	2	1	2490
30436	2	2	2490
30441	4	4	2790
30442	2	2	2490
30448	8	5	3100
30449	37	36	3760
30466	89	69	4140
30467	163	120	4400
30469	12	9	3270
30470	3	2	2670
30475	12	12	3270
30480	1	1	2190
30488	3	2	2670
30490	3	3	2670
30493	3	3	2670
30494	2	2	2490
30495	1	1	2190
30502	14	7	3340
30503	4	3	2790
30504	50	42	3890
30505	301	208	4670
30507	5	5	2890
30509	16	7	3400
30511	15	1	3370
30515	375	268	4770
30516	6	5	2970
30517	20	19	3490
30521	4	4	2790
30523	1	1	2190
30524	29	20	3660
30528	30	22	3670
30529	73	64	4060
30530	1	1	2190
30534	8	8	3100
30537	1	1	2190
30542	4	3	2790
30545	1	1	2190
30547	3	2	2670
30548	2	2	2490
30553	1	1	2190
30557	5	5	2890
30558	8	6	3100
30563	1	1	2190
30564	1	1	2190
30565	1	1	2190
30566	130	110	4310
30567	38	32	3770
30569	20	16	3490
30570	1	1	2190
30571	1	1	2190
30574	10	6	3190
30577	20	10	3490
30580	5	4	2890
30582	3	3	2670
30586	21	13	3510
30588	1	1	2190
30593	53	38	3920
30596	4	4	2790
30599	1	1	2190
30600	61	54	3980
30603	2	2	2490
30604	38	32	3770
30608	2	2	2490
30610	5	5	2890
30612	2	2	2490
30613	29	19	3660
30614	2	1	2490
30616	5	3	2890
30617	175	116	4440
30621	191	159	4470
30622	23	20	3550
30623	1	1	2190
30624	2	2	2490
30627	31	20	3680
30631	2	2	2490
30636	12	11	3270
30639	5	4	2890
30641	11	9	3230
30645	1	1	2190
30652	2	2	2490
30661	34	7	3720
30670	17	14	3420
30672	1	1	2190
30696	1	1	2190
30700	6	6	2970
30702	2	2	2490
30703	2	2	2490
30704	134	53	4320
30706	10	8	3190
30707	7	5	3040
30709	5	1	2890
30719	1	1	2190
30722	25	17	3590
30726	1	1	2190
30733	92	31	4160
30734	1	1	2190
30735	2	2	2490
30736	5	5	2890
30739	1	1	2190
30748	4	3	2790
30751	27	12	3620
30752	6	5	2970
30756	3	3	2670
30766	56	39	3940
30769	2	2	2490
30771	9	8	3150
30773	5	4	2890
30774	2	1	2490
30777	31	20	3680
30779	5	3	2890
30781	9	6	3150
30788	1	1	2190
30789	5	4	2890
30793	2	1	2490
30799	18	11	3450
30801	1	1	2190
30804	2	2	2490
30805	1	1	2190
30809	1	1	2190
30810	4	3	2790
30812	1	1	2190
30814	2	2	2490
30815	2	2	2490
30816	31	27	3680
30817	673	198	5020
30822	1	1	2190
30823	50	34	3890
30824	9	5	3150
30833	4	3	2790
30840	1	1	2190
30845	21	16	3510
30847	188	168	4470
30848	218	190	4530
30851	1	1	2190
30858	1	1	2190
30861	10	8	3190
30863	2	1	2490
30864	2	2	2490
30869	3	2	2670
30870	3	3	2670
30872	9	9	3150
30875	35	32	3740
30877	1	1	2190
30879	11	9	3230
30880	1	1	2190
30881	4	4	2790
30887	20	13	3490
30888	9	4	3150
30891	10	7	3190
30895	3	3	2670
30903	2	2	2490
30906	2	1	2490
30909	13	11	3310
30911	5	3	2890
30919	3	3	2670
30925	215	115	4530
30927	461	168	4860
30928	57	34	3950
30930	9	7	3150
30934	2	2	2490
30942	25	8	3590
30943	13	9	3310
30958	2	2	2490
30962	9	8	3150
30967	3	3	2670
30971	2	2	2490
30983	1	1	2190
30987	1	1	2190
30998	2	2	2490
31001	113	101	4250
31003	2	2	2490
31005	3	3	2670
31014	4	4	2790
31016	36	35	3750
31018	1	1	2190
31019	5	3	2890
31021	3	3	2670
31024	1	1	2190
31027	19	17	3470
31037	2	2	2490
31041	34	34	3720
31045	2	2	2490
31047	16	15	3400
31052	1	1	2190
31053	14	12	3340
31054	3	3	2670
31057	3	3	2670
31061	2	2	2490
31062	10	7	3190
31074	1	1	2190
31076	15	15	3370
31078	7	5	3040
31081	2	2	2490
31084	2	2	2490
31088	1	1	2190
31091	11	11	3230
31093	1	1	2190
31095	7	6	3040
31097	853	415	5120
31098	8	8	3100
31099	12	12	3270
31100	1	1	2190
31103	4	3	2790
31105	6	6	2970
31110	10	10	3190
31113	49	43	3880
31120	12	6	3270
31121	2	2	2490
31123	2	2	2490
31126	3	2	2670
31127	34	29	3720
31128	3	3	2670
31129	10	8	3190
31130	108	87	4230
31135	5	5	2890
31136	4	4	2790
31137	171	119	4430
31138	3	3	2670
31141	263	161	4610
31142	100	82	4190
31145	3	2	2670
31149	444	268	4840
31150	616	394	4980
31151	198	148	4490
31152	6	5	2970
31153	1	1	2190
31154	2	2	2490
31155	12	12	3270
31157	3	2	2670
31163	1	1	2190
31167	3	3	2670
31168	1	1	2190
31174	2	2	2490
31179	6	6	2970
31183	1	1	2190
31184	3	3	2670
31186	3	3	2670
31187	4	4	2790
31194	61	2	3980
31197	4	3	2790
31199	8	6	3100
31201	208	168	4510
31204	1	1	2190
31205	2	2	2490
31206	1	1	2190
31212	183	144	4460
31213	228	156	4550
31214	2	2	2490
31219	5	3	2890
31221	18	18	3450
31223	98	70	4180
31224	3	3	2670
31225	1	1	2190
31226	5	5	2890
31229	1	1	2190
31231	58	22	3960
31242	8	7	3100
31243	13	8	3310
31245	66	43	4010
31253	42	23	3820
31254	3	3	2670
31255	55	40	3930
31256	2	2	2490
31271	7	5	3040
31276	1	1	2190
31279	805	570	5100
31280	2	2	2490
31289	2	2	2490
31291	46	34	3860
31292	527	356	4910
31293	9	8	3150
31298	1	1	2190
31303	2	2	2490
31304	3	3	2670
31305	158	131	4390
31306	214	169	4520
31307	17	15	3420
31310	8	6	3100
31311	2	2	2490
31313	1	1	2190
31316	365	227	4750
31317	1120	803	5240
31318	2	2	2490
31321	274	202	4630
31323	11	8	3230
31324	2	2	2490
31333	5	4	2890
31334	1	1	2190
31335	142	115	4340
31338	15	15	3370
31339	79	70	4090
31346	1	1	2190
31347	17	16	3420
31348	141	113	4340
31349	5	4	2890
31350	24	24	3570
31351	4	4	2790
31354	2	2	2490
31356	17	16	3420
31358	3	3	2670
31359	59	45	3960
31364	1	1	2190
31369	13	11	3310
31370	13	10	3310
31371	12	10	3270
31374	20	17	3490
31375	3	3	2670
31377	2	2	2490
31378	9	8	3150
31379	1	1	2190
31382	3	3	2670
31384	2	1	2490
31388	18608	5920	6460
31389	19	13	3470
31391	8	8	3100
31394	2	2	2490
31396	18	18	3450
31397	25	16	3590
31399	3	3	2670
31401	1	1	2190
31410	34	24	3720
31419	1	1	2190
31421	1	1	2190
31423	490	313	4880
31424	14	7	3340
31431	5	5	2890
31432	23	16	3550
31433	14	9	3340
31435	7	4	3040
31440	31	11	3680
31441	25	23	3590
31445	27	9	3620
31447	55	41	3930
31451	1	1	2190
31452	2	2	2490
31453	3	3	2670
31455	120	117	4270
31457	22	12	3540
31469	2	2	2490
31470	37	17	3760
31471	19	14	3470
31472	2	2	2490
31477	1	1	2190
31478	1	1	2190
31479	56	36	3940
31483	27	24	3620
31490	1	1	2190
31492	10	9	3190
31493	15	11	3370
31496	20	12	3490
31501	29	20	3660
31510	12	10	3270
31513	26	10	3610
31514	362	209	4750
31519	1	1	2190
31520	41	33	3810
31521	1	1	2190
31523	11	11	3230
31526	2	2	2490
31527	2	2	2490
31528	71	52	4040
31529	1	1	2190
31531	3	1	2670
31533	2	2	2490
31534	1	1	2190
31535	3	2	2670
31544	10	9	3190
31545	1	1	2190
31546	268	194	4620
31549	10	10	3190
31553	7	7	3040
31556	2	2	2490
31558	1	1	2190
31559	31	21	3680
31562	6	6	2970
31565	1	1	2190
31568	786	423	5090
31569	296	169	4660
31570	175	137	4440
31576	2	2	2490
31577	1	1	2190
31578	12	3	3270
31580	15	8	3370
31586	1	1	2190
31588	2	2	2490
31592	1	1	2190
31594	1	1	2190
31599	93	51	4160
31600	37	24	3760
31601	4	4	2790
31607	4	4	2790
31612	3	2	2670
31617	9	9	3150
31618	25	19	3590
31619	1	1	2190
31622	2	2	2490
31623	173	150	4430
31624	3	3	2670
31629	4	4	2790
31631	10	10	3190
31633	1	1	2190
31636	1	1	2190
31638	137	111	4330
31644	2	2	2490
31647	7	7	3040
31648	7	7	3040
31649	15	14	3370
31650	2	2	2490
31652	6	4	2970
31653	9	9	3150
31654	32	26	3700
31655	10	9	3190
31656	102	75	4200
31657	9	8	3150
31659	2	2	2490
31663	6	6	2970
31666	1	1	2190
31672	2	2	2490
31673	47	38	3860
31674	23	23	3550
31675	3	3	2670
31678	2	2	2490
31679	117	97	4260
31681	1	1	2190
31683	1	1	2190
31690	1	1	2190
31691	7	6	3040
31694	35	25	3740
31696	2	2	2490
31697	1	1	2190
31698	2	2	2490
31703	3	1	2670
31713	1	1	2190
31720	4	4	2790
31723	2	2	2490
31730	1	1	2190
31734	1	1	2190
31738	332	243	4710
31739	1165	767	5260
31740	135	62	4320
31741	142	110	4340
31744	193	157	4480
31745	146	123	4360
31746	72	57	4050
31753	1	1	2190
31754	351	247	4740
31755	3	3	2670
31756	69	58	4030
31757	18	12	3450
31758	64	57	4000
31763	3	3	2670
31765	55	27	3930
31766	2	1	2490
31770	55	44	3930
31771	2	1	2490
31772	22	15	3540
31774	3	3	2670
31778	1	1	2190
31783	9	9	3150
31785	12	9	3270
31790	6	5	2970
31793	1407	803	5340
31794	5	5	2890
31795	2	2	2490
31796	33	28	3710
31803	2	2	2490
31819	10	4	3190
31820	2	2	2490
31825	2	2	2490
31826	2	1	2490
31828	176	103	4440
31833	2	2	2490
31839	2266	1128	5550
31840	713	711	5050
31841	4	4	2790
31842	5	5	2890
31851	7	7	3040
31860	1	1	2190
31861	53	21	3920
31862	193	163	4480
31863	9	8	3150
31865	608	467	4980
31877	1	1	2190
31878	5	5	2890
31879	17	17	3420
31884	5	4	2890
31891	3	3	2670
31893	10	9	3190
31894	4	4	2790
31901	2	2	2490
31916	25	22	3590
31917	3	3	2670
31921	146	121	4360
31922	4	3	2790
31923	12	12	3270
31924	34	26	3720
31929	3	3	2670
31932	1	1	2190
31935	3	3	2670
31941	2	2	2490
31943	4	4	2790
31947	8	5	3100
31948	5	5	2890
31949	2	1	2490
31950	4	4	2790
31951	1	1	2190
31954	21	14	3510
31957	1	1	2190
31959	4	3	2790
31965	3	3	2670
31966	1	1	2190
31978	5	5	2890
31979	353	189	4740
31980	10	9	3190
31982	780	528	5080
31990	75	53	4070
31991	1	1	2190
31996	3	3	2670
31999	7	7	3040
32000	8	2	3100
32001	177	151	4440
32003	1	1	2190
32004	6	5	2970
32005	210	146	4510
32006	54	45	3930
32007	9	9	3150
32008	46	31	3860
32009	2	2	2490
32012	6	2	2970
32013	2	2	2490
32014	1	1	2190
32023	1	1	2190
32026	1	1	2190
32028	1	1	2190
32033	90	59	4150
32034	23	16	3550
32035	12	12	3270
32037	372	264	4760
32045	2	2	2490
32047	193	122	4480
32048	15	8	3370
32049	1	1	2190
32050	1	1	2190
32052	31	21	3680
32053	24	16	3570
32054	7	6	3040
32056	1002	598	5190
32057	1911	1002	5470
32058	503	362	4890
32059	438	336	4830
32061	3	3	2670
32062	4311	3219	5830
32063	1	1	2190
32065	452	319	4850
32066	9032	8262	6150
32067	498	346	4890
32073	14	11	3340
32075	3	3	2670
32076	25	25	3590
32077	39	15	3780
32079	154	116	4380
32081	30	25	3670
32083	1	1	2190
32084	6	6	2970
32085	362	354	4750
32086	4091	3127	5800
32087	6386	5680	6000
32088	2	2	2490
32089	5923	5275	5970
32097	353	239	4740
32098	17	17	3420
32099	32	23	3700
32100	290	243	4660
32101	254	220	4600
32102	43	42	3830
32104	716	444	5050
32105	377	258	4770
32106	9	7	3150
32107	5	4	2890
32110	1331	759	5320
32111	623	536	4990
32112	127	73	4300
32116	34	18	3720
32117	5	5	2890
32118	6	5	2970
32119	3	2	2670
32121	225	133	4540
32122	1088	509	5230
32127	4	4	2790
32128	222	179	4540
32129	92	60	4160
32131	831	370	5110
32132	468	236	4860
32134	1	1	2190
32135	1	1	2190
32136	69	45	4030
32137	3	2	2670
32138	12	11	3270
32139	86	70	4130
32140	6	3	2970
32142	115	73	4250
32143	336	168	4720
32144	1	1	2190
32145	1	1	2190
32147	724	335	5050
32148	271	208	4630
32149	373	296	4760
32150	135	102	4320
32152	221	139	4540
32153	1	1	2190
32157	2	2	2490
32160	35	29	3740
32165	20	18	3490
32167	1	1	2190
32168	1	1	2190
32169	6	6	2970
32172	8	8	3100
32173	19	15	3470
32174	2	2	2490
32176	3	3	2670
32180	112	94	4240
32182	1	1	2190
32185	12	12	3270
32188	5	4	2890
32189	11	9	3230
32190	36	18	3750
32191	1	1	2190
32193	68	45	4030
32194	12	10	3270
32196	14	6	3340
32197	1	1	2190
32198	40	24	3790
32207	2	2	2490
32208	60	45	3970
32210	1	1	2190
32213	2	2	2490
32214	15	13	3370
32215	1	1	2190
32219	89	62	4140
32220	2	2	2490
32224	4	4	2790
32225	1	1	2190
32228	2	2	2490
32230	14	11	3340
32231	1	1	2190
32232	1	1	2190
32234	1515	905	5370
32235	1	1	2190
32236	49	42	3880
32237	218	155	4530
32241	227	154	4550
32244	20	12	3490
32245	72	52	4050
32247	185	130	4460
32248	275	148	4630
32249	43	37	3830
32250	3	3	2670
32252	14	7	3340
32254	7	7	3040
32262	12	7	3270
32263	22	19	3540
32265	4	4	2790
32266	3	1	2670
32268	26	23	3610
32269	7	7	3040
32272	51	35	3900
32273	1	1	2190
32277	1686	1300	5420
32279	155	110	4380
32280	7	5	3040
32283	2	2	2490
32286	90	66	4150
32289	11	6	3230
32301	43	29	3830
32304	2	2	2490
32307	2	2	2490
32309	1	1	2190
32311	2	2	2490
32313	1	1	2190
32315	1	1	2190
32317	116	88	4260
32318	825	467	5110
32319	192	156	4480
32320	116	93	4260
32321	136	98	4330
32322	1	1	2190
32326	1	1	2190
32330	5	4	2890
32331	1	1	2190
32334	1	1	2190
32335	66	46	4010
32338	28	27	3640
32341	327	211	4710
32342	819	524	5110
32343	198	156	4490
32344	290	146	4660
32345	732	428	5060
32346	1343	819	5320
32347	253	181	4600
32348	275	220	4630
32349	67	50	4020
32354	3	2	2670
32357	53	44	3920
32358	17	17	3420
32361	294	153	4660
32362	373	199	4760
32363	195	135	4480
32364	30	22	3670
32367	31	25	3680
32370	18	17	3450
32374	80	61	4100
32376	85	72	4120
32378	172	137	4430
32379	3	3	2670
32381	2	2	2490
32382	10	10	3190
32386	5	5	2890
32391	4	4	2790
32392	3	3	2670
32398	10	9	3190
32401	1	1	2190
32403	27	17	3620
32406	6	6	2970
32407	19	7	3470
32410	12	10	3270
32415	1	1	2190
32418	13	10	3310
32424	2	2	2490
32427	1	1	2190
32428	7	6	3040
32431	4	4	2790
32432	2	2	2490
32434	1307	464	5310
32435	21	20	3510
32436	120	115	4270
32437	177	138	4440
32444	32	26	3700
32448	6	6	2970
32450	63	57	3990
32451	5	5	2890
32454	25	17	3590
32463	90	75	4150
32464	12	12	3270
32467	2	2	2490
32473	11	10	3230
32474	65	35	4010
32475	247	174	4590
32476	8	6	3100
32478	10	9	3190
32479	2	2	2490
32487	8	5	3100
32488	1	1	2190
32489	2	2	2490
32490	43	32	3830
32492	447	447	4840
32493	593	541	4970
32494	1	1	2190
32497	3	3	2670
32498	440	222	4840
32500	5	2	2890
32502	348	150	4730
32503	19	12	3470
32504	1	1	2190
32511	7	7	3040
32513	1	1	2190
32514	5	5	2890
32516	355	223	4740
32518	1	1	2190
32524	1	1	2190
32527	1	1	2190
32532	505	266	4900
32533	1306	388	5310
32534	716	360	5050
32535	36	26	3750
32539	1	1	2190
32540	4	4	2790
32543	91	51	4150
32544	106	74	4220
32546	1066	558	5220
32547	2	1	2490
32551	1	1	2190
32553	2	1	2490
32556	3	3	2670
32562	3098	1127	5680
32563	297	141	4670
32564	4	4	2790
32568	8	7	3100
32574	1	1	2190
32576	6	6	2970
32579	2	2	2490
32580	13	8	3310
32581	16	9	3400
32587	10	9	3190
32590	162	107	4400
32593	84	61	4120
32599	3	3	2670
32601	247	144	4590
32605	21	21	3510
32608	1	1	2190
32610	2	2	2490
32613	1	1	2190
32615	36	17	3750
32626	1	1	2190
32627	3019	2831	5670
32628	238	232	4570
32629	36	17	3750
32630	2	2	2490
32635	3	2	2670
32637	1866	1137	5460
32638	3	3	2670
32640	3301	2655	5710
32641	243	180	4580
32642	17	16	3420
32646	196	172	4480
32647	9	6	3150
32648	6	6	2970
32649	211	121	4520
32650	28	19	3640
32651	4	4	2790
32652	13	12	3310
32653	7	7	3040
32655	6	5	2970
32659	13	12	3310
32663	102	101	4200
32665	1	1	2190
32666	2	1	2490
32668	3	2	2670
32671	289	289	4650
32673	1194	874	5270
32674	4093	2247	5800
32675	1104	688	5240
32676	1	1	2190
32681	60	42	3970
32682	2	2	2490
32683	14	11	3340
32685	1	1	2190
32687	21	13	3510
32688	4	3	2790
32689	1	1	2190
32690	7	4	3040
32692	111	67	4240
32698	727	566	5050
32699	9	9	3150
32702	1	1	2190
32705	3	3	2670
32707	1	1	2190
32709	18	16	3450
32711	41	33	3810
32712	12	9	3270
32713	3	3	2670
32714	1	1	2190
32716	3	3	2670
32717	5	5	2890
32724	2	2	2490
32727	512	371	4900
32728	74	53	4060
32729	9	9	3150
32730	6	5	2970
32731	6	6	2970
32732	2	2	2490
32733	144	129	4350
32734	2	1	2490
32735	3	3	2670
32736	3	3	2670
32737	12	11	3270
32738	1	1	2190
32740	6	6	2970
32745	2	2	2490
32747	13	9	3310
32748	4	3	2790
32749	3	2	2670
32750	2	2	2490
32751	3	3	2670
32752	77	52	4080
32756	16	9	3400
32757	4	3	2790
32765	245	170	4580
32766	4	4	2790
32768	5	5	2890
32771	9	7	3150
32774	31	28	3680
32775	23	17	3550
32778	7	5	3040
32779	292	234	4660
32780	8	7	3100
32781	1	1	2190
32782	10	6	3190
32783	2	2	2490
32787	1	1	2190
32788	1	1	2190
32789	265	198	4620
32790	405	284	4800
32794	184	157	4460
32799	167	121	4420
32805	4	2	2790
32806	16	11	3400
32807	10	8	3190
32808	4	3	2790
32809	1	1	2190
32810	18	18	3450
32811	4	4	2790
32812	31	26	3680
32813	7	6	3040
32814	4	3	2790
32818	22	20	3540
32829	5	5	2890
32834	2	2	2490
32835	67	51	4020
32836	2	2	2490
32838	8	4	3100
32840	332	273	4710
32841	15	12	3370
32842	197	105	4490
32843	279	246	4640
32845	4	4	2790
32846	5	5	2890
32847	366	255	4760
32848	1909	957	5470
32849	215	188	4530
32850	410	328	4810
32851	2	1	2490
32852	4	4	2790
32859	9	8	3150
32860	40	31	3790
32861	5319	2556	5920
32862	157	124	4390
32863	317	232	4690
32864	7	7	3040
32865	484	221	4880
32871	40	9	3790
32872	4	2	2790
32873	14	8	3340
32878	9	1	3150
32882	39	32	3780
32883	23	16	3550
32886	1	1	2190
32888	9	6	3150
32892	1	1	2190
32894	8	2	3100
32899	3	2	2670
32900	2	2	2490
32902	4	3	2790
32903	2	1	2490
32906	1	1	2190
32907	11	9	3230
32910	25	19	3590
32911	3	3	2670
32912	15	9	3370
32914	1	1	2190
32919	5	4	2890
32921	2	1	2490
32922	2	1	2490
32927	9	8	3150
32929	10	10	3190
32932	10	6	3190
32937	1	1	2190
32938	11	9	3230
32939	7	7	3040
32940	117	99	4260
32941	24	22	3570
32947	2	2	2490
32954	2	2	2490
32955	26	17	3610
32956	15	5	3370
32960	83	46	4110
32962	2	2	2490
32963	27	22	3620
32966	4	4	2790
32969	34	29	3720
32971	14	7	3340
32972	1	1	2190
32973	2	2	2490
32974	2	2	2490
32977	6	5	2970
32979	3	3	2670
32984	3	3	2670
32989	2	2	2490
32992	16	12	3400
32993	1	1	2190
32994	12	9	3270
33004	153	80	4380
33005	1	1	2190
33006	34	23	3720
33011	3	2	2670
33012	1	1	2190
33015	6	6	2970
33017	2	2	2490
33025	57	51	3950
33026	294	210	4660
33030	3	3	2670
33032	5	2	2890
33034	2	2	2490
33035	1	1	2190
33037	10	10	3190
33038	3	3	2670
33041	87	55	4130
33042	283	236	4640
33044	1	1	2190
33046	4	4	2790
33047	63	47	3990
33048	6	6	2970
33049	45	32	3850
33050	14	12	3340
33052	14	10	3340
33055	3	3	2670
33056	15	14	3370
33059	3	3	2670
33061	15	15	3370
33062	6	4	2970
33064	1	1	2190
33066	11	7	3230
33067	10	10	3190
33070	16	13	3400
33073	2	2	2490
33082	1	1	2190
33083	39	10	3780
33084	19	12	3470
33085	4	3	2790
33093	2	2	2490
33094	25	15	3590
33095	4	4	2790
33096	71	57	4040
33097	28	23	3640
33099	1	1	2190
33103	9	7	3150
33112	2	2	2490
33114	2	2	2490
33117	3	3	2670
33123	33074	18594	6710
33124	71	54	4040
33125	201	145	4500
33127	1	1	2190
33131	17	13	3420
33132	8	8	3100
33133	80	77	4100
33134	835	487	5110
33135	1	1	2190
33136	8	3	3100
33141	1	1	2190
33142	2	2	2490
33143	5	5	2890
33144	14	14	3340
33146	8	6	3100
33148	2	2	2490
33149	26	23	3610
33152	24	15	3570
33162	6	6	2970
33166	1	1	2190
33167	265	181	4620
33169	4	3	2790
33171	51	40	3900
33173	33	30	3710
33175	1	1	2190
33179	28	24	3640
33185	74	47	4060
33186	859	617	5130
33187	2	2	2490
33191	1	1	2190
33192	2	2	2490
33193	3	3	2670
33196	1	1	2190
33198	11	11	3230
33199	211	148	4520
33200	1	1	2190
33201	97	63	4180
33202	10	8	3190
33208	70	45	4040
33209	2496	862	5590
33210	360	202	4750
33211	178	118	4440
33212	3	3	2670
33214	1	1	2190
33215	390	254	4780
33216	2	2	2490
33217	6	3	2970
33220	1	1	2190
33221	30	28	3670
33222	634	225	4990
33228	3	3	2670
33239	17	14	3420
33240	2	1	2490
33241	2209	1365	5540
33242	334	226	4720
33245	1	1	2190
33246	8	6	3100
33247	62	51	3990
33249	1	1	2190
33250	41	26	3810
33251	3	2	2670
33253	4	4	2790
33256	509	387	4900
33266	5	5	2890
33270	1	1	2190
33277	79	71	4090
33280	40	35	3790
33285	3	2	2670
33290	1	1	2190
33291	1	1	2190
33303	1	1	2190
33311	1	1	2190
33312	16	14	3400
33317	5	3	2890
33320	2	2	2490
33329	3	2	2670
33332	11	2	3230
33333	4	3	2790
33334	45	36	3850
33335	6	5	2970
33336	88	80	4140
33337	175	131	4440
33338	1	1	2190
33340	27	18	3620
33341	1	1	2190
33346	265	147	4620
33347	878	391	5140
33350	343	130	4730
33351	260	185	4610
33352	133	77	4320
33354	1	1	2190
33355	9	8	3150
33361	2	1	2490
33362	1	1	2190
33364	20	8	3490
33366	1	1	2190
33372	4	4	2790
33373	526	523	4910
33374	1	1	2190
33375	1967	1948	5490
33376	4	4	2790
33381	22	20	3540
33382	3	3	2670
33383	3	3	2670
33384	3	3	2670
33386	18	13	3450
33387	107	103	4220
33388	260	207	4610
33389	280	228	4640
33392	131	46	4310
33395	235	168	4560
33404	1	1	2190
33407	2	2	2490
33410	2	2	2490
33417	3	3	2670
33426	25	18	3590
33427	1	1	2190
33428	43	38	3830
33429	2	1	2490
33430	4	3	2790
33431	18	14	3450
33432	2	2	2490
33433	1	1	2190
33435	6	4	2970
33438	2	1	2490
33444	3	3	2670
33447	1	1	2190
33449	369	300	4760
33451	3	3	2670
33456	1	1	2190
33457	5	4	2890
33458	1	1	2190
33463	1	1	2190
33464	279	197	4640
33465	814	493	5100
33466	37	30	3760
33468	1	1	2190
33471	47	37	3860
33472	20	18	3490
33476	239	154	4570
33477	13	13	3310
33478	299	161	4670
33480	138	128	4330
33481	363	247	4750
33483	2	2	2490
33488	2	2	2490
33489	1	1	2190
33492	25	17	3590
33494	73	63	4060
33495	2	2	2490
33496	4	3	2790
33505	1	1	2190
33509	2	2	2490
33510	15	9	3370
33512	6	2	2970
33514	7	5	3040
33526	17	13	3420
33527	1	1	2190
33530	1	1	2190
33539	11	9	3230
33541	1	1	2190
33544	1	1	2190
33545	22	21	3540
33546	29	24	3660
33547	1	1	2190
33548	2	1	2490
33549	93	72	4160
33551	482	258	4880
33553	129	93	4300
33556	26	6	3610
33558	10	10	3190
33562	1	1	2190
33563	5	2	2890
33566	2	2	2490
33567	51	42	3900
33568	495	298	4890
33569	257	153	4600
33571	35	23	3740
33572	7	5	3040
33575	2	2	2490
33576	1	1	2190
33577	1932	1087	5480
33580	20	16	3490
33581	2	1	2490
33582	15	5	3370
33584	1033	715	5210
33586	9	8	3150
33591	16	15	3400
33592	9	4	3150
33594	4	3	2790
33606	1	1	2190
33607	1	1	2190
33608	28	22	3640
33611	3	3	2670
33612	4	4	2790
33616	4	4	2790
33617	1	1	2190
33624	2	1	2490
33627	1	1	2190
33630	1	1	2190
33632	4	4	2790
33638	4	1	2790
33639	4	3	2790
33642	1	1	2190
33645	4	4	2790
33653	2	2	2490
33656	30	28	3670
33667	2	2	2490
33671	1	1	2190
33672	8	7	3100
33673	4	4	2790
33675	14	8	3340
33676	117	61	4260
33678	1	1	2190
33684	1	1	2190
33694	19	13	3470
33695	19	13	3470
33696	10	9	3190
33709	1	1	2190
33711	6	3	2970
33713	1	1	2190
33722	11	11	3230
33723	498	232	4890
33728	1	1	2190
33729	16	9	3400
33730	6	4	2970
33733	161	130	4400
33734	585	425	4960
33735	298	175	4670
33736	32	31	3700
33739	5	4	2890
33750	154	98	4380
33757	1	1	2190
33764	1	1	2190
33765	114	79	4250
33767	63	61	3990
33768	1	1	2190
33769	7	6	3040
33779	3	3	2670
33784	1	1	2190
33791	7	4	3040
33792	1	1	2190
33796	1	1	2190
33804	7	3	3040
33806	1	1	2190
33811	2	2	2490
33814	2	2	2490
33817	40	24	3790
33832	37	21	3760
33835	31	22	3680
33838	1	1	2190
33841	259	158	4610
33842	718	423	5050
33843	371	211	4760
33845	19	13	3470
33846	22	11	3540
33847	5	5	2890
33848	7	6	3040
33851	2	2	2490
33853	9	6	3150
33854	1	1	2190
33859	2	1	2490
33860	10	10	3190
33862	1	1	2190
33876	2	2	2490
33877	194	114	4480
33878	11	9	3230
33881	4	4	2790
33883	36	29	3750
33885	22	17	3540
33888	5	5	2890
33890	6	5	2970
33895	129	88	4300
33897	85	57	4120
33900	6	5	2970
33901	1	1	2190
33902	5	5	2890
33905	2	2	2490
33908	2	2	2490
33913	154	107	4380
33915	1	1	2190
33918	138	108	4330
33919	16	16	3400
33924	1	1	2190
33929	1	1	2190
33932	63	58	3990
33933	1	1	2190
33934	69	54	4030
33935	2	2	2490
33937	4	3	2790
33940	29	23	3660
33948	6	6	2970
33952	3	3	2670
33953	223	222	4540
33954	2	2	2490
33955	17	15	3420
33956	38	26	3770
33958	6	6	2970
33961	8	7	3100
33963	80	60	4100
33964	3	3	2670
33966	3	3	2670
33967	38	30	3770
33968	3	2	2670
33970	1	1	2190
33971	3	3	2670
33973	1	1	2190
33974	2	2	2490
33980	29	19	3660
33981	5	3	2890
33982	3	3	2670
33985	183	143	4460
33991	20	8	3490
33994	2	1	2490
33998	1074	835	5220
34007	2	2	2490
34016	1	1	2190
34021	78	23	4080
34027	202	176	4500
34030	1	1	2190
34032	391	318	4780
34034	268	262	4620
34035	296	184	4660
34036	6	6	2970
34038	8	4	3100
34039	7	6	3040
34042	314	255	4690
34044	2969	1176	5670
34050	7	6	3040
34051	17	12	3420
34053	17	13	3420
34054	6	5	2970
34056	1	1	2190
34058	5	4	2890
34059	5	4	2890
34061	1	1	2190
34062	4	4	2790
34064	8	7	3100
34065	6	6	2970
34066	1	1	2190
34067	1	1	2190
34068	63	36	3990
34069	20	12	3490
34071	120	61	4270
34072	13	8	3310
34074	3	2	2670
34075	65	45	4010
34076	43	25	3830
34077	59	40	3960
34078	31	22	3680
34080	2	1	2490
34082	4	4	2790
34083	1	1	2190
34084	3	3	2670
34085	3	2	2670
34088	300	197	4670
34089	1	1	2190
34090	19	14	3470
34091	15	11	3370
34092	10	8	3190
34093	10	9	3190
34095	69	48	4030
34097	8	7	3100
34099	2	2	2490
34101	1	1	2190
34102	137	100	4330
34103	1	1	2190
34104	2	2	2490
34105	15	10	3370
34106	32	24	3700
34107	45	36	3850
34109	634	634	4990
34110	1269	635	5300
34113	98	63	4180
34114	2	2	2490
34121	2	2	2490
34122	1464	753	5360
34124	532	330	4920
34132	4	2	2790
34141	7	5	3040
34142	3	3	2670
34145	10	10	3190
34147	1	1	2190
34148	21	16	3510
34149	9	8	3150
34153	39	29	3780
34154	10	10	3190
34155	2	2	2490
34156	35	25	3740
34157	22	18	3540
34158	1	1	2190
34159	19	17	3470
34162	113	92	4250
34165	2	1	2490
34166	31	28	3680
34169	338	225	4720
34170	36	34	3750
34171	1	1	2190
34172	19	11	3470
34173	28	19	3640
34174	12	11	3270
34175	3	3	2670
34181	12	9	3270
34182	3	2	2670
34185	2	1	2490
34186	271	120	4630
34188	1	1	2190
34189	111	93	4240
34191	13	11	3310
34195	305	236	4680
34196	557	319	4940
34197	5	5	2890
34198	2	2	2490
34199	1	1	2190
34201	14	14	3340
34202	1	1	2190
34206	10	9	3190
34209	5	5	2890
34214	2	2	2490
34215	1	1	2190
34217	2	2	2490
34220	44	38	3840
34227	137	37	4330
34229	4	3	2790
34238	7	7	3040
34239	111	34	4240
34242	20	17	3490
34245	2	2	2490
34246	1	1	2190
34247	1	1	2190
34248	4	3	2790
34250	1	1	2190
34251	1022	574	5200
34253	1	1	2190
34255	2	2	2490
34256	2	2	2490
34260	4	2	2790
34261	12	11	3270
34266	1	1	2190
34270	7	7	3040
34271	4	3	2790
34272	3	3	2670
34276	128	108	4300
34277	247	172	4590
34280	9	9	3150
34281	99	83	4190
34282	6	3	2970
34284	4	4	2790
34285	1683	160	5420
34288	4	4	2790
34290	1	1	2190
34291	40	33	3790
34292	24	17	3570
34293	21	21	3510
34294	3	3	2670
34295	352	219	4740
34297	5	5	2890
34302	1	1	2190
34307	224	133	4540
34308	467	322	4860
34309	1	1	2190
34310	2	2	2490
34311	9	9	3150
34315	2	2	2490
34322	8	7	3100
34323	7	6	3040
34324	51	28	3900
34325	1	1	2190
34329	3	2	2670
34330	504	352	4900
34331	448	276	4840
34332	210	159	4510
34334	432	317	4830
34337	519	332	4910
34342	1	1	2190
34345	1	1	2190
34346	726	409	5050
34347	2	2	2490
34348	16	15	3400
34349	12	11	3270
34350	1	1	2190
34352	1	1	2190
34353	1	1	2190
34354	13	11	3310
34355	10	5	3190
34356	1	1	2190
34357	11	9	3230
34365	61	46	3980
34368	2	2	2490
34369	1	1	2190
34370	102	64	4200
34371	1	1	2190
34372	68	64	4030
34373	95	69	4170
34375	13	13	3310
34380	69	44	4030
34381	12	11	3270
34382	11	5	3230
34384	289	141	4650
34385	1	1	2190
34391	1	1	2190
34392	11	9	3230
34393	2	1	2490
34396	6	5	2970
34400	8	8	3100
34401	4	3	2790
34408	4	4	2790
34409	3	2	2670
34410	9	6	3150
34414	3	3	2670
34416	1433	1405	5350
34417	9	8	3150
34419	1	1	2190
34421	8	7	3100
34423	13	11	3310
34424	26	17	3610
34426	285	146	4650
34429	1	1	2190
34438	9	6	3150
34439	9	7	3150
34444	1	1	2190
34445	318	198	4700
34446	728	363	5050
34447	419	206	4810
34449	222	127	4540
34450	2929	1822	5660
34454	2	2	2490
34456	1	1	2190
34457	11	10	3230
34459	1	1	2190
34462	2	2	2490
34465	8	7	3100
34466	1	1	2190
34470	5	5	2890
34475	25	18	3590
34481	94	70	4170
34482	644	384	5000
34483	3	3	2670
34487	79	60	4090
34488	4	3	2790
34489	8	4	3100
34490	1	1	2190
34491	2	2	2490
34493	3	2	2670
34496	294	206	4660
34497	6	6	2970
34498	81	66	4100
34499	2	2	2490
34500	1	1	2190
34502	21	16	3510
34503	59	43	3960
34505	3	3	2670
34507	544	387	4930
34509	2	2	2490
34510	53	42	3920
34511	6	6	2970
34512	9	6	3150
34513	12	11	3270
34514	135	84	4320
34517	1	1	2190
34518	19	15	3470
34519	3	3	2670
34520	18	11	3450
34521	4	1	2790
34522	8	8	3100
34523	3	2	2670
34525	2	2	2490
34530	15	13	3370
34536	1	1	2190
34537	1	1	2190
34538	2	2	2490
34546	13	7	3310
34547	6	5	2970
34549	1	1	2190
34550	6	6	2970
34552	56	6	3940
34555	6	6	2970
34556	1	1	2190
34558	40	18	3790
34559	32	18	3700
34560	11	6	3230
34561	111	93	4240
34562	1	1	2190
34564	183	128	4460
34568	32	25	3700
34570	1	1	2190
34573	4	3	2790
34577	4	4	2790
34578	276	195	4630
34583	25	25	3590
34585	435	298	4830
34587	31	25	3680
34588	42	30	3820
34600	138	90	4330
34601	6	5	2970
34604	13	11	3310
34613	3	2	2670
34617	85	65	4120
34618	925	435	5160
34619	12	8	3270
34621	45	17	3850
34623	15	13	3370
34624	14	11	3340
34625	3	3	2670
34626	1	1	2190
34627	17	11	3420
34628	1	1	2190
34630	1	1	2190
34631	21	19	3510
34633	1	1	2190
34644	3	3	2670
34646	96	69	4170
34648	113	82	4250
34650	41	37	3810
34651	5	4	2890
34652	1	1	2190
34654	149	116	4370
34655	28	27	3640
34657	9	7	3150
34660	6	6	2970
34664	1	1	2190
34665	13	8	3310
34671	5	4	2890
34672	2	2	2490
34677	27	24	3620
34680	1	1	2190
34683	6	6	2970
34685	72	45	4050
34686	1175	363	5260
34688	476	252	4870
34689	2	2	2490
34701	2	1	2490
34706	2	2	2490
34710	715	372	5050
34711	538	338	4920
34713	5	5	2890
34714	2	2	2490
34721	12	9	3270
34722	23	17	3550
34725	4	4	2790
34731	2	2	2490
34732	15	13	3370
34733	1	1	2190
34734	35	27	3740
34738	1	1	2190
34739	2	2	2490
34742	1	1	2190
34743	1	1	2190
34744	12	11	3270
34746	31	25	3680
34748	3	3	2670
34750	25	4	3590
34754	4	4	2790
34759	89	60	4140
34760	2	2	2490
34761	1	1	2190
34764	4	3	2790
34765	3	3	2670
34775	1	1	2190
34776	15	12	3370
34779	90	48	4150
34780	89	68	4140
34782	48	44	3870
34789	1	1	2190
34790	9	6	3150
34791	32	12	3700
34792	3	3	2670
34795	2	2	2490
34796	1	1	2190
34797	1	1	2190
34798	5	4	2890
34801	5	3	2890
34803	5	5	2890
34805	186	152	4460
34806	2	2	2490
34809	15	11	3370
34810	2	2	2490
34811	5	5	2890
34814	5	4	2890
34816	43	24	3830
34818	15	10	3370
34820	10	7	3190
34823	52	38	3910
34827	42	20	3820
34828	4	3	2790
34831	1	1	2190
34832	24	20	3570
34833	16	9	3400
34835	5	3	2890
34839	11	10	3230
34840	3	3	2670
34844	5	1	2890
34847	2	1	2490
34848	1	1	2190
34850	23	18	3550
34851	41	22	3810
34852	9	8	3150
34853	26	26	3610
34859	2	2	2490
34862	9	8	3150
34865	259	201	4610
34867	1	1	2190
34869	18	15	3450
34870	163	162	4400
34872	3	3	2670
34875	1	1	2190
34876	4	3	2790
34877	43	37	3830
34880	206	198	4510
34882	26	6	3610
34887	17	13	3420
34889	1	1	2190
34890	19	15	3470
34896	29	14	3660
34902	51	38	3900
34903	1	1	2190
34911	3	3	2670
34912	2	2	2490
34913	53	42	3920
34916	4	4	2790
34917	11	11	3230
34918	153	106	4380
34919	50	48	3890
34920	2	2	2490
34924	3	3	2670
34928	3	3	2670
34929	1	1	2190
34936	7	7	3040
34941	4	2	2790
34942	95	84	4170
34944	303	181	4670
34945	1	1	2190
34946	136	132	4330
34949	5	2	2890
34951	180	137	4450
34953	1531	970	5380
34954	1	1	2190
34956	441	277	4840
34957	82	69	4110
34958	2415	1567	5580
34961	7	7	3040
34964	47	37	3860
34965	9	5	3150
34967	9	7	3150
34968	146	93	4360
34970	158	108	4390
34971	28	24	3640
34976	3	3	2670
34979	2	1	2490
34982	12	6	3270
34986	3	3	2670
34987	3	3	2670
34993	5	4	2890
34996	194	137	4480
34997	618	455	4980
34998	350	257	4740
35005	6	3	2970
35007	2	2	2490
35013	3	3	2670
35016	6	5	2970
35023	4	4	2790
35030	36	21	3750
35032	1	1	2190
35034	3	3	2670
35035	10	1	3190
35036	20	8	3490
35037	8	8	3100
35041	1	1	2190
35042	12	11	3270
35048	4	4	2790
35051	21	18	3510
35053	11	10	3230
35061	3	3	2670
35071	41	31	3810
35072	30	18	3670
35074	1	1	2190
35077	1	1	2190
35082	24	24	3570
35084	4	4	2790
35086	28	23	3640
35087	2	2	2490
35089	1	1	2190
35101	19	15	3470
35102	1	1	2190
35103	2	2	2490
35106	2	2	2490
35107	1	1	2190
35108	2	2	2490
35112	21	16	3510
35114	1	1	2190
35115	5	3	2890
35119	147	82	4360
35120	495	197	4890
35122	3	2	2670
35124	4	4	2790
35129	6	5	2970
35131	2	1	2490
35132	1	1	2190
35134	90	60	4150
35136	117	73	4260
35145	3	3	2670
35148	3	3	2670
35150	10	8	3190
35154	185	157	4460
35156	65	61	4010
35158	233	177	4560
35161	11	6	3230
35163	2	1	2490
35165	13	10	3310
35166	48	43	3870
35170	1	1	2190
35173	1	1	2190
35174	7	3	3040
35176	25	22	3590
35179	7	7	3040
35183	3	3	2670
35193	5	5	2890
35196	2	2	2490
35200	2	1	2490
35201	1	1	2190
35202	53	43	3920
35203	2	2	2490
35205	4	3	2790
35206	6	5	2970
35208	1	1	2190
35211	32	31	3700
35212	167	147	4420
35226	1	1	2190
35235	4	2	2790
35238	22	4	3540
35241	335	283	4720
35242	1	1	2190
35243	3	3	2670
35244	11	11	3230
35245	1	1	2190
35246	570	252	4950
35247	2	1	2490
35248	1	1	2190
35253	19	17	3470
35257	34	32	3720
35259	1	1	2190
35261	2	2	2490
35265	1	1	2190
35268	29	20	3660
35269	1	1	2190
35272	88	73	4140
35274	769	438	5080
35275	23	23	3550
35278	4	4	2790
35280	3	3	2670
35281	4	4	2790
35293	9	9	3150
35300	194	159	4480
35301	4	3	2790
35304	23	22	3550
35306	9	9	3150
35311	7	7	3040
35312	1	1	2190
35319	4	4	2790
35326	8	4	3100
35327	108	89	4230
35328	3	3	2670
35330	2	2	2490
35335	2	2	2490
35338	3	3	2670
35339	39	21	3780
35340	375	184	4770
35341	122	95	4280
35343	7	3	3040
35344	53	40	3920
35346	4	4	2790
35351	200	164	4490
35354	8	8	3100
35356	36	29	3750
35359	2	2	2490
35361	8	7	3100
35370	8	7	3100
35373	133	90	4320
35374	3	3	2670
35375	10	10	3190
35377	1	1	2190
35378	1	1	2190
35384	6	5	2970
35385	1	1	2190
35387	3924	2133	5790
35388	1	1	2190
35389	10	9	3190
35390	7	4	3040
35392	6	6	2970
35393	10	4	3190
35394	4	4	2790
35396	4	4	2790
35397	76	60	4070
35398	52	45	3910
35399	7	5	3040
35403	55	44	3930
35408	19	16	3470
35411	13	11	3310
35414	10	2	3190
35417	2	2	2490
35418	33	28	3710
35422	1	1	2190
35431	16	3	3400
35432	1	1	2190
35434	9	9	3150
35435	24	21	3570
35436	1	1	2190
35437	13	13	3310
35440	1	1	2190
35443	5	1	2890
35447	15	11	3370
35449	33	33	3710
35455	3	2	2670
35457	1	1	2190
35463	1	1	2190
35464	12	11	3270
35465	2	2	2490
35466	1	1	2190
35467	4	2	2790
35468	1	1	2190
35469	2	2	2490
35470	4	4	2790
35471	47	16	3860
35473	2	2	2490
35476	11	9	3230
35482	2	2	2490
35483	32	23	3700
35484	3	2	2670
35486	2	1	2490
35490	2	2	2490
35494	1	1	2190
35499	13	5	3310
35502	1	1	2190
35505	2	2	2490
35506	58	49	3960
35508	10	9	3190
35513	8	8	3100
35514	4	4	2790
35525	11	7	3230
35527	1	1	2190
35533	41	36	3810
35534	5	5	2890
35537	5	4	2890
35539	1	1	2190
35544	38	35	3770
35554	4	4	2790
35556	24	21	3570
35559	6	3	2970
35560	18	11	3450
35562	10	8	3190
35565	110	86	4230
35567	27	21	3620
35570	1	1	2190
35572	3	3	2670
35573	7	6	3040
35575	1	1	2190
35576	1	1	2190
35586	1	1	2190
35591	3	3	2670
35592	1	1	2190
35595	1	1	2190
35596	28	26	3640
35598	13	12	3310
35599	5	1	2890
35600	6	6	2970
35605	7	7	3040
35606	18	16	3450
35610	2	2	2490
35611	28	27	3640
35613	20	20	3490
35614	2	1	2490
35616	8	7	3100
35619	1	1	2190
35632	9	2	3150
35637	1	1	2190
35643	2	1	2490
35646	53	37	3920
35648	2	2	2490
35649	1	1	2190
35650	3	2	2670
35652	3	3	2670
35654	9	6	3150
35655	29	24	3660
35656	4	4	2790
35660	56	25	3940
35661	18	18	3450
35662	66	59	4010
35663	5	5	2890
35667	5	3	2890
35670	2	2	2490
35674	3	3	2670
35677	2	2	2490
35679	33	28	3710
35682	321	237	4700
35683	55	41	3930
35686	640	480	5000
35687	771	518	5080
35691	11	8	3230
35692	137	121	4330
35693	6	6	2970
35699	1	1	2190
35702	1	1	2190
35704	118	105	4260
35705	922	543	5160
35708	499	288	4890
35709	3	2	2670
35712	14	6	3340
35714	1	1	2190
35720	6	6	2970
35721	308	212	4680
35722	2	2	2490
35723	12	12	3270
35724	24	23	3570
35725	4	4	2790
35726	1307	878	5310
35727	20	17	3490
35728	10	7	3190
35732	1	1	2190
35734	5	5	2890
35737	1326	962	5320
35740	3	2	2670
35742	11	9	3230
35743	9	6	3150
35746	1	1	2190
35749	25	16	3590
35750	5	2	2890
35762	1	1	2190
35774	1	1	2190
35780	1	1	2190
35784	1	1	2190
35788	1	1	2190
35789	26	21	3610
35790	1	1	2190
35791	36	29	3750
35797	1	1	2190
35799	3	3	2670
35801	3	3	2670
35807	1	1	2190
35808	1	1	2190
35810	3	2	2670
35811	1	1	2190
35812	1	1	2190
35815	270	190	4620
35816	5	5	2890
35817	274	211	4630
35818	19	17	3470
35826	1	1	2190
35829	3522	300	5740
35830	22	20	3540
35833	1	1	2190
35835	188	139	4470
35836	1	1	2190
35842	37	16	3760
35843	3	2	2670
35853	50	32	3890
35855	284	122	4650
35856	2	2	2490
35859	9	8	3150
35871	2	1	2490
35872	6	6	2970
35878	2	2	2490
35888	3	1	2670
35889	23	15	3550
35899	3	3	2670
35900	1	1	2190
35901	1	1	2190
35903	6	6	2970
35904	1	1	2190
35905	4	2	2790
35909	5	4	2890
35910	9	9	3150
35911	89	73	4140
35913	7	7	3040
35915	12	7	3270
35916	3	3	2670
35918	11	9	3230
35920	5808	1550	5960
35921	747	471	5070
35922	6	5	2970
35923	11	10	3230
35924	1	1	2190
35926	11	8	3230
35927	22	9	3540
35928	11	9	3230
35930	11	9	3230
35933	6	5	2970
35935	2	1	2490
35937	1	1	2190
35938	3	3	2670
35939	10	8	3190
35941	5	5	2890
35942	1	1	2190
35947	19	17	3470
35948	1	1	2190
35950	207	157	4510
35951	2	2	2490
35952	9	9	3150
35953	2	2	2490
35956	4	3	2790
35960	2	2	2490
35961	6	3	2970
35965	80	46	4100
35984	46	30	3860
35985	2	1	2490
35987	308	222	4680
35996	3	3	2670
35999	5	4	2890
36000	128	100	4300
36001	5	3	2890
36003	4	4	2790
36010	19	17	3470
36017	2	2	2490
36033	1	1	2190
36034	19	4	3470
36035	4	2	2790
36036	1	1	2190
36038	1	1	2190
36041	3844	2299	5780
36042	681	353	5030
36044	1	1	2190
36047	936	602	5160
36048	4147	1595	5810
36049	1206	618	5270
36050	4	1	2790
36051	38	29	3770
36052	30	17	3670
36053	8	7	3100
36054	1	1	2190
36055	4	3	2790
36056	1	1	2190
36057	211	118	4520
36058	3569	2472	5750
36063	1	1	2190
36066	4	3	2790
36071	3	3	2670
36072	1	1	2190
36075	2	2	2490
36082	137	94	4330
36083	162	133	4400
36084	2	2	2490
36085	17	13	3420
36087	2	2	2490
36088	60	47	3970
36093	3	3	2670
36098	1	1	2190
36099	2	2	2490
36102	9	7	3150
36108	2	2	2490
36109	108	79	4230
36110	10	6	3190
36111	1	1	2190
36116	1	1	2190
36125	24	9	3570
36128	2	2	2490
36129	12	10	3270
36130	1	1	2190
36133	22	19	3540
36135	34	24	3720
36136	8	8	3100
36137	13	12	3310
36139	2	1	2490
36140	1	1	2190
36142	4	2	2790
36144	1	1	2190
36146	14	10	3340
36149	16	10	3400
36152	1	1	2190
36153	337	252	4720
36154	181	152	4450
36155	3	3	2670
36156	231	180	4560
36157	297	219	4670
36158	299	221	4670
36159	156	140	4390
36161	719	412	5050
36162	16	10	3400
36166	22	15	3540
36167	2	1	2490
36168	13	11	3310
36170	15	6	3370
36171	10	7	3190
36174	72	38	4050
36175	10	10	3190
36176	8	7	3100
36185	1	1	2190
36186	17	17	3420
36187	1	1	2190
36188	5	3	2890
36189	41	21	3810
36190	2	2	2490
36194	376	254	4770
36196	1	1	2190
36197	261	215	4610
36198	85	73	4120
36203	1	1	2190
36205	6	6	2970
36211	2	2	2490
36212	113	76	4250
36213	14	8	3340
36215	240	199	4570
36218	11	9	3230
36229	1	1	2190
36232	4	4	2790
36234	5	5	2890
36236	1	1	2190
36237	1	1	2190
36238	1	1	2190
36243	261	179	4610
36244	8	5	3100
36246	37	24	3760
36248	2	2	2490
36251	9	7	3150
36253	56	38	3940
36256	18	9	3450
36261	9	4	3150
36262	3	3	2670
36263	115	75	4250
36264	9	9	3150
36266	4	3	2790
36269	1	1	2190
36271	10	8	3190
36272	3	3	2670
36275	106	46	4220
36279	1	1	2190
36280	3	2	2670
36282	43	35	3830
36290	3	3	2670
36291	6	6	2970
36292	9	7	3150
36293	5	3	2890
36294	15	15	3370
36296	19	17	3470
36299	14	10	3340
36302	2	1	2490
36303	1	1	2190
36305	4	2	2790
36307	1	1	2190
36309	5	4	2890
36311	5	3	2890
36314	6	4	2970
36315	1	1	2190
36316	12	10	3270
36317	11	9	3230
36318	8	4	3100
36319	8	3	3100
36320	9	8	3150
36321	16	14	3400
36322	14	7	3340
36323	16	10	3400
36324	1	1	2190
36329	2	2	2490
36331	17	12	3420
36337	1472	755	5360
36339	8	6	3100
36340	1	1	2190
36341	4	3	2790
36344	1	1	2190
36347	8	8	3100
36350	200	168	4490
36353	176	150	4440
36354	27	24	3620
36355	793	580	5090
36356	36	33	3750
36357	1	1	2190
36358	5	5	2890
36360	1	1	2190
36362	47	3	3860
36363	31	31	3680
36365	1	1	2190
36367	61	50	3980
36368	25394	8167	6600
36372	25	23	3590
36374	1	1	2190
36377	1	1	2190
36378	204	153	4500
36381	10	4	3190
36386	22	15	3540
36388	51	36	3900
36394	22	18	3540
36395	42	40	3820
36401	550	350	4930
36405	46	31	3860
36408	41	33	3810
36412	19	14	3470
36415	15	11	3370
36418	5	3	2890
36420	18554	18443	6460
36422	6	6	2970
36423	513	366	4900
36424	1117	540	5240
36425	1	1	2190
36428	231	183	4560
36434	8	8	3100
36435	1	1	2190
36437	17	17	3420
36438	1	1	2190
36439	74	69	4060
36440	300	221	4670
36442	2	2	2490
36444	31	29	3680
36445	271	196	4630
36447	25	23	3590
36449	4	4	2790
36454	8	8	3100
36455	5064	2396	5900
36456	2498	1181	5590
36461	1	1	2190
36466	166	141	4410
36467	274	192	4630
36470	6	6	2970
36472	1	1	2190
36474	3	3	2670
36477	10	10	3190
36478	3	3	2670
36479	8	3	3100
36483	1	1	2190
36489	7	6	3040
36493	13	12	3310
36503	6	6	2970
36504	1	1	2190
36505	1	1	2190
36512	29	26	3660
36513	62	23	3990
36514	4	4	2790
36516	2	2	2490
36519	14	12	3340
36522	57	41	3950
36523	306	159	4680
36524	2	2	2490
36529	166	120	4410
36530	26	16	3610
36531	971	716	5180
36532	747	501	5070
36533	74	59	4060
36534	252	158	4590
36536	3	3	2670
36538	446	272	4840
36540	157	102	4390
36541	2	1	2490
36542	5	4	2890
36546	1	1	2190
36547	1	1	2190
36548	5	5	2890
36549	7	6	3040
36552	9	4	3150
36556	212	155	4520
36557	733	530	5060
36558	371	272	4760
36559	40	32	3790
36562	2	2	2490
36563	70	46	4040
36565	20	13	3490
36570	1	1	2190
36575	1	1	2190
36577	6	5	2970
36582	59	38	3960
36584	1	1	2190
36588	207	166	4510
36594	1	1	2190
36595	3	3	2670
36597	11	8	3230
36601	1	1	2190
36602	5	5	2890
36603	2	2	2490
36605	3	3	2670
36608	53	35	3920
36609	14	10	3340
36610	1	1	2190
36611	1	1	2190
36617	13	11	3310
36620	1	1	2190
36623	5	5	2890
36626	8	6	3100
36629	4	3	2790
36630	8	4	3100
36632	2	1	2490
36634	77	57	4080
36636	2	2	2490
36637	116	115	4260
36639	1	1	2190
36641	178	57	4440
36642	4	4	2790
36643	60	30	3970
36645	30	25	3670
36646	4	3	2790
36647	8	8	3100
36648	3	2	2670
36649	2	2	2490
36650	2	2	2490
36651	1	1	2190
36656	2	2	2490
36657	335	192	4720
36659	1	1	2190
36662	9	8	3150
36666	4	4	2790
36667	4	3	2790
36668	74	63	4060
36670	1	1	2190
36673	5	3	2890
36674	5	4	2890
36676	405	259	4800
36677	2	2	2490
36678	10	5	3190
36679	4	3	2790
36682	4	4	2790
36684	293	218	4660
36685	2	2	2490
36686	2	2	2490
36688	33	27	3710
36689	859	849	5130
36691	7	7	3040
36693	8	8	3100
36694	11	4	3230
36695	5	5	2890
36699	4708	2065	5870
36700	157	138	4390
36701	8	5	3100
36702	8	6	3100
36707	10	8	3190
36708	1	1	2190
36711	1	1	2190
36712	5	4	2890
36716	1	1	2190
36717	5	4	2890
36723	3	1	2670
36724	1	1	2190
36726	20	17	3490
36727	5	3	2890
36729	1	1	2190
36735	2	2	2490
36736	31511	14873	6690
36737	4	4	2790
36739	1	1	2190
36754	1	1	2190
36756	21	17	3510
36757	2	2	2490
36761	19	15	3470
36765	4	4	2790
36767	4	2	2790
36769	168	145	4420
36770	478	367	4870
36773	14	5	3340
36775	157	135	4390
36779	27	23	3620
36780	163	132	4400
36781	91	80	4150
36782	311	248	4690
36785	11	9	3230
36792	4	4	2790
36793	28	24	3640
36794	21	16	3510
36795	216	124	4530
36796	97	76	4180
36797	1	1	2190
36798	20	14	3490
36799	9	8	3150
36800	83	69	4110
36803	3	3	2670
36805	2	2	2490
36813	2	1	2490
36815	14	14	3340
36816	1	1	2190
36817	2	2	2490
36818	5	5	2890
36821	35	28	3740
36824	151	134	4370
36826	524	392	4910
36827	138	119	4330
36828	387	274	4780
36830	4	3	2790
36831	48	31	3870
36832	1	1	2190
36834	6	6	2970
36838	1	1	2190
36844	20	15	3490
36854	6	2	2970
36855	4	4	2790
36856	31	14	3680
36858	1	1	2190
36859	1	1	2190
36864	4	4	2790
36874	1	1	2190
36879	155	135	4380
36880	58	51	3960
36885	20	19	3490
36888	5	4	2890
36895	4	3	2790
36898	1	1	2190
36899	18	9	3450
36901	7	7	3040
36903	4	4	2790
36915	2	2	2490
36917	1	1	2190
36920	1	1	2190
36929	7	6	3040
36930	1	1	2190
36941	97	78	4180
36945	58	53	3960
36946	4	4	2790
36949	2	2	2490
36956	2	1	2490
36961	1	1	2190
36970	181	155	4450
36973	286	208	4650
36979	5	4	2890
36981	828	276	5110
36982	1	1	2190
36983	12	9	3270
36984	3	3	2670
36986	1853	1242	5460
36987	31	21	3680
36988	5	5	2890
36989	5	5	2890
36999	1	1	2190
37004	5	5	2890
37008	151	128	4370
37011	29	24	3660
37012	8	5	3100
37013	51	43	3900
37014	34	26	3720
37015	2	2	2490
37017	1	1	2190
37019	3	2	2670
37028	1	1	2190
37029	3	3	2670
37030	29	19	3660
37032	6	5	2970
37033	28	20	3640
37034	16	13	3400
37036	2	2	2490
37038	1712	656	5430
37039	804	402	5100
37040	1	1	2190
37042	13399	5349	6320
37043	22	15	3540
37045	4	2	2790
37047	98	90	4180
37056	3	2	2670
37063	1	1	2190
37064	7	7	3040
37066	4506	2974	5850
37068	56	39	3940
37070	1	1	2190
37071	16	11	3400
37074	143	39	4350
37076	46	32	3860
37078	2	2	2490
37079	1	1	2190
37084	1	1	2190
37090	1	1	2190
37091	1	1	2190
37092	2	2	2490
37095	6	5	2970
37096	10	4	3190
37097	14293	4744	6350
37098	28	23	3640
37102	1196	771	5270
37103	40	19	3790
37105	2	2	2490
37118	182	146	4450
37119	2	1	2490
37120	20	16	3490
37121	2711	2687	5630
37122	1	1	2190
37126	961	704	5180
37127	276	234	4630
37129	35	15	3740
37130	48	43	3870
37136	174	122	4430
37137	2	2	2490
37140	3	3	2670
37141	1454	1077	5360
37142	192	157	4480
37144	4	4	2790
37146	5	5	2890
37150	907	433	5150
37151	554	249	4940
37156	1	1	2190
37157	7	6	3040
37158	1	1	2190
37161	2	2	2490
37162	150	132	4370
37164	1	1	2190
37168	11	5	3230
37175	9	6	3150
37176	1	1	2190
37177	15	12	3370
37182	1	1	2190
37184	7389	3382	6060
37185	9	8	3150
37187	2927	1234	5660
37188	281	203	4640
37192	3	3	2670
37193	92	71	4160
37196	1	1	2190
37199	12	11	3270
37201	2031	487	5500
37202	13864	4622	6330
37210	1564	819	5390
37211	523	373	4910
37212	290	232	4660
37215	72	60	4050
37217	28	28	3640
37218	14	12	3340
37219	8	8	3100
37221	2127	1603	5520
37222	1495	862	5370
37223	238	171	4570
37231	4	2	2790
37232	1	1	2190
37236	2	2	2490
37237	1	1	2190
37239	19	13	3470
37240	2	2	2490
37241	17	11	3420
37247	14	12	3340
37248	805	445	5100
37250	4	3	2790
37254	1	1	2190
37255	7	6	3040
37257	12	12	3270
37262	1	1	2190
37267	67	53	4020
37269	2	2	2490
37271	10	10	3190
37277	2	2	2490
37281	26	18	3610
37283	317	249	4690
37284	2048	1142	5500
37285	1	1	2190
37289	6	4	2970
37290	246	159	4580
37291	431	214	4830
37292	404	283	4800
37293	13	13	3310
37299	9	6	3150
37300	1	1	2190
37309	5	5	2890
37310	4	4	2790
37311	741	502	5060
37312	300	253	4670
37313	514	425	4900
37314	76	74	4070
37315	224	125	4540
37320	1	1	2190
37322	9	8	3150
37324	1	1	2190
37325	1	1	2190
37330	16	13	3400
37331	7	7	3040
37332	626	392	4990
37333	10	10	3190
37336	1	1	2190
37349	2	2	2490
37350	6	6	2970
37352	1	1	2190
37353	82	74	4110
37354	2	2	2490
37357	1	1	2190
37358	31	26	3680
37364	1	1	2190
37365	8	4	3100
37367	5	5	2890
37368	1	1	2190
37370	25	14	3590
37371	3	2	2670
37372	12	11	3270
37374	1	1	2190
37377	1	1	2190
37378	19	15	3470
37383	8	2	3100
37385	1	1	2190
37386	4	3	2790
37387	185	129	4460
37388	33	31	3710
37389	1	1	2190
37390	2	2	2490
37396	15	14	3370
37400	721	358	5050
37402	1	1	2190
37403	9	9	3150
37408	4	4	2790
37410	1	1	2190
37411	1	1	2190
37413	1	1	2190
37415	1	1	2190
37420	5	5	2890
37422	3	3	2670
37430	55	46	3930
37431	189	118	4470
37433	268	193	4620
37434	83	57	4110
37437	20	14	3490
37438	527	276	4910
37440	1	1	2190
37443	36	36	3750
37447	45	37	3850
37450	66	51	4010
37451	6	5	2970
37452	641	325	5000
37453	4	4	2790
37454	142	99	4340
37455	429	281	4830
37456	187	151	4460
37457	1343	889	5320
37458	35	31	3740
37463	15	14	3370
37465	54	51	3930
37466	385	228	4780
37467	357	243	4750
37468	1317	492	5310
37469	1	1	2190
37472	5	2	2890
37473	3	3	2670
37474	2110	1351	5520
37475	9	6	3150
37478	117	56	4260
37480	2	2	2490
37482	6	6	2970
37483	5	4	2890
37484	689	479	5030
37485	9	9	3150
37486	37	34	3760
37487	38	36	3770
37488	6	6	2970
37489	9	7	3150
37491	2	2	2490
37492	2221	1410	5540
37499	6	3	2970
37500	3	3	2670
37502	15	15	3370
37506	3	1	2670
37510	6	5	2970
37511	365	248	4750
37512	6	5	2970
37515	143	78	4350
37516	1	1	2190
37517	21972	6696	6530
37518	335	286	4720
37519	2	2	2490
37520	471	301	4870
37521	326	226	4710
37522	31	12	3680
37523	3039	807	5680
37524	6	3	2970
37526	1	1	2190
37529	38	34	3770
37530	7	7	3040
37531	73	61	4060
37535	249	187	4590
37536	42	17	3820
37538	1	1	2190
37539	161	125	4400
37541	32	28	3700
37542	54	46	3930
37543	9	9	3150
37545	234	125	4560
37546	64	55	4000
37549	16	16	3400
37550	4	3	2790
37553	23260	6978	6560
37554	2	2	2490
37555	20	19	3490
37556	9	6	3150
37557	180	81	4450
37559	24	24	3570
37560	749	724	5070
37567	1	1	2190
37572	3	3	2670
37574	2	1	2490
37577	796	471	5090
37578	11	7	3230
37579	8	8	3100
37581	3	3	2670
37592	16	15	3400
37593	63	47	3990
37594	315	190	4690
37598	1	1	2190
37599	165	71	4410
37600	15	9	3370
37602	16	9	3400
37604	3	3	2670
37605	42	28	3820
37610	12	11	3270
37611	6	6	2970
37616	1	1	2190
37617	2	2	2490
37618	1	1	2190
37619	1	1	2190
37622	537	216	4920
37623	389	146	4780
37624	55	46	3930
37625	552	256	4930
37626	3	2	2670
37627	40	29	3790
37628	368	191	4760
37631	2467	269	5580
37632	9	3	3150
37633	154	83	4380
37635	384	225	4780
37636	3	3	2670
37637	9	7	3150
37638	50	36	3890
37640	2	2	2490
37642	1	1	2190
37645	14	11	3340
37647	31	24	3680
37652	10	6	3190
37653	3	3	2670
37655	1	1	2190
37656	541	332	4930
37664	13	11	3310
37666	10	9	3190
37667	1	1	2190
37670	2	2	2490
37672	77	48	4080
37673	76	55	4070
37675	1	1	2190
37685	1	1	2190
37689	1	1	2190
37690	8	8	3100
37696	1	1	2190
37699	4	3	2790
37700	25	19	3590
37703	2	2	2490
37705	1	1	2190
37706	3	3	2670
37707	17	9	3420
37708	2	2	2490
37713	2	2	2490
37717	3	3	2670
37718	23	22	3550
37719	4	2	2790
37720	3	3	2670
37722	457	340	4850
37723	722	526	5050
37725	20	20	3490
37727	383	289	4780
37728	1327	834	5320
37729	75	65	4070
37730	41	39	3810
37731	1	1	2190
37736	2	2	2490
37738	10	9	3190
37739	165	124	4410
37740	222	192	4540
37741	464	362	4860
37742	25	24	3590
37744	1	1	2190
37747	23	19	3550
37753	2	2	2490
37755	2	2	2490
37765	2	1	2490
37770	1	1	2190
37771	7	4	3040
37772	5	3	2890
37773	19	12	3470
37775	207	166	4510
37777	2	2	2490
37778	571	444	4950
37779	2275	1131	5550
37782	638	410	5000
37783	100	90	4190
37784	162	124	4400
37785	668	355	5020
37788	29	21	3660
37798	3	1	2670
37800	49	42	3880
37804	54	50	3930
37807	121	91	4280
37811	793	536	5090
37813	8	5	3100
37816	1	1	2190
37818	278	147	4640
37819	4	1	2790
37821	44	35	3840
37824	123	93	4280
37827	33	27	3710
37829	3	3	2670
37830	3	3	2670
37831	85	74	4120
37837	2	2	2490
37838	4	4	2790
37840	9	8	3150
37847	1	1	2190
37850	6	6	2970
37865	3	3	2670
37866	16	14	3400
37868	11	7	3230
37872	4	4	2790
37873	10	10	3190
37874	1	1	2190
37875	4	4	2790
37879	1	1	2190
37880	1	1	2190
37887	1	1	2190
37888	23	14	3550
37889	17	13	3420
37892	1	1	2190
37896	17	13	3420
37898	2	2	2490
37900	53	42	3920
37907	8	8	3100
37908	1	1	2190
37909	1	1	2190
37921	2	2	2490
37926	1	1	2190
37927	2	2	2490
37928	115	53	4250
37932	155	123	4380
37936	15	12	3370
37940	2	2	2490
37943	1	1	2190
37944	2	2	2490
37947	5	5	2890
37950	12	9	3270
37965	1	1	2190
37967	2	2	2490
37969	1	1	2190
37970	52	30	3910
37971	310	189	4680
37981	49	41	3880
37982	62	51	3990
37986	2	2	2490
37988	1	1	2190
37993	84	57	4120
38007	2	2	2490
38013	48	40	3870
38020	4	4	2790
38024	39	35	3780
38026	2	2	2490
38028	64	54	4000
38029	4	4	2790
38032	2	2	2490
38036	3	3	2670
38043	5	5	2890
38044	509	405	4900
38045	17	16	3420
38046	4	4	2790
38047	51	40	3900
38049	14	6	3340
38050	11	7	3230
38055	19	6	3470
38057	7	5	3040
38059	2	2	2490
38060	1	1	2190
38062	6	6	2970
38064	18	13	3450
38070	1	1	2190
38071	45	43	3850
38073	1	1	2190
38082	2	1	2490
38083	2	1	2490
38091	1	1	2190
38096	1	1	2190
38099	1	1	2190
38102	1	1	2190
38103	1	1	2190
38104	1	1	2190
38109	1	1	2190
38118	1	1	2190
38119	207	130	4510
38120	297	236	4670
38121	1	1	2190
38122	32	14	3700
38126	18	15	3450
38131	6	6	2970
38132	33	27	3710
38136	18	14	3450
38139	3	3	2670
38144	1	1	2190
38148	1	1	2190
38151	320	210	4700
38152	147	100	4360
38164	3	3	2670
38173	2	2	2490
38176	1	1	2190
38181	63	11	3990
38182	41	11	3810
38183	2	2	2490
38188	2	2	2490
38191	4	4	2790
38194	4	4	2790
38196	4	3	2790
38197	656	508	5010
38198	542	403	4930
38199	253	180	4600
38200	28	27	3640
38201	4	3	2790
38202	1	1	2190
38203	3	1	2670
38206	4	4	2790
38208	6	5	2970
38209	24	17	3570
38210	2	2	2490
38212	28	23	3640
38216	1	1	2190
38219	118	100	4260
38220	2	1	2490
38222	57	51	3950
38224	7	7	3040
38227	292	208	4660
38231	7	7	3040
38232	1	1	2190
38233	4	4	2790
38247	1	1	2190
38248	2	1	2490
38253	1	1	2190
38258	1	1	2190
38263	78	41	4080
38265	13	11	3310
38268	1	1	2190
38269	19	19	3470
38270	2	1	2490
38276	2	2	2490
38277	1	1	2190
38278	5	5	2890
38285	7	7	3040
38287	433	234	4830
38288	283	129	4640
38293	107	75	4220
38294	3	3	2670
38296	1	1	2190
38297	1	1	2190
38299	1	1	2190
38301	28	20	3640
38302	369	201	4760
38303	58	33	3960
38304	200	188	4490
38305	2	2	2490
38306	4	3	2790
38307	3	3	2670
38309	11	10	3230
38311	71	23	4040
38334	34	28	3720
38336	9	6	3150
38337	10	6	3190
38339	1	1	2190
38341	28	20	3640
38343	1	1	2190
38346	1	1	2190
38350	1	1	2190
38359	6	6	2970
38360	1	1	2190
38361	3	3	2670
38362	3	3	2670
38364	1	1	2190
38368	1	1	2190
38370	1	1	2190
38376	6	6	2970
38380	560	413	4940
38383	4	4	2790
38385	37	36	3760
38388	2	2	2490
38395	1	1	2190
38398	860	554	5130
38399	3	3	2670
38401	82	64	4110
38403	11	11	3230
38408	1	1	2190
38412	5	5	2890
38419	10	8	3190
38420	3	3	2670
38423	54	42	3930
38427	156	123	4390
38429	1006	606	5200
38430	306	200	4680
38431	146	118	4360
38432	21	16	3510
38435	684	369	5030
38436	586	287	4960
38440	233	152	4560
38441	9	7	3150
38444	20	18	3490
38446	14	13	3340
38449	1	1	2190
38452	39153	8933	6790
38457	7	5	3040
38462	295	199	4660
38467	85	63	4120
38472	253	166	4600
38473	4	3	2790
38476	1388	939	5340
38479	1090	464	5230
38480	7	7	3040
38484	1984	1272	5490
38485	2	2	2490
38489	52	46	3910
38490	238	211	4570
38491	4	4	2790
38493	4	4	2790
38499	1	1	2190
38500	2	2	2490
38506	8	8	3100
38507	29	21	3660
38508	21	13	3510
38512	13	11	3310
38522	116	70	4260
38529	2	2	2490
38530	1	1	2190
38531	358	309	4750
38532	12	12	3270
38539	19	18	3470
38541	7	6	3040
38542	160	120	4400
38543	247	164	4590
38546	89	57	4140
38547	8	5	3100
38550	2	2	2490
38551	483	371	4880
38552	1010	702	5200
38553	3	3	2670
38554	223	181	4540
38555	352	298	4740
38559	9	9	3150
38565	96	52	4170
38567	19	14	3470
38568	2	2	2490
38569	3	2	2670
38571	1	1	2190
38577	2	2	2490
38579	123	100	4280
38583	713	496	5050
38587	51	42	3900
38592	366	259	4760
38593	1	1	2190
38594	24	18	3570
38596	240	193	4570
38610	2	2	2490
38612	94	77	4170
38613	1	1	2190
38615	256	176	4600
38616	707	372	5040
38617	2	2	2490
38626	19	16	3470
38632	1	1	2190
38634	431	308	4830
38637	2	2	2490
38639	1	1	2190
38642	1	1	2190
38649	1	1	2190
38650	117	90	4260
38651	2	2	2490
38653	7	7	3040
38655	2	2	2490
38657	1	1	2190
38661	32	29	3700
38665	64	54	4000
38668	473	253	4870
38669	16	14	3400
38671	2	1	2490
38673	3	3	2670
38681	1	1	2190
38688	214	128	4520
38689	382	128	4770
38690	2	2	2490
38692	23	11	3550
38700	3	3	2670
38701	4	4	2790
38706	8	7	3100
38708	1	1	2190
38709	14	7	3340
38711	12	5	3270
38712	1	1	2190
38714	5	5	2890
38720	1301	262	5310
38724	2	2	2490
38730	55	28	3930
38736	7	6	3040
38741	13	6	3310
38742	4	3	2790
38743	57	44	3950
38754	1	1	2190
38757	2	2	2490
38759	27	26	3620
38763	35	26	3740
38768	7	6	3040
38775	68	50	4030
38776	13	12	3310
38777	1	1	2190
38779	33	18	3710
38780	8	6	3100
38782	49	43	3880
38784	2	2	2490
38787	1	1	2190
38788	1	1	2190
38795	12	12	3270
38796	19	16	3470
38802	11	6	3230
38808	8	5	3100
38810	1	1	2190
38811	1	1	2190
38813	7	7	3040
38814	492	353	4880
38815	68148	29657	7030
38816	1	1	2190
38818	3	2	2670
38820	3	2	2670
38822	5	4	2890
38823	5	5	2890
38824	3	3	2670
38826	22	20	3540
38827	3301	2069	5710
38828	54	37	3930
38829	5	4	2890
38830	54	54	3930
38832	297	221	4670
38834	51	42	3900
38844	1	1	2190
38845	1	1	2190
38847	19	13	3470
38848	15	15	3370
38851	19	13	3470
38854	44	38	3840
38860	9	8	3150
38861	7	6	3040
38863	1	1	2190
38864	5	1	2890
38875	5	4	2890
38876	29	26	3660
38877	1	1	2190
38878	110870	65840	7240
38879	6	5	2970
38886	38	29	3770
38888	20747	16745	6510
38890	263	209	4610
38892	42	31	3820
38893	170	127	4420
38894	2760	1162	5630
38896	14	14	3340
38898	22	20	3540
38902	1	1	2190
38904	2	1	2490
38905	101	96	4200
38906	4684	2410	5860
38907	1043	769	5210
38911	187	126	4460
38912	43	28	3830
38914	21	14	3510
38915	2	2	2490
38919	6	2	2970
38920	53	41	3920
38926	7	6	3040
38927	89	82	4140
38928	137	34	4330
38929	2927	1555	5660
38930	290	205	4660
38931	298	159	4670
38932	1397	714	5340
38933	88	63	4140
38936	3	3	2670
38937	14	12	3340
38941	45	35	3850
38942	33	14	3710
38943	15	14	3370
38947	167	103	4420
38948	391	149	4780
38949	1522	719	5380
38952	3	3	2670
38956	4	4	2790
38957	22	14	3540
38958	355	348	4740
38959	686	343	5030
38960	598	344	4970
38962	1	1	2190
38963	14327	6546	6350
38965	43	33	3830
38967	24513	8590	6580
38969	352	258	4740
38970	14	9	3340
38971	73	37	4060
38972	9	5	3150
38974	155	73	4380
38975	15	12	3370
38976	1503	735	5370
38980	37	34	3760
38981	14	13	3340
38982	4	3	2790
38987	37	34	3760
38989	66	34	4010
38994	29	22	3660
38995	9	7	3150
38998	162	62	4400
38999	12	6	3270
39001	42	32	3820
39009	1	1	2190
39010	4	4	2790
39012	15	13	3370
39016	15	11	3370
39017	253	187	4600
39018	4	3	2790
39022	4	4	2790
39027	55	51	3930
39028	53	49	3920
39031	1	1	2190
39032	324	236	4700
39033	191	139	4470
39035	3	1	2670
39038	329	225	4710
39039	380	230	4770
39040	898	560	5150
39043	22	12	3540
39044	189	156	4470
39046	343	274	4730
39047	96	63	4170
39048	28	22	3640
39049	2118	1509	5520
39050	176	126	4440
39051	154	130	4380
39052	2428	1282	5580
39053	485	350	4880
39054	279	171	4640
39056	28	21	3640
39057	48	23	3870
39058	16	12	3400
39059	89	63	4140
39061	373	226	4760
39062	237	147	4570
39063	7	5	3040
39064	1	1	2190
39068	29	25	3660
39070	41	19	3810
39071	629	446	4990
39072	894	541	5140
39073	6	6	2970
39074	10	5	3190
39075	134	125	4320
39076	42	37	3820
39077	3	3	2670
39079	1	1	2190
39081	16	16	3400
39084	167	138	4420
39085	973	668	5180
39086	25	17	3590
39099	7	6	3040
39100	1	1	2190
39105	1	1	2190
39109	1	1	2190
39110	69	33	4030
39113	3	3	2670
39118	178	94	4440
39119	437	227	4830
39120	43	36	3830
39122	17	2	3420
39124	15	2	3370
39126	39	8	3780
39127	1	1	2190
39128	67	59	4020
39129	343	152	4730
39134	39	37	3780
39140	5	3	2890
39141	27	16	3620
39144	8	7	3100
39146	1	1	2190
39148	53	42	3920
39151	16	16	3400
39156	3	2	2670
39158	71	64	4040
39159	1	1	2190
39161	96	87	4170
39167	41	38	3810
39168	28	17	3640
39169	3	1	2670
39173	1	1	2190
39175	14	11	3340
39178	1	1	2190
39179	10	8	3190
39180	67	55	4020
39181	2	2	2490
39182	234	188	4560
39184	9	9	3150
39185	44	41	3840
39197	9	7	3150
39198	17	14	3420
39199	1	1	2190
39200	1	1	2190
39201	2	2	2490
39202	1	1	2190
39205	1	1	2190
39211	1	1	2190
39219	4	3	2790
39220	2	2	2490
39221	35	21	3740
39222	1	1	2190
39225	5	4	2890
39226	1	1	2190
39227	1	1	2190
39236	2	2	2490
39237	18	16	3450
39239	15	9	3370
39241	6	5	2970
39242	2	2	2490
39243	1	1	2190
39244	100	45	4190
39245	5	4	2890
39249	2	2	2490
39251	1	1	2190
39252	16	12	3400
39255	1	1	2190
39257	17	13	3420
39258	6	6	2970
39259	13	10	3310
39260	3	3	2670
39263	2	2	2490
39265	110	31	4230
39266	40	37	3790
39270	1	1	2190
39271	19	5	3470
39276	5	5	2890
39287	441	250	4840
39288	6	6	2970
39291	16	8	3400
39292	28	24	3640
39297	12	10	3270
39299	4	2	2790
39300	183	81	4460
39304	8	8	3100
39316	17	12	3420
39320	9	8	3150
39324	28	24	3640
39328	6	4	2970
39330	5	4	2890
39331	19	17	3470
39335	10	9	3190
39339	8	6	3100
39342	58	47	3960
39344	56	48	3940
39345	277	125	4640
39347	2	2	2490
39349	2	2	2490
39350	4	4	2790
39351	20	16	3490
39352	491	401	4880
39353	39	36	3780
39355	5	5	2890
39358	2	2	2490
39359	1	1	2190
39364	1	1	2190
39367	1	1	2190
39372	94	79	4170
39373	4	3	2790
39375	73	57	4060
39380	1	1	2190
39383	17	13	3420
39385	12	7	3270
39386	2	2	2490
39387	34	27	3720
39389	1	1	2190
39390	9	9	3150
39395	1	1	2190
39396	1	1	2190
39398	2	2	2490
39399	10	6	3190
39409	1	1	2190
39410	8	8	3100
39413	1	1	2190
39414	54	39	3930
39417	4	3	2790
39418	1	1	2190
39421	14	9	3340
39427	4	4	2790
39430	61	52	3980
39433	7	1	3040
39435	3	3	2670
39437	89	75	4140
39439	3	3	2670
39447	2235	1085	5540
39448	309	241	4680
39450	2	2	2490
39454	2	2	2490
39455	389	259	4780
39456	2	1	2490
39458	127	95	4300
39459	69	59	4030
39460	1	1	2190
39462	1	1	2190
39463	6	6	2970
39464	6260	2710	5990
39465	2138	743	5520
39473	3	3	2670
39479	102	78	4200
39480	4	4	2790
39481	24	21	3570
39485	4	3	2790
39486	9	8	3150
39487	26	24	3610
39488	7	6	3040
39491	2	2	2490
39494	6	6	2970
39495	1	1	2190
39496	1	1	2190
39497	3	3	2670
39499	1	1	2190
39513	1	1	2190
39516	338	178	4720
39517	1	1	2190
39524	5	5	2890
39533	1	1	2190
39537	2	2	2490
39538	1	1	2190
39539	1	1	2190
39542	1	1	2190
39549	2	2	2490
39555	7	7	3040
39559	1	1	2190
39561	4	4	2790
39574	1	1	2190
39577	9	5	3150
39579	23	14	3550
39580	3	3	2670
39581	10	10	3190
39583	1	1	2190
39584	1	1	2190
39591	24	21	3570
39592	16	16	3400
39593	84	73	4120
39594	313	233	4690
39595	8	8	3100
39599	2	2	2490
39604	1	1	2190
39606	140	99	4340
39607	7	6	3040
39608	3	3	2670
39609	8	7	3100
39610	2	2	2490
39611	75	45	4070
39612	1	1	2190
39614	101	85	4200
39616	9	8	3150
39620	1	1	2190
39622	88	62	4140
39623	15	14	3370
39633	3	2	2670
39637	1	1	2190
39640	33	23	3710
39641	216	164	4530
39642	5	5	2890
39647	1	1	2190
39651	2	2	2490
39654	1	1	2190
39656	2	1	2490
39657	45	38	3850
39659	14	12	3340
39660	1	1	2190
39661	21	19	3510
39665	1	1	2190
39668	10	9	3190
39669	296	208	4660
39670	24	18	3570
39673	5	2	2890
39676	3	3	2670
39678	4	3	2790
39679	112	74	4240
39680	15	8	3370
39681	1	1	2190
39682	5	5	2890
39683	40	37	3790
39687	1	1	2190
39689	1	1	2190
39690	1	1	2190
39692	2	2	2490
39693	1	1	2190
39695	1	1	2190
39698	26	24	3610
39699	1	1	2190
39701	3	3	2670
39703	34	25	3720
39704	4	2	2790
39706	4	3	2790
39707	7	5	3040
39708	3245	1608	5700
39709	12	9	3270
39710	27	25	3620
39711	344	224	4730
39712	2	2	2490
39713	5	5	2890
39714	6	3	2970
39715	175	142	4440
39716	1356	876	5320
39719	694	449	5030
39720	171	141	4430
39721	5	4	2890
39728	3	3	2670
39729	3	2	2670
39730	3	3	2670
39731	2	2	2490
39732	1	1	2190
39733	224	170	4540
39735	1	1	2190
39737	1	1	2190
39738	12	7	3270
39739	5	4	2890
39742	3	3	2670
39744	4	4	2790
39746	20	19	3490
39747	1	1	2190
39748	403	281	4800
39750	5	4	2890
39751	3	2	2670
39753	5	4	2890
39754	43	17	3830
39755	93	65	4160
39756	2	1	2490
39757	8	4	3100
39758	13	12	3310
39759	149	75	4370
39760	16	15	3400
39762	4	4	2790
39766	6	3	2970
39773	1	1	2190
39774	1	1	2190
39776	89	65	4140
39779	20	20	3490
39781	1	1	2190
39782	8	5	3100
39786	81	61	4100
39787	1	1	2190
39788	1	1	2190
39789	2	2	2490
39794	1	1	2190
39795	12	10	3270
39798	1	1	2190
39801	4	2	2790
39804	2	2	2490
39807	11	11	3230
39814	1	1	2190
39815	1	1	2190
39817	515	402	4900
39821	4	2	2790
39834	3	2	2670
39843	5	3	2890
39866	64	52	4000
39867	13	12	3310
39868	3	3	2670
39871	11	9	3230
39874	1	1	2190
39875	1	1	2190
39877	9	6	3150
39879	2	2	2490
39884	5	4	2890
39885	6	5	2970
39886	13	11	3310
39887	26	25	3610
39888	724	426	5050
39891	1	1	2190
39892	17	8	3420
39893	2	2	2490
39894	452	268	4850
39895	524	368	4910
39896	22	15	3540
39899	39	31	3780
39901	189	146	4470
39902	14	11	3340
39903	138	112	4330
39909	1	1	2190
39913	16	12	3400
39916	2	1	2490
39917	19	14	3470
39918	675	509	5020
39919	1138	723	5250
39920	7	6	3040
39921	245	182	4580
39923	1	1	2190
39924	337	121	4720
39925	299	221	4670
39927	153	132	4380
39928	1048	577	5210
39929	1	1	2190
39932	414	277	4810
39933	3	2	2670
39934	32	28	3700
39936	14	9	3340
39939	47	43	3860
39940	2	2	2490
39941	4	1	2790
39942	4	4	2790
39944	6	5	2970
39945	397	274	4790
39947	78	69	4080
39955	18	12	3450
39957	1768	1214	5440
39961	2	2	2490
39962	11	7	3230
39963	35	31	3740
39966	24	21	3570
39970	191	155	4470
39971	141	128	4340
39972	2	2	2490
39973	6	6	2970
39974	174	110	4430
39976	48	39	3870
39977	26	25	3610
39978	1	1	2190
39979	3	2	2670
39981	168	114	4420
39986	2	2	2490
39994	10	6	3190
40007	5	5	2890
40013	1	1	2190
40018	26	24	3610
40021	5	5	2890
40022	24	19	3570
40025	279	222	4640
40028	6	6	2970
40029	9	9	3150
40030	1	1	2190
40031	5	1	2890
40032	325	169	4700
40033	221	183	4540
40039	3	3	2670
40044	1	1	2190
40049	187	140	4460
40051	40	35	3790
40052	14	14	3340
40053	8	7	3100
40058	2	2	2490
40061	2	2	2490
40066	5	4	2890
40067	281	204	4640
40068	204	176	4500
40069	639	424	5000
40070	61837	61688	6980
40072	4	3	2790
40078	1	1	2190
40080	10	9	3190
40082	5	5	2890
40084	4	4	2790
40086	1	1	2190
40090	3	3	2670
40092	1	1	2190
40109	1	1	2190
40115	233	152	4560
40116	330	250	4710
40119	27	18	3620
40120	2	2	2490
40123	1	1	2190
40132	9	6	3150
40133	572	382	4950
40137	7	7	3040
40138	24	21	3570
40139	226	158	4550
40142	76	53	4070
40143	2	2	2490
40144	5	2	2890
40145	1	1	2190
40147	6	6	2970
40151	192	142	4480
40152	144	100	4350
40155	275	179	4630
40158	285	173	4650
40164	1	1	2190
40166	21	19	3510
40169	27	17	3620
40170	256	136	4600
40171	71	48	4040
40172	1	1	2190
40174	11	9	3230
40179	18	16	3450
40182	2	2	2490
40201	354	231	4740
40202	91	70	4150
40204	4	4	2790
40206	5	4	2890
40211	19	11	3470
40212	1453	677	5350
40213	337	186	4720
40215	6	4	2970
40217	13	13	3310
40220	1	1	2190
40221	3851	2249	5780
40222	4	4	2790
40223	2	2	2490
40225	16	16	3400
40230	148	116	4360
40231	8	8	3100
40237	12	12	3270
40242	1	1	2190
40243	13	3	3310
40244	2	1	2490
40246	1	1	2190
40251	7	4	3040
40252	186	137	4460
40255	2	2	2490
40256	3	2	2670
40263	9	8	3150
40268	2	2	2490
40269	119	93	4270
40270	1	1	2190
40271	3	3	2670
40274	233	145	4560
40275	2	2	2490
40279	5	4	2890
40285	4	2	2790
40290	1	1	2190
40292	3	3	2670
40298	8	4	3100
40299	8	6	3100
40307	95	53	4170
40308	180	95	4450
40318	2	1	2490
40322	13	11	3310
40323	437	130	4830
40324	1	1	2190
40330	4	4	2790
40331	1	1	2190
40334	19	13	3470
40335	3	3	2670
40337	10	7	3190
40340	2	1	2490
40343	6	5	2970
40344	1	1	2190
40348	34	32	3720
40350	34	14	3720
40351	20	15	3490
40356	9	9	3150
40357	3	2	2670
40360	6	6	2970
40364	21	20	3510
40365	1	1	2190
40370	165	142	4410
40373	52	35	3910
40374	212	175	4520
40376	42	38	3820
40383	24	21	3570
40385	1	1	2190
40387	1	1	2190
40388	66	32	4010
40389	23	10	3550
40390	10	8	3190
40393	9	8	3150
40394	1119	602	5240
40399	2	1	2490
40400	2	1	2490
40402	1	1	2190
40403	7	7	3040
40404	1	1	2190
40407	1	1	2190
40408	1	1	2190
40411	1	1	2190
40423	3	3	2670
40425	2	2	2490
40438	136	85	4330
40439	2	2	2490
40440	3	2	2670
40441	196	145	4480
40447	364	264	4750
40455	1	1	2190
40461	6	5	2970
40466	1	1	2190
40482	1	1	2190
40484	203	157	4500
40489	69	52	4030
40492	4	4	2790
40494	31	28	3680
40495	197	159	4490
40498	1	1	2190
40503	3	2	2670
40507	3	3	2670
40509	7	5	3040
40510	15	11	3370
40519	599	403	4970
40520	2	2	2490
40522	5	5	2890
40523	41	32	3810
40526	1	1	2190
40528	4	4	2790
40531	7	5	3040
40539	2	1	2490
40546	1	1	2190
40548	19	14	3470
40555	1	1	2190
40556	1	1	2190
40561	3	3	2670
40565	1	1	2190
40577	1	1	2190
40585	13	5	3310
40586	1	1	2190
40590	46	41	3860
40591	1	1	2190
40594	1	1	2190
40598	23	18	3550
40601	3	2	2670
40604	3	2	2670
40605	8	5	3100
40612	22	16	3540
40621	1	1	2190
40622	2	2	2490
40629	407	287	4800
40630	8	8	3100
40634	189	120	4470
40635	1759	833	5440
40636	1104	487	5240
40637	350	225	4740
40638	1	1	2190
40644	7	4	3040
40648	28	4	3640
40650	35	26	3740
40653	1	1	2190
40655	41	37	3810
40656	3	2	2670
40657	6	4	2970
40659	5	5	2890
40661	2	2	2490
40666	1	1	2190
40676	2	2	2490
40681	13	6	3310
40692	10	9	3190
40694	5	3	2890
40695	385	277	4780
40699	333	287	4720
40700	146	120	4360
40701	366	186	4760
40703	227	180	4550
40704	510	350	4900
40705	288	204	4650
40706	1	1	2190
40707	371	294	4760
40708	324	233	4700
40709	22	16	3540
40713	47	19	3860
40716	4	4	2790
40719	1	1	2190
40720	1	1	2190
40721	320	267	4700
40722	2636	1601	5610
40723	901	514	5150
40724	154	139	4380
40726	227	139	4550
40727	12	12	3270
40729	33	30	3710
40730	9	8	3150
40733	6	3	2970
40734	8	5	3100
40736	5	5	2890
40738	5	5	2890
40739	2	2	2490
40740	2	2	2490
40749	153	120	4380
40753	1	1	2190
40754	1	1	2190
40755	27	9	3620
40756	1	1	2190
40757	4	3	2790
40758	1	1	2190
40759	7	5	3040
40768	2	2	2490
40769	3	3	2670
40772	4	4	2790
40776	1	1	2190
40777	3	3	2670
40779	5	5	2890
40780	14	12	3340
40786	518	298	4910
40787	1	1	2190
40791	1	1	2190
40792	1	1	2190
40793	1	1	2190
40795	1833	763	5460
40796	568	296	4950
40799	14	12	3340
40805	22	10	3540
40809	655	352	5010
40810	571	341	4950
40811	219	141	4530
40813	27	11	3620
40814	4	2	2790
40816	19	17	3470
40817	2	2	2490
40818	6	4	2970
40819	1	1	2190
40821	642	354	5000
40822	18	17	3450
40826	1	1	2190
40840	2	2	2490
40845	5	4	2890
40851	2	2	2490
40856	1	1	2190
40861	1	1	2190
40867	43	29	3830
40873	2	1	2490
40874	1152	804	5250
40875	130	71	4310
40879	4	2	2790
40881	333	241	4720
40882	190	144	4470
40883	11	10	3230
40884	10	7	3190
40892	1	1	2190
40893	380	280	4770
40894	17	15	3420
40896	9	8	3150
40897	10411	5094	6210
40899	2	2	2490
40900	1552	796	5380
40901	40	26	3790
40904	139	90	4340
40905	296	200	4660
40909	11	11	3230
40910	59	47	3960
40911	216	172	4530
40914	8	8	3100
40916	12944	4856	6300
40920	23	23	3550
40923	1	1	2190
40925	33	22	3710
40926	352	198	4740
40927	467	250	4860
40928	1	1	2190
40930	74	47	4060
40932	8	8	3100
40933	1	1	2190
40935	294	152	4660
40936	763	274	5080
40937	323	180	4700
40941	1	1	2190
40944	18	17	3450
40948	1	1	2190
40969	4	3	2790
40971	6	5	2970
40974	6	4	2970
40975	209	130	4510
40976	153	117	4380
40977	4	3	2790
40978	1	1	2190
40980	2	2	2490
40986	43	37	3830
40988	3	3	2670
40990	1049	695	5210
40995	1	1	2190
40996	1	1	2190
40999	376	210	4770
41000	147	95	4360
41002	3	3	2670
41008	32	28	3700
41009	10	9	3190
41011	159	125	4390
41013	2	2	2490
41018	2	2	2490
41020	1	1	2190
41024	1	1	2190
41025	13	9	3310
41026	3	3	2670
41027	18	16	3450
41028	39	34	3780
41029	44	34	3840
41030	1	1	2190
41033	35	33	3740
41035	12	12	3270
41037	1255	1058	5290
41039	3	2	2670
41040	38	33	3770
41043	8	7	3100
41044	9	6	3150
41046	51	41	3900
41047	215	118	4530
41048	53	42	3920
41049	2	2	2490
41050	66	53	4010
41055	1	1	2190
41060	1	1	2190
41061	25	14	3590
41062	55	45	3930
41063	11	11	3230
41069	1	1	2190
41070	1	1	2190
41071	2	2	2490
41077	148	53	4360
41079	4	4	2790
41082	3	3	2670
41086	7	6	3040
41087	2	2	2490
41089	27	17	3620
41090	3	3	2670
41099	1	1	2190
41100	2	1	2490
41102	74	36	4060
41103	253	192	4600
41104	1	1	2190
41107	113	94	4250
41108	3	3	2670
41111	5	5	2890
41115	629	621	4990
41116	4	4	2790
41119	60	54	3970
41120	1	1	2190
41123	165	128	4410
41124	733	531	5060
41125	589	305	4960
41127	30	14	3670
41128	4	4	2790
41129	1	1	2190
41131	3	2	2670
41132	1	1	2190
41133	212	85	4520
41134	14	8	3340
41136	3	2	2670
41139	8	8	3100
41140	4	4	2790
41141	11	11	3230
41143	214	132	4520
41144	27	26	3620
41145	1684	708	5420
41146	213	143	4520
41150	1	1	2190
41156	3	3	2670
41158	4	4	2790
41163	42	33	3820
41165	19	15	3470
41169	1	1	2190
41170	2	2	2490
41171	41	24	3810
41172	70	42	4040
41174	4	3	2790
41175	8	7	3100
41176	3	3	2670
41178	1	1	2190
41179	15	15	3370
41180	441	270	4840
41181	1613	961	5400
41182	349	218	4740
41183	1879	337	5470
41184	158	132	4390
41186	18	17	3450
41189	42	33	3820
41191	4	3	2790
41192	2	2	2490
41193	1	1	2190
41197	1	1	2190
41198	95	67	4170
41199	553	345	4940
41200	2	2	2490
41203	1	1	2190
41204	1	1	2190
41209	10	10	3190
41210	3	3	2670
41211	3	2	2670
41213	1	1	2190
41215	1	1	2190
41220	2	2	2490
41226	9	9	3150
41227	877	490	5140
41228	12118	6953	6280
41229	898	420	5150
41233	749	576	5070
41236	2161	1355	5530
41237	7	6	3040
41238	1	1	2190
41239	1	1	2190
41240	1	1	2190
41241	246	135	4580
41242	23	23	3550
41246	3	3	2670
41247	88	38	4140
41249	4	4	2790
41251	17	11	3420
41252	14	14	3340
41255	361	266	4750
41256	20	9	3490
41257	1	1	2190
41258	16	14	3400
41260	1115	608	5240
41261	1199	494	5270
41263	1	1	2190
41264	3	3	2670
41266	1	1	2190
41268	273	132	4630
41269	59	52	3960
41270	323	127	4700
41271	292	152	4660
41272	3	2	2670
41273	1	1	2190
41277	3	3	2670
41278	19	17	3470
41284	1	1	2190
41286	2	2	2490
41290	1	1	2190
41291	5	5	2890
41293	351	208	4740
41294	62	54	3990
41295	374	374	4770
41296	622	359	4990
41306	1	1	2190
41308	3	3	2670
41309	7	6	3040
41311	1	1	2190
41313	12	8	3270
41314	1	1	2190
41317	2	1	2490
41318	3	2	2670
41320	2	2	2490
41324	10	5	3190
41325	1	1	2190
41327	4	3	2790
41329	8	7	3100
41331	4	3	2790
41337	3	3	2670
41338	1	1	2190
41339	28	25	3640
41341	2	2	2490
41345	7	6	3040
41346	21	18	3510
41350	17	14	3420
41351	5	4	2890
41354	1	1	2190
41357	1	1	2190
41358	41	25	3810
41360	1	1	2190
41366	177093	26609	7440
41367	1	1	2190
41368	13	10	3310
41370	2	2	2490
41371	24	18	3570
41373	145	75	4350
41374	126	77	4290
41375	24	10	3570
41376	15	14	3370
41378	4	4	2790
41379	8	8	3100
41381	772	513	5080
41382	2	1	2490
41384	29	17	3660
41385	54	31	3930
41386	1	1	2190
41387	2	1	2490
41388	40	30	3790
41391	62	39	3990
41393	12	6	3270
41394	1	1	2190
41395	2	2	2490
41398	1	1	2190
41399	17	5	3420
41401	11	11	3230
41402	1	1	2190
41403	1	1	2190
41405	1	1	2190
41409	30	17	3670
41410	3	3	2670
41413	802	204	5100
41414	21	13	3510
41416	1	1	2190
41417	4	4	2790
41422	17	16	3420
41426	11	8	3230
41427	2	2	2490
41430	286	152	4650
41431	116	91	4260
41432	6	6	2970
41434	83	50	4110
41435	1	1	2190
41442	36	19	3750
41449	6	3	2970
41454	177	106	4440
41455	3	2	2670
41456	8	8	3100
41457	20	14	3490
41462	1	1	2190
41465	44	24	3840
41467	462	220	4860
41468	65	33	4010
41469	3	2	2670
41470	3	3	2670
41475	9	9	3150
41478	163	121	4400
41479	43	33	3830
41480	516	326	4910
41482	1	1	2190
41483	13	11	3310
41484	1	1	2190
41486	13	10	3310
41489	10	7	3190
41490	25	11	3590
41491	2	2	2490
41493	240	161	4570
41494	5	5	2890
41496	301	151	4670
41497	265	180	4620
41498	8	7	3100
41499	2	2	2490
41501	1	1	2190
41502	17	15	3420
41506	15	10	3370
41514	26	8	3610
41520	302	224	4670
41521	10374	10367	6210
41522	256	235	4600
41523	1	1	2190
41524	6	5	2970
41529	1	1	2190
41530	26	14	3610
41531	59	40	3960
41534	2	1	2490
41537	1	1	2190
41542	11	3	3230
41545	3	2	2670
41547	3	3	2670
41548	1	1	2190
41550	125	96	4290
41551	28	25	3640
41553	1	1	2190
41554	253	151	4600
41555	214	155	4520
41556	1	1	2190
41557	5	3	2890
41558	155	154	4380
41560	4	4	2790
41569	2	1	2490
41576	1	1	2190
41577	3	3	2670
41578	21	19	3510
41579	23	20	3550
41580	98	83	4180
41585	6	5	2970
41589	58	51	3960
41592	3	3	2670
41597	10	9	3190
41600	1	1	2190
41602	5	4	2890
41607	7	5	3040
41608	11	7	3230
41609	3	3	2670
41620	1	1	2190
41631	3	3	2670
41633	2	2	2490
41634	1	1	2190
41641	241	130	4570
41642	16	12	3400
41644	4	4	2790
41645	3	3	2670
41649	232	126	4560
41650	1	1	2190
41651	1	1	2190
41653	2	2	2490
41657	2	2	2490
41658	1	1	2190
41661	2	1	2490
41662	2	2	2490
41664	3	3	2670
41685	2	2	2490
41691	14	11	3340
41694	5	4	2890
41697	1	1	2190
41698	1	1	2190
41711	1	1	2190
41713	2	2	2490
41718	1	1	2190
41719	63	55	3990
41720	53	15	3920
41721	9	7	3150
41728	24	17	3570
41731	2	2	2490
41733	6	5	2970
41734	18	15	3450
41744	4	4	2790
41764	3	3	2670
41765	1	1	2190
41766	8	4	3100
41772	53	45	3920
41782	2798	1111	5640
41783	49	34	3880
41785	12	11	3270
41786	1	1	2190
41789	1	1	2190
41791	38	27	3770
41797	201	168	4500
41801	31	22	3680
41802	1	1	2190
41804	2	1	2490
41808	1	1	2190
41809	8	5	3100
41810	32	28	3700
41815	141	95	4340
41817	17	17	3420
41818	2	2	2490
41824	9	9	3150
41837	4	4	2790
41839	1	1	2190
41842	1	1	2190
41847	3	3	2670
41849	1	1	2190
41853	319	242	4700
41858	84	65	4120
41859	205	129	4500
41860	6	6	2970
41861	4	3	2790
41863	4026	1583	5800
41864	628	294	4990
41865	229	146	4550
41866	1	1	2190
41867	1	1	2190
41868	2	2	2490
41871	1	1	2190
41873	211	172	4520
41876	3	3	2670
41878	15	10	3370
41880	3	2	2670
41881	1	1	2190
41882	1	1	2190
41884	3	2	2670
41885	283	208	4640
41886	3	3	2670
41887	6	3	2970
41888	29	25	3660
41889	8	7	3100
41890	1	1	2190
41891	14	2	3340
41892	26	24	3610
41893	425	367	4820
41896	32	29	3700
41897	1	1	2190
41901	3	3	2670
41904	13	11	3310
41906	14	12	3340
41907	1	1	2190
41908	11	6	3230
41910	1	1	2190
41911	7	7	3040
41912	13	9	3310
41918	3	2	2670
41919	1	1	2190
41920	46	32	3860
41922	6	5	2970
41930	8	6	3100
41931	605	473	4970
41933	122	115	4280
41934	2	2	2490
41936	8	8	3100
41937	2	2	2490
41938	1	1	2190
41941	1	1	2190
41942	1	1	2190
41945	12	12	3270
41950	4	4	2790
41952	1	1	2190
41953	1	1	2190
41955	40	34	3790
41956	11	11	3230
41957	163	49	4400
41958	66	48	4010
41963	2	2	2490
41972	45	38	3850
41974	41	32	3810
41975	15	14	3370
41981	4	4	2790
41985	1	1	2190
41993	1	1	2190
41994	171	116	4430
41995	2	2	2490
41996	13	12	3310
42001	4	4	2790
42003	1	1	2190
42008	2	2	2490
42013	1	1	2190
42022	2	2	2490
42024	2	2	2490
42031	344	165	4730
42034	1	1	2190
42044	1	1	2190
42047	61	50	3980
42049	69	57	4030
42050	732	446	5060
42051	90	73	4150
42054	3	3	2670
42055	24	21	3570
42071	64	44	4000
42077	1	1	2190
42078	1	1	2190
42079	13	13	3310
42085	4	4	2790
42087	210	99	4510
42089	9	7	3150
42090	9	9	3150
42092	1	1	2190
42093	5	4	2890
42101	2	2	2490
42102	1	1	2190
42103	7	7	3040
42106	2	2	2490
42107	1	1	2190
42108	23	11	3550
42111	103	51	4210
42112	19	14	3470
42116	1	1	2190
42117	5	5	2890
42121	6	4	2970
42122	2	2	2490
42123	2	2	2490
42124	4	4	2790
42132	7	7	3040
42136	10	10	3190
42143	2	2	2490
42149	18	15	3450
42150	56	25	3940
42151	296	83	4660
42152	2	1	2490
42157	99	64	4190
42159	3	2	2670
42160	5	2	2890
42161	51	42	3900
42162	2	2	2490
42163	1	1	2190
42165	1	1	2190
42170	1	1	2190
42176	1	1	2190
42177	83	67	4110
42178	823	440	5110
42179	143	119	4350
42182	216	123	4530
42183	18	16	3450
42191	120	67	4270
42192	2	2	2490
42193	7	6	3040
42194	1	1	2190
42195	4	4	2790
42197	4	3	2790
42203	1	1	2190
42212	7	7	3040
42214	1	1	2190
42216	2	2	2490
42220	5	1	2890
42221	6	6	2970
42222	5	4	2890
42228	33	32	3710
42231	6	6	2970
42237	1	1	2190
42238	45	40	3850
42239	137	86	4330
42241	31	21	3680
42245	66	50	4010
42246	25	23	3590
42256	7	6	3040
42260	29	27	3660
42261	199	157	4490
42262	1	1	2190
42265	51	42	3900
42267	1	1	2190
42269	2	2	2490
42271	13	11	3310
42272	1	1	2190
42275	2034	581	5500
42276	249	195	4590
42277	129	119	4300
42279	1	1	2190
42280	15	12	3370
42282	1	1	2190
42283	56	19	3940
42285	11	6	3230
42286	6	4	2970
42289	52	32	3910
42292	30	22	3670
42294	376	259	4770
42296	1	1	2190
42298	1	1	2190
42299	8	4	3100
42300	1	1	2190
42301	12	12	3270
42303	6	6	2970
42305	214	135	4520
42307	1	1	2190
42309	5	5	2890
42310	47	39	3860
42312	1	1	2190
42316	22	19	3540
42322	199	153	4490
42324	78	67	4080
42330	2	2	2490
42332	160	115	4400
42336	5	4	2890
42339	19	14	3470
42340	8	7	3100
42341	4	3	2790
42342	4	4	2790
42343	6	6	2970
42350	7	7	3040
42354	6	4	2970
42356	2	2	2490
42362	1	1	2190
42365	140	121	4340
42366	608	443	4980
42368	232	179	4560
42371	145	124	4350
42374	1	1	2190
42375	1	1	2190
42381	44	39	3840
42384	8	7	3100
42385	4	4	2790
42387	13	11	3310
42390	3	3	2670
42395	3	3	2670
42396	2	2	2490
42397	1	1	2190
42401	11	7	3230
42402	9	9	3150
42407	34	24	3720
